code_insee,nom_commune,dep,epci_siren,epci_nom,epci_nature,pop_commune,apl_generaliste,densite_cardio_100k,densite_dermato_100k,densite_ophtalmo_100k,densite_gyneco_100k,age_moyen_medecin,t_generaliste,tension_specialistes,t_age,score_tension,rang_epci_pct
75056,Paris,75,200054781,Métropole du Grand Paris,METRO,2113705,4.9569494503268805,15.848947700838103,14.760810993019366,17.64673878332123,25.35831632134096,51.7,0.0,0.0,0.5135135135135147,17.1,0.01
77001,Achères-la-Forêt,77,200072346,CA du Pays de Fontainebleau,CA,1183,1.693,4.819612241539687,1.1704772586596384,4.8884638449902535,4.6819090346385535,53.2,0.788648479147068,0.8591162424904532,0.9189189189189197,85.6,0.96
77002,Amillis,77,200090504,CA Coulommiers Pays de Brie,CA,821,2.694,4.819612241539687,1.1704772586596384,4.8884638449902535,4.6819090346385535,53.2,0.4747569771088116,0.8591162424904532,0.9189189189189197,75.1,0.08
77003,Amponville,77,200023240,CC Pays de Nemours,CC,351,1.614,4.819612241539687,1.1704772586596384,4.8884638449902535,4.6819090346385535,53.2,0.8134211351520853,0.8591162424904532,0.9189189189189197,86.4,1.0
77004,Andrezel,77,200070779,CC Brie des Rivières et Châteaux,CC,324,1.413,4.819612241539687,1.1704772586596384,4.8884638449902535,4.6819090346385535,53.2,0.876450297899028,0.8591162424904532,0.9189189189189197,88.5,0.87
77005,Annet-sur-Marne,77,200033090,CC Plaines et Monts de France,CC,3329,2.466,4.819612241539687,1.1704772586596384,4.8884638449902535,4.6819090346385535,53.2,0.546252743806836,0.8591162424904532,0.9189189189189197,77.5,0.45
77006,Arbonne-la-Forêt,77,200072346,CA du Pays de Fontainebleau,CA,1007,1.356,4.819612241539687,1.1704772586596384,4.8884638449902535,4.6819090346385535,53.2,0.894324239573534,0.8591162424904532,0.9189189189189197,89.1,1.0
77007,Argentières,77,200070779,CC Brie des Rivières et Châteaux,CC,352,1.513,4.819612241539687,1.1704772586596384,4.8884638449902535,4.6819090346385535,53.2,0.8450925054876137,0.8591162424904532,0.9189189189189197,87.4,0.69
77008,Armentières-en-Brie,77,247700065,CC du Pays de l'Ourcq,CC,1196,1.426,4.819612241539687,1.1704772586596384,4.8884638449902535,4.6819090346385535,53.2,0.8723737848855442,0.8591162424904532,0.9189189189189197,88.3,0.86
77009,Arville,77,200023919,CC Gâtinais Val de Loing,CC,140,1.941,4.819612241539687,1.1704772586596384,4.8884638449902535,4.6819090346385535,53.2,0.7108811539667608,0.8591162424904532,0.9189189189189197,83.0,0.45
77010,Aubepierre-Ozouer-le-Repos,77,247700701,CC Brie Nangissienne,CC,965,1.861,4.819612241539687,1.1704772586596384,4.8884638449902535,4.6819090346385535,53.2,0.7359673878958921,0.8591162424904532,0.9189189189189197,83.8,0.2
77011,Aufferville,77,200023919,CC Gâtinais Val de Loing,CC,482,2.93,4.819612241539687,1.1704772586596384,4.8884638449902535,4.6819090346385535,53.2,0.400752587017874,0.8591162424904532,0.9189189189189197,72.6,0.05
77012,Augers-en-Brie,77,200037133,CC du Provinois,CC,275,0.546,4.819612241539687,1.1704772586596384,4.8884638449902535,4.6819090346385535,53.2,1.0,0.8591162424904532,0.9189189189189197,92.6,0.94
77013,Aulnoy,77,200090504,CA Coulommiers Pays de Brie,CA,363,2.661,4.819612241539687,1.1704772586596384,4.8884638449902535,4.6819090346385535,53.2,0.48510504860457826,0.8591162424904532,0.9189189189189197,75.4,0.11
77014,Avon,77,200072346,CA du Pays de Fontainebleau,CA,13526,3.481,4.819612241539687,1.1704772586596384,4.8884638449902535,4.6819090346385535,53.2,0.22797115083098163,0.8591162424904532,0.9189189189189197,66.9,0.04
77015,Baby,77,200040251,CC Bassée-Montois,CC,112,1.247,4.819612241539687,1.1704772586596384,4.8884638449902535,4.6819090346385535,53.2,0.9285042333019755,0.8591162424904532,0.9189189189189197,90.2,0.79
77016,Bagneaux-sur-Loing,77,200023240,CC Pays de Nemours,CC,1582,2.208,4.819612241539687,1.1704772586596384,4.8884638449902535,4.6819090346385535,53.2,0.6271558482282847,0.8591162424904532,0.9189189189189197,80.2,0.62
77018,Bailly-Romainvilliers,77,247700339,CA Val d'Europe Agglomération,CA,7049,2.297,4.819612241539687,1.1704772586596384,4.8884638449902535,4.6819090346385535,53.2,0.5992474129821261,0.8591162424904532,0.9189189189189197,79.2,0.55
77019,Balloy,77,200040251,CC Bassée-Montois,CC,351,1.026,4.819612241539687,1.1704772586596384,4.8884638449902535,4.6819090346385535,53.2,0.997804954531201,0.8591162424904532,0.9189189189189197,92.5,1.0
77020,Bannost-Villegagnon,77,200037133,CC du Provinois,CC,658,1.443,4.819612241539687,1.1704772586596384,4.8884638449902535,4.6819090346385535,53.2,0.8670429601756037,0.8591162424904532,0.9189189189189197,88.2,0.74
77021,Barbey,77,247700107,CC Pays de Montereau,CC,151,1.633,4.819612241539687,1.1704772586596384,4.8884638449902535,4.6819090346385535,53.2,0.8074631545939166,0.8591162424904532,0.9189189189189197,86.2,0.76
77022,Barbizon,77,200072346,CA du Pays de Fontainebleau,CA,1265,2.239,4.819612241539687,1.1704772586596384,4.8884638449902535,4.6819090346385535,53.2,0.6174349325807464,0.8591162424904532,0.9189189189189197,79.8,0.54
77023,Barcy,77,200072130,CA du Pays de Meaux,CA,375,3.127,4.819612241539687,1.1704772586596384,4.8884638449902535,4.6819090346385535,53.2,0.338977735967388,0.8591162424904532,0.9189189189189197,70.6,0.15
77024,Bassevelle,77,200090504,CA Coulommiers Pays de Brie,CA,385,1.631,4.819612241539687,1.1704772586596384,4.8884638449902535,4.6819090346385535,53.2,0.8080903104421449,0.8591162424904532,0.9189189189189197,86.2,0.91
77025,Bazoches-lès-Bray,77,200040251,CC Bassée-Montois,CC,889,1.193,4.819612241539687,1.1704772586596384,4.8884638449902535,4.6819090346385535,53.2,0.9454374412041393,0.8591162424904532,0.9189189189189197,90.8,0.88
77026,Beauchery-Saint-Martin,77,200037133,CC du Provinois,CC,374,1.494,4.819612241539687,1.1704772586596384,4.8884638449902535,4.6819090346385535,53.2,0.8510504860457824,0.8591162424904532,0.9189189189189197,87.6,0.67
77027,Beaumont-du-Gâtinais,77,200023919,CC Gâtinais Val de Loing,CC,1136,1.792,4.819612241539687,1.1704772586596384,4.8884638449902535,4.6819090346385535,53.2,0.757604264659768,0.8591162424904532,0.9189189189189197,84.5,0.6
77029,Beauvoir,77,200070779,CC Brie des Rivières et Châteaux,CC,185,1.732,4.819612241539687,1.1704772586596384,4.8884638449902535,4.6819090346385535,53.2,0.7764189401066166,0.8591162424904532,0.9189189189189197,85.1,0.48
77030,Bellot,77,200072544,CC des Deux Morin,CC,776,0.84,4.819612241539687,1.1704772586596384,4.8884638449902535,4.6819090346385535,53.2,1.0,0.8591162424904532,0.9189189189189197,92.6,0.9
77031,Bernay-Vilbert,77,200072874,CC Val Briard,CC,991,2.789,4.819612241539687,1.1704772586596384,4.8884638449902535,4.6819090346385535,53.2,0.444967074317968,0.8591162424904532,0.9189189189189197,74.1,0.05
77032,Beton-Bazoches,77,200037133,CC du Provinois,CC,912,1.781,4.819612241539687,1.1704772586596384,4.8884638449902535,4.6819090346385535,53.2,0.7610536218250236,0.8591162424904532,0.9189189189189197,84.6,0.56
77033,Bezalles,77,200037133,CC du Provinois,CC,224,1.384,4.819612241539687,1.1704772586596384,4.8884638449902535,4.6819090346385535,53.2,0.8855440576983381,0.8591162424904532,0.9189189189189197,88.8,0.77
77034,Blandy,77,200070779,CC Brie des Rivières et Châteaux,CC,769,1.519,4.819612241539687,1.1704772586596384,4.8884638449902535,4.6819090346385535,53.2,0.843211037942929,0.8591162424904532,0.9189189189189197,87.4,0.69
77035,Blennes,77,247700107,CC Pays de Montereau,CC,546,1.183,4.819612241539687,1.1704772586596384,4.8884638449902535,4.6819090346385535,53.2,0.9485732204452807,0.8591162424904532,0.9189189189189197,90.9,0.9
77036,Boisdon,77,200037133,CC du Provinois,CC,135,1.467,4.819612241539687,1.1704772586596384,4.8884638449902535,4.6819090346385535,53.2,0.8595170899968643,0.8591162424904532,0.9189189189189197,87.9,0.72
77037,Bois-le-Roi,77,200072346,CA du Pays de Fontainebleau,CA,6026,2.548,4.819612241539687,1.1704772586596384,4.8884638449902535,4.6819090346385535,53.2,0.5205393540294764,0.8591162424904532,0.9189189189189197,76.6,0.35
77038,Boissettes,77,247700057,CA Melun Val de Seine,CA,432,2.088,4.819612241539687,1.1704772586596384,4.8884638449902535,4.6819090346385535,53.2,0.6647851991219818,0.8591162424904532,0.9189189189189197,81.4,0.6
77039,Boissise-la-Bertrand,77,247700057,CA Melun Val de Seine,CA,1194,2.363,4.819612241539687,1.1704772586596384,4.8884638449902535,4.6819090346385535,53.2,0.5785512699905927,0.8591162424904532,0.9189189189189197,78.6,0.2
77040,Boissise-le-Roi,77,247700057,CA Melun Val de Seine,CA,3828,1.729,4.819612241539687,1.1704772586596384,4.8884638449902535,4.6819090346385535,53.2,0.777359673878959,0.8591162424904532,0.9189189189189197,85.2,0.75
77041,Boissy-aux-Cailles,77,200072346,CA du Pays de Fontainebleau,CA,274,1.829,4.819612241539687,1.1704772586596384,4.8884638449902535,4.6819090346385535,53.2,0.7460018814675448,0.8591162424904532,0.9189189189189197,84.1,0.88
77042,Boissy-le-Châtel,77,200090504,CA Coulommiers Pays de Brie,CA,3313,2.015,4.819612241539687,1.1704772586596384,4.8884638449902535,4.6819090346385535,53.2,0.6876763875823142,0.8591162424904532,0.9189189189189197,82.2,0.7
77043,Boitron,77,200072544,CC des Deux Morin,CC,326,1.154,4.819612241539687,1.1704772586596384,4.8884638449902535,4.6819090346385535,53.2,0.9576669802445908,0.8591162424904532,0.9189189189189197,91.2,0.68
77044,Bombon,77,200070779,CC Brie des Rivières et Châteaux,CC,936,1.595,4.819612241539687,1.1704772586596384,4.8884638449902535,4.6819090346385535,53.2,0.819379115710254,0.8591162424904532,0.9189189189189197,86.6,0.58
77045,Bougligny,77,200023919,CC Gâtinais Val de Loing,CC,730,2.121,4.819612241539687,1.1704772586596384,4.8884638449902535,4.6819090346385535,53.2,0.6544371276262151,0.8591162424904532,0.9189189189189197,81.1,0.22
77046,Boulancourt,77,200023240,CC Pays de Nemours,CC,341,1.952,4.819612241539687,1.1704772586596384,4.8884638449902535,4.6819090346385535,53.2,0.7074317968015053,0.8591162424904532,0.9189189189189197,82.8,0.95
77047,Bouleurs,77,200090504,CA Coulommiers Pays de Brie,CA,1731,2.515,4.819612241539687,1.1704772586596384,4.8884638449902535,4.6819090346385535,53.2,0.530887425525243,0.8591162424904532,0.9189189189189197,77.0,0.26
77048,Bourron-Marlotte,77,200072346,CA du Pays de Fontainebleau,CA,2782,3.195,4.819612241539687,1.1704772586596384,4.8884638449902535,4.6819090346385535,53.2,0.3176544371276263,0.8591162424904532,0.9189189189189197,69.9,0.08
77049,Boutigny,77,200072130,CA du Pays de Meaux,CA,850,2.01,4.819612241539687,1.1704772586596384,4.8884638449902535,4.6819090346385535,53.2,0.6892442772028851,0.8591162424904532,0.9189189189189197,82.2,0.96
77050,Bransles,77,200023919,CC Gâtinais Val de Loing,CC,529,0.869,4.819612241539687,1.1704772586596384,4.8884638449902535,4.6819090346385535,53.2,1.0,0.8591162424904532,0.9189189189189197,92.6,0.9
77051,Bray-sur-Seine,77,200040251,CC Bassée-Montois,CC,2378,1.561,4.819612241539687,1.1704772586596384,4.8884638449902535,4.6819090346385535,53.2,0.8300407651301349,0.8591162424904532,0.9189189189189197,86.9,0.48
77052,Bréau,77,247700701,CC Brie Nangissienne,CC,371,1.716,4.819612241539687,1.1704772586596384,4.8884638449902535,4.6819090346385535,53.2,0.7814361868924429,0.8591162424904532,0.9189189189189197,85.3,0.4
77053,Brie-Comte-Robert,77,247700644,CC l'Orée de la Brie,CC,18999,2.295,4.819612241539687,1.1704772586596384,4.8884638449902535,4.6819090346385535,53.2,0.5998745688303544,0.8591162424904532,0.9189189189189197,79.3,0.75
77054,La Brosse-Montceaux,77,247700107,CC Pays de Montereau,CC,736,2.563,4.819612241539687,1.1704772586596384,4.8884638449902535,4.6819090346385535,53.2,0.5158356851677641,0.8591162424904532,0.9189189189189197,76.5,0.33
77055,Brou-sur-Chantereine,77,200057958,CA Paris - Vallée de la Marne,CA,5094,3.103,4.819612241539687,1.1704772586596384,4.8884638449902535,4.6819090346385535,53.2,0.3465036061461273,0.8591162424904532,0.9189189189189197,70.8,0.42
77056,Burcy,77,200023240,CC Pays de Nemours,CC,148,2.303,4.819612241539687,1.1704772586596384,4.8884638449902535,4.6819090346385535,53.2,0.5973659454374413,0.8591162424904532,0.9189189189189197,79.2,0.57
77057,Bussières,77,200090504,CA Coulommiers Pays de Brie,CA,573,1.763,4.819612241539687,1.1704772586596384,4.8884638449902535,4.6819090346385535,53.2,0.7666980244590782,0.8591162424904532,0.9189189189189197,84.8,0.87
77058,Bussy-Saint-Georges,77,247700594,CA Marne et Gondoire,CA,26334,3.35,4.819612241539687,1.1704772586596384,4.8884638449902535,4.6819090346385535,53.2,0.26904985888993416,0.8591162424904532,0.9189189189189197,68.2,0.25
77059,Bussy-Saint-Martin,77,247700594,CA Marne et Gondoire,CA,728,3.4,4.819612241539687,1.1704772586596384,4.8884638449902535,4.6819090346385535,53.2,0.2533709626842271,0.8591162424904532,0.9189189189189197,67.7,0.2
77060,Buthiers,77,200023240,CC Pays de Nemours,CC,771,2.145,4.819612241539687,1.1704772586596384,4.8884638449902535,4.6819090346385535,53.2,0.6469112574474758,0.8591162424904532,0.9189189189189197,80.8,0.71
77061,Cannes-Écluse,77,247700107,CC Pays de Montereau,CC,2742,2.602,4.819612241539687,1.1704772586596384,4.8884638449902535,4.6819090346385535,53.2,0.5036061461273127,0.8591162424904532,0.9189189189189197,76.1,0.29
77062,Carnetin,77,247700594,CA Marne et Gondoire,CA,457,1.976,4.819612241539687,1.1704772586596384,4.8884638449902535,4.6819090346385535,53.2,0.6999059266227659,0.8591162424904532,0.9189189189189197,82.6,0.8
77063,La Celle-sur-Morin,77,200090504,CA Coulommiers Pays de Brie,CA,1246,1.907,4.819612241539687,1.1704772586596384,4.8884638449902535,4.6819090346385535,53.2,0.7215428033866416,0.8591162424904532,0.9189189189189197,83.3,0.8
77065,Cély,77,200072346,CA du Pays de Fontainebleau,CA,1256,2.463,4.819612241539687,1.1704772586596384,4.8884638449902535,4.6819090346385535,53.2,0.5471934775791785,0.8591162424904532,0.9189189189189197,77.5,0.38
77066,Cerneux,77,200037133,CC du Provinois,CC,277,0.75,4.819612241539687,1.1704772586596384,4.8884638449902535,4.6819090346385535,53.2,1.0,0.8591162424904532,0.9189189189189197,92.6,0.94
77067,Cesson,77,200059228,CA Grand Paris Sud Seine Essonne Sénart,CA,11141,2.53,4.819612241539687,1.1704772586596384,4.8884638449902535,4.6819090346385535,53.2,0.526183756663531,0.8591162424904532,0.9189189189189197,76.8,0.76
77068,Cessoy-en-Montois,77,200040251,CC Bassée-Montois,CC,213,1.883,4.819612241539687,1.1704772586596384,4.8884638449902535,4.6819090346385535,53.2,0.7290686735653811,0.8591162424904532,0.9189189189189197,83.6,0.26
77069,Chailly-en-Bière,77,200072346,CA du Pays de Fontainebleau,CA,2172,2.233,4.819612241539687,1.1704772586596384,4.8884638449902535,4.6819090346385535,53.2,0.6193164001254312,0.8591162424904532,0.9189189189189197,79.9,0.58
77070,Chailly-en-Brie,77,200090504,CA Coulommiers Pays de Brie,CA,1557,3.0,4.819612241539687,1.1704772586596384,4.8884638449902535,4.6819090346385535,53.2,0.378802132329884,0.8591162424904532,0.9189189189189197,71.9,0.02
77071,Chaintreaux,77,200023919,CC Gâtinais Val de Loing,CC,831,1.579,4.819612241539687,1.1704772586596384,4.8884638449902535,4.6819090346385535,53.2,0.8243963624960804,0.8591162424904532,0.9189189189189197,86.7,0.7
77072,Chalautre-la-Grande,77,200037133,CC du Provinois,CC,657,2.312,4.819612241539687,1.1704772586596384,4.8884638449902535,4.6819090346385535,53.2,0.594543744120414,0.8591162424904532,0.9189189189189197,79.1,0.28
77073,Chalautre-la-Petite,77,200037133,CC du Provinois,CC,545,3.292,4.819612241539687,1.1704772586596384,4.8884638449902535,4.6819090346385535,53.2,0.28723737848855446,0.8591162424904532,0.9189189189189197,68.8,0.03
77075,Chalifert,77,247700594,CA Marne et Gondoire,CA,1581,1.876,4.819612241539687,1.1704772586596384,4.8884638449902535,4.6819090346385535,53.2,0.7312637190341801,0.8591162424904532,0.9189189189189197,83.6,0.85
77076,Chalmaison,77,200040251,CC Bassée-Montois,CC,758,1.852,4.819612241539687,1.1704772586596384,4.8884638449902535,4.6819090346385535,53.2,0.7387895892129195,0.8591162424904532,0.9189189189189197,83.9,0.31
77077,Chambry,77,200072130,CA du Pays de Meaux,CA,1051,2.919,4.819612241539687,1.1704772586596384,4.8884638449902535,4.6819090346385535,53.2,0.4042019441831295,0.8591162424904532,0.9189189189189197,72.7,0.27
77078,Chamigny,77,200090504,CA Coulommiers Pays de Brie,CA,1431,2.427,4.819612241539687,1.1704772586596384,4.8884638449902535,4.6819090346385535,53.2,0.5584822828472875,0.8591162424904532,0.9189189189189197,77.9,0.43
77079,Champagne-sur-Seine,77,247700032,CC Moret Seine et Loing,CC,6491,2.579,4.819612241539687,1.1704772586596384,4.8884638449902535,4.6819090346385535,53.2,0.5108184383819379,0.8591162424904532,0.9189189189189197,76.3,0.44
77080,Champcenest,77,200037133,CC du Provinois,CC,197,1.759,4.819612241539687,1.1704772586596384,4.8884638449902535,4.6819090346385535,53.2,0.7679523361555347,0.8591162424904532,0.9189189189189197,84.9,0.59
77081,Champdeuil,77,200070779,CC Brie des Rivières et Châteaux,CC,735,2.016,4.819612241539687,1.1704772586596384,4.8884638449902535,4.6819090346385535,53.2,0.6873628096582001,0.8591162424904532,0.9189189189189197,82.2,0.26
77082,Champeaux,77,200070779,CC Brie des Rivières et Châteaux,CC,814,1.273,4.819612241539687,1.1704772586596384,4.8884638449902535,4.6819090346385535,53.2,0.920351207275008,0.8591162424904532,0.9189189189189197,89.9,0.95
77083,Champs-sur-Marne,77,200057958,CA Paris - Vallée de la Marne,CA,26661,2.811,4.819612241539687,1.1704772586596384,4.8884638449902535,4.6819090346385535,53.2,0.43806835998745697,0.8591162424904532,0.9189189189189197,73.9,0.67
77084,Changis-sur-Marne,77,200090504,CA Coulommiers Pays de Brie,CA,1352,2.139,4.819612241539687,1.1704772586596384,4.8884638449902535,4.6819090346385535,53.2,0.6487927249921607,0.8591162424904532,0.9189189189189197,80.9,0.67
77085,Chanteloup-en-Brie,77,247700594,CA Marne et Gondoire,CA,4166,2.597,4.819612241539687,1.1704772586596384,4.8884638449902535,4.6819090346385535,53.2,0.5051740357478833,0.8591162424904532,0.9189189189189197,76.1,0.6
77086,La Chapelle-Gauthier,77,247700701,CC Brie Nangissienne,CC,1398,1.835,4.819612241539687,1.1704772586596384,4.8884638449902535,4.6819090346385535,53.2,0.7441204139228599,0.8591162424904532,0.9189189189189197,84.1,0.25
77087,La Chapelle-Iger,77,200072874,CC Val Briard,CC,191,1.566,4.819612241539687,1.1704772586596384,4.8884638449902535,4.6819090346385535,53.2,0.8284728755095642,0.8591162424904532,0.9189189189189197,86.9,0.88
77088,La Chapelle-la-Reine,77,200072346,CA du Pays de Fontainebleau,CA,2236,2.18,4.819612241539687,1.1704772586596384,4.8884638449902535,4.6819090346385535,53.2,0.6359360301034807,0.8591162424904532,0.9189189189189197,80.5,0.69
77089,La Chapelle-Rablais,77,247700701,CC Brie Nangissienne,CC,907,1.661,4.819612241539687,1.1704772586596384,4.8884638449902535,4.6819090346385535,53.2,0.7986829727187206,0.8591162424904532,0.9189189189189197,85.9,0.55
77090,La Chapelle-Saint-Sulpice,77,200037133,CC du Provinois,CC,239,2.404,4.819612241539687,1.1704772586596384,4.8884638449902535,4.6819090346385535,53.2,0.5656945751019129,0.8591162424904532,0.9189189189189197,78.1,0.26
77091,Les Chapelles-Bourbon,77,200072874,CC Val Briard,CC,464,1.861,4.819612241539687,1.1704772586596384,4.8884638449902535,4.6819090346385535,53.2,0.7359673878958921,0.8591162424904532,0.9189189189189197,83.8,0.57
77093,La Chapelle-Moutils,77,200072544,CC des Deux Morin,CC,405,0.543,4.819612241539687,1.1704772586596384,4.8884638449902535,4.6819090346385535,53.2,1.0,0.8591162424904532,0.9189189189189197,92.6,0.9
77094,Charmentray,77,200033090,CC Plaines et Monts de France,CC,294,3.072,4.819612241539687,1.1704772586596384,4.8884638449902535,4.6819090346385535,53.2,0.3562245217936657,0.8591162424904532,0.9189189189189197,71.1,0.15
77095,Charny,77,200033090,CC Plaines et Monts de France,CC,1584,2.441,4.819612241539687,1.1704772586596384,4.8884638449902535,4.6819090346385535,53.2,0.5540921919096897,0.8591162424904532,0.9189189189189197,77.7,0.5
77096,Chartrettes,77,200072346,CA du Pays de Fontainebleau,CA,2593,2.187,4.819612241539687,1.1704772586596384,4.8884638449902535,4.6819090346385535,53.2,0.6337409846346818,0.8591162424904532,0.9189189189189197,80.4,0.65
77097,Chartronges,77,200072544,CC des Deux Morin,CC,302,1.704,4.819612241539687,1.1704772586596384,4.8884638449902535,4.6819090346385535,53.2,0.7851991219818125,0.8591162424904532,0.9189189189189197,85.4,0.4
77098,Châteaubleau,77,247700701,CC Brie Nangissienne,CC,363,2.033,4.819612241539687,1.1704772586596384,4.8884638449902535,4.6819090346385535,53.2,0.6820319849482597,0.8591162424904532,0.9189189189189197,82.0,0.08
77099,Château-Landon,77,200023919,CC Gâtinais Val de Loing,CC,3150,1.457,4.819612241539687,1.1704772586596384,4.8884638449902535,4.6819090346385535,53.2,0.8626528692380057,0.8591162424904532,0.9189189189189197,88.0,0.75
77100,Le Châtelet-en-Brie,77,200070779,CC Brie des Rivières et Châteaux,CC,4231,1.639,4.819612241539687,1.1704772586596384,4.8884638449902535,4.6819090346385535,53.2,0.8055816870492318,0.8591162424904532,0.9189189189189197,86.1,0.52
77101,Châtenay-sur-Seine,77,200040251,CC Bassée-Montois,CC,1049,1.491,4.819612241539687,1.1704772586596384,4.8884638449902535,4.6819090346385535,53.2,0.8519912198181248,0.8591162424904532,0.9189189189189197,87.7,0.55
77102,Châtenoy,77,200023240,CC Pays de Nemours,CC,157,2.92,4.819612241539687,1.1704772586596384,4.8884638449902535,4.6819090346385535,53.2,0.4038883662590155,0.8591162424904532,0.9189189189189197,72.7,0.26
77103,Châtillon-la-Borde,77,200070779,CC Brie des Rivières et Châteaux,CC,224,1.871,4.819612241539687,1.1704772586596384,4.8884638449902535,4.6819090346385535,53.2,0.7328316086547508,0.8591162424904532,0.9189189189189197,83.7,0.42
77104,Châtres,77,200072874,CC Val Briard,CC,712,2.003,4.819612241539687,1.1704772586596384,4.8884638449902535,4.6819090346385535,53.2,0.691439322671684,0.8591162424904532,0.9189189189189197,82.3,0.48
77106,Chauffry,77,200090504,CA Coulommiers Pays de Brie,CA,1004,2.145,4.819612241539687,1.1704772586596384,4.8884638449902535,4.6819090346385535,53.2,0.6469112574474758,0.8591162424904532,0.9189189189189197,80.8,0.65
77107,Chaumes-en-Brie,77,200070779,CC Brie des Rivières et Châteaux,CC,3452,1.903,4.819612241539687,1.1704772586596384,4.8884638449902535,4.6819090346385535,53.2,0.7227971150830982,0.8591162424904532,0.9189189189189197,83.4,0.39
77108,Chelles,77,200057958,CA Paris - Vallée de la Marne,CA,54372,2.044,4.819612241539687,1.1704772586596384,4.8884638449902535,4.6819090346385535,53.2,0.678582627783004,0.8591162424904532,0.9189189189189197,81.9,1.0
77109,Chenoise-Cucharmoy,77,200037133,CC du Provinois,CC,1629,2.094,4.819612241539687,1.1704772586596384,4.8884638449902535,4.6819090346385535,53.2,0.662903731577297,0.8591162424904532,0.9189189189189197,81.4,0.46
77110,Chenou,77,200023919,CC Gâtinais Val de Loing,CC,295,2.001,4.819612241539687,1.1704772586596384,4.8884638449902535,4.6819090346385535,53.2,0.6920664785199122,0.8591162424904532,0.9189189189189197,82.3,0.32
77111,Chessy,77,247700339,CA Val d'Europe Agglomération,CA,7242,2.301,4.819612241539687,1.1704772586596384,4.8884638449902535,4.6819090346385535,53.2,0.5979931012856694,0.8591162424904532,0.9189189189189197,79.2,0.55
77112,Chevrainvilliers,77,200023240,CC Pays de Nemours,CC,255,2.92,4.819612241539687,1.1704772586596384,4.8884638449902535,4.6819090346385535,53.2,0.4038883662590155,0.8591162424904532,0.9189189189189197,72.7,0.26
77113,Chevru,77,200090504,CA Coulommiers Pays de Brie,CA,1026,2.455,4.819612241539687,1.1704772586596384,4.8884638449902535,4.6819090346385535,53.2,0.5497021009720916,0.8591162424904532,0.9189189189189197,77.6,0.33
77114,Chevry-Cossigny,77,247700644,CC l'Orée de la Brie,CC,4019,1.926,4.819612241539687,1.1704772586596384,4.8884638449902535,4.6819090346385535,53.2,0.7155848228284729,0.8591162424904532,0.9189189189189197,83.1,1.0
77115,Chevry-en-Sereine,77,247700107,CC Pays de Montereau,CC,504,1.128,4.819612241539687,1.1704772586596384,4.8884638449902535,4.6819090346385535,53.2,0.9658200062715585,0.8591162424904532,0.9189189189189197,91.5,1.0
77116,Choisy-en-Brie,77,200072544,CC des Deux Morin,CC,1331,2.137,4.819612241539687,1.1704772586596384,4.8884638449902535,4.6819090346385535,53.2,0.6494198808403888,0.8591162424904532,0.9189189189189197,80.9,0.19
77117,Citry,77,200090504,CA Coulommiers Pays de Brie,CA,924,1.479,4.819612241539687,1.1704772586596384,4.8884638449902535,4.6819090346385535,53.2,0.8557541549074945,0.8591162424904532,0.9189189189189197,87.8,0.96
77118,Claye-Souilly,77,200055655,CA Roissy Pays de France,CA,12381,3.054,4.819612241539687,1.1704772586596384,4.8884638449902535,4.6819090346385535,53.2,0.36186892442772034,0.8591162424904532,0.9189189189189197,71.3,0.38
77119,Clos-Fontaine,77,247700701,CC Brie Nangissienne,CC,235,1.577,4.819612241539687,1.1704772586596384,4.8884638449902535,4.6819090346385535,53.2,0.8250235183443086,0.8591162424904532,0.9189189189189197,86.8,0.6
77120,Cocherel,77,247700065,CC du Pays de l'Ourcq,CC,619,1.944,4.819612241539687,1.1704772586596384,4.8884638449902535,4.6819090346385535,53.2,0.7099404201944184,0.8591162424904532,0.9189189189189197,82.9,0.27
77121,Collégien,77,247700594,CA Marne et Gondoire,CA,3332,4.073,4.819612241539687,1.1704772586596384,4.8884638449902535,4.6819090346385535,53.2,0.04233301975540915,0.8591162424904532,0.9189189189189197,60.7,0.15
77122,Combs-la-Ville,77,200059228,CA Grand Paris Sud Seine Essonne Sénart,CA,22712,2.692,4.819612241539687,1.1704772586596384,4.8884638449902535,4.6819090346385535,53.2,0.47538413295703985,0.8591162424904532,0.9189189189189197,75.1,0.65
77123,Compans,77,200055655,CA Roissy Pays de France,CA,821,2.81,4.819612241539687,1.1704772586596384,4.8884638449902535,4.6819090346385535,53.2,0.4383819379115711,0.8591162424904532,0.9189189189189197,73.9,0.54
77124,Conches-sur-Gondoire,77,247700594,CA Marne et Gondoire,CA,1751,2.527,4.819612241539687,1.1704772586596384,4.8884638449902535,4.6819090346385535,53.2,0.5271244904358734,0.8591162424904532,0.9189189189189197,76.8,0.65
77125,Condé-Sainte-Libiaire,77,200090504,CA Coulommiers Pays de Brie,CA,1470,1.104,4.819612241539687,1.1704772586596384,4.8884638449902535,4.6819090346385535,53.2,0.9733458764502979,0.8591162424904532,0.9189189189189197,91.7,1.0
77126,Congis-sur-Thérouanne,77,247700065,CC du Pays de l'Ourcq,CC,1776,1.68,4.819612241539687,1.1704772586596384,4.8884638449902535,4.6819090346385535,53.2,0.7927249921605519,0.8591162424904532,0.9189189189189197,85.7,0.59
77127,Coubert,77,200070779,CC Brie des Rivières et Châteaux,CC,1942,1.45,4.819612241539687,1.1704772586596384,4.8884638449902535,4.6819090346385535,53.2,0.8648479147068047,0.8591162424904532,0.9189189189189197,88.1,0.79
77128,Couilly-Pont-aux-Dames,77,200090504,CA Coulommiers Pays de Brie,CA,2131,2.65,4.819612241539687,1.1704772586596384,4.8884638449902535,4.6819090346385535,53.2,0.4885544057698339,0.8591162424904532,0.9189189189189197,75.6,0.14
77129,Coulombs-en-Valois,77,247700065,CC du Pays de l'Ourcq,CC,579,1.125,4.819612241539687,1.1704772586596384,4.8884638449902535,4.6819090346385535,53.2,0.966760740043901,0.8591162424904532,0.9189189189189197,91.5,1.0
77130,Coulommes,77,200090504,CA Coulommiers Pays de Brie,CA,534,2.211,4.819612241539687,1.1704772586596384,4.8884638449902535,4.6819090346385535,53.2,0.6262151144559425,0.8591162424904532,0.9189189189189197,80.1,0.53
77131,Coulommiers,77,200090504,CA Coulommiers Pays de Brie,CA,15696,2.518,4.819612241539687,1.1704772586596384,4.8884638449902535,4.6819090346385535,53.2,0.5299466917529008,0.8591162424904532,0.9189189189189197,76.9,0.24
77132,Coupvray,77,247700339,CA Val d'Europe Agglomération,CA,3008,1.844,4.819612241539687,1.1704772586596384,4.8884638449902535,4.6819090346385535,53.2,0.7412982126058325,0.8591162424904532,0.9189189189189197,84.0,0.8
77133,Courcelles-en-Bassée,77,247700107,CC Pays de Montereau,CC,214,1.444,4.819612241539687,1.1704772586596384,4.8884638449902535,4.6819090346385535,53.2,0.8667293822514895,0.8591162424904532,0.9189189189189197,88.2,0.81
77134,Courchamp,77,200037133,CC du Provinois,CC,151,1.822,4.819612241539687,1.1704772586596384,4.8884638449902535,4.6819090346385535,53.2,0.7481969269363438,0.8591162424904532,0.9189189189189197,84.2,0.51
77135,Courpalay,77,200072874,CC Val Briard,CC,1497,2.228,4.819612241539687,1.1704772586596384,4.8884638449902535,4.6819090346385535,53.2,0.6208842897460018,0.8591162424904532,0.9189189189189197,80.0,0.29
77136,Courquetaine,77,200070779,CC Brie des Rivières et Châteaux,CC,187,1.471,4.819612241539687,1.1704772586596384,4.8884638449902535,4.6819090346385535,53.2,0.8582627783004076,0.8591162424904532,0.9189189189189197,87.9,0.74
77137,Courtacon,77,200037133,CC du Provinois,CC,244,1.277,4.819612241539687,1.1704772586596384,4.8884638449902535,4.6819090346385535,53.2,0.9190968955785513,0.8591162424904532,0.9189189189189197,89.9,0.79
77138,Courtomer,77,200072874,CC Val Briard,CC,568,1.795,4.819612241539687,1.1704772586596384,4.8884638449902535,4.6819090346385535,53.2,0.7566635308874256,0.8591162424904532,0.9189189189189197,84.5,0.62
77139,Courtry,77,200057958,CA Paris - Vallée de la Marne,CA,7107,3.371,4.819612241539687,1.1704772586596384,4.8884638449902535,4.6819090346385535,53.2,0.26246472248353725,0.8591162424904532,0.9189189189189197,68.0,0.33
77140,Coutençon,77,200040251,CC Bassée-Montois,CC,265,1.844,4.819612241539687,1.1704772586596384,4.8884638449902535,4.6819090346385535,53.2,0.7412982126058325,0.8591162424904532,0.9189189189189197,84.0,0.35
77141,Coutevroult,77,200090504,CA Coulommiers Pays de Brie,CA,1191,2.446,4.819612241539687,1.1704772586596384,4.8884638449902535,4.6819090346385535,53.2,0.5525243022891189,0.8591162424904532,0.9189189189189197,77.7,0.36
77142,Crécy-la-Chapelle,77,200090504,CA Coulommiers Pays de Brie,CA,4881,2.448,4.819612241539687,1.1704772586596384,4.8884638449902535,4.6819090346385535,53.2,0.5518971464408906,0.8591162424904532,0.9189189189189197,77.7,0.36
77143,Crégy-lès-Meaux,77,200072130,CA du Pays de Meaux,CA,5419,2.821,4.819612241539687,1.1704772586596384,4.8884638449902535,4.6819090346385535,53.2,0.43493258074631547,0.8591162424904532,0.9189189189189197,73.8,0.35
77144,Crèvecœur-en-Brie,77,200072874,CC Val Briard,CC,450,1.408,4.819612241539687,1.1704772586596384,4.8884638449902535,4.6819090346385535,53.2,0.8780181875195987,0.8591162424904532,0.9189189189189197,88.5,1.0
77145,Crisenoy,77,200070779,CC Brie des Rivières et Châteaux,CC,595,2.164,4.819612241539687,1.1704772586596384,4.8884638449902535,4.6819090346385535,53.2,0.6409532768893069,0.8591162424904532,0.9189189189189197,80.6,0.19
77146,Croissy-Beaubourg,77,200057958,CA Paris - Vallée de la Marne,CA,1969,3.878,4.819612241539687,1.1704772586596384,4.8884638449902535,4.6819090346385535,53.2,0.10348071495766697,0.8591162424904532,0.9189189189189197,62.7,0.08
77147,La Croix-en-Brie,77,247700701,CC Brie Nangissienne,CC,672,1.682,4.819612241539687,1.1704772586596384,4.8884638449902535,4.6819090346385535,53.2,0.7920978363123237,0.8591162424904532,0.9189189189189197,85.7,0.45
77148,Crouy-sur-Ourcq,77,247700065,CC du Pays de l'Ourcq,CC,1806,1.533,4.819612241539687,1.1704772586596384,4.8884638449902535,4.6819090346385535,53.2,0.8388209470053309,0.8591162424904532,0.9189189189189197,87.2,0.73
77150,Cuisy,77,200033090,CC Plaines et Monts de France,CC,471,2.333,4.819612241539687,1.1704772586596384,4.8884638449902535,4.6819090346385535,53.2,0.5879586077140169,0.8591162424904532,0.9189189189189197,78.9,0.57
77151,Dagny,77,200090504,CA Coulommiers Pays de Brie,CA,293,2.377,4.819612241539687,1.1704772586596384,4.8884638449902535,4.6819090346385535,53.2,0.5741611790529948,0.8591162424904532,0.9189189189189197,78.4,0.44
77152,Dammarie-les-Lys,77,247700057,CA Melun Val de Seine,CA,23252,1.682,4.819612241539687,1.1704772586596384,4.8884638449902535,4.6819090346385535,53.2,0.7920978363123237,0.8591162424904532,0.9189189189189197,85.7,0.8
77153,Dammartin-en-Goële,77,200055655,CA Roissy Pays de France,CA,11508,2.827,4.819612241539687,1.1704772586596384,4.8884638449902535,4.6819090346385535,53.2,0.4330511132016307,0.8591162424904532,0.9189189189189197,73.7,0.48
77154,Dammartin-sur-Tigeaux,77,200090504,CA Coulommiers Pays de Brie,CA,1268,1.613,4.819612241539687,1.1704772586596384,4.8884638449902535,4.6819090346385535,53.2,0.8137347130761995,0.8591162424904532,0.9189189189189197,86.4,0.93
77155,Dampmart,77,247700594,CA Marne et Gondoire,CA,3655,0.854,4.819612241539687,1.1704772586596384,4.8884638449902535,4.6819090346385535,53.2,1.0,0.8591162424904532,0.9189189189189197,92.6,1.0
77156,Darvault,77,200023240,CC Pays de Nemours,CC,946,2.945,4.819612241539687,1.1704772586596384,4.8884638449902535,4.6819090346385535,53.2,0.39604891815616194,0.8591162424904532,0.9189189189189197,72.5,0.14
77157,Dhuisy,77,247700065,CC du Pays de l'Ourcq,CC,330,1.637,4.819612241539687,1.1704772586596384,4.8884638449902535,4.6819090346385535,53.2,0.8062088428974601,0.8591162424904532,0.9189189189189197,86.1,0.64
77158,Diant,77,247700107,CC Pays de Montereau,CC,196,1.147,4.819612241539687,1.1704772586596384,4.8884638449902535,4.6819090346385535,53.2,0.9598620257133899,0.8591162424904532,0.9189189189189197,91.3,0.95
77159,Donnemarie-Dontilly,77,200040251,CC Bassée-Montois,CC,2726,1.354,4.819612241539687,1.1704772586596384,4.8884638449902535,4.6819090346385535,53.2,0.8949513954217623,0.8591162424904532,0.9189189189189197,89.1,0.71
77161,Dormelles,77,247700032,CC Moret Seine et Loing,CC,803,2.296,4.819612241539687,1.1704772586596384,4.8884638449902535,4.6819090346385535,53.2,0.5995609909062403,0.8591162424904532,0.9189189189189197,79.3,0.67
77162,Doue,77,200072544,CC des Deux Morin,CC,1119,2.021,4.819612241539687,1.1704772586596384,4.8884638449902535,4.6819090346385535,53.2,0.6857949200376294,0.8591162424904532,0.9189189189189197,82.1,0.26
77163,Douy-la-Ramée,77,247700065,CC du Pays de l'Ourcq,CC,388,2.092,4.819612241539687,1.1704772586596384,4.8884638449902535,4.6819090346385535,53.2,0.6635308874255252,0.8591162424904532,0.9189189189189197,81.4,0.18
77164,Échouboulains,77,200070779,CC Brie des Rivières et Châteaux,CC,557,2.211,4.819612241539687,1.1704772586596384,4.8884638449902535,4.6819090346385535,53.2,0.6262151144559425,0.8591162424904532,0.9189189189189197,80.1,0.13
77165,Les Écrennes,77,200070779,CC Brie des Rivières et Châteaux,CC,619,1.944,4.819612241539687,1.1704772586596384,4.8884638449902535,4.6819090346385535,53.2,0.7099404201944184,0.8591162424904532,0.9189189189189197,82.9,0.32
77167,Égligny,77,200040251,CC Bassée-Montois,CC,313,1.256,4.819612241539687,1.1704772586596384,4.8884638449902535,4.6819090346385535,53.2,0.9256820319849484,0.8591162424904532,0.9189189189189197,90.1,0.76
77168,Égreville,77,200023919,CC Gâtinais Val de Loing,CC,2164,0.674,4.819612241539687,1.1704772586596384,4.8884638449902535,4.6819090346385535,53.2,1.0,0.8591162424904532,0.9189189189189197,92.6,0.9
77169,Émerainville,77,200057958,CA Paris - Vallée de la Marne,CA,7536,3.542,4.819612241539687,1.1704772586596384,4.8884638449902535,4.6819090346385535,53.2,0.20884289746001894,0.8591162424904532,0.9189189189189197,66.2,0.25
77171,Esbly,77,247700339,CA Val d'Europe Agglomération,CA,6237,1.873,4.819612241539687,1.1704772586596384,4.8884638449902535,4.6819090346385535,53.2,0.7322044528065225,0.8591162424904532,0.9189189189189197,83.7,0.7
77172,Esmans,77,247700107,CC Pays de Montereau,CC,904,2.788,4.819612241539687,1.1704772586596384,4.8884638449902535,4.6819090346385535,53.2,0.44528065224208224,0.8591162424904532,0.9189189189189197,74.1,0.14
77173,Étrépilly,77,247700065,CC du Pays de l'Ourcq,CC,813,2.531,4.819612241539687,1.1704772586596384,4.8884638449902535,4.6819090346385535,53.2,0.5258701787394168,0.8591162424904532,0.9189189189189197,76.8,0.09
77174,Everly,77,200040251,CC Bassée-Montois,CC,570,2.048,4.819612241539687,1.1704772586596384,4.8884638449902535,4.6819090346385535,53.2,0.6773283160865475,0.8591162424904532,0.9189189189189197,81.8,0.17
77175,Évry-Grégy-sur-Yerre,77,200070779,CC Brie des Rivières et Châteaux,CC,3236,3.969,4.819612241539687,1.1704772586596384,4.8884638449902535,4.6819090346385535,53.2,0.07494512386328012,0.8591162424904532,0.9189189189189197,61.8,0.03
77176,Faremoutiers,77,200090504,CA Coulommiers Pays de Brie,CA,3035,2.439,4.819612241539687,1.1704772586596384,4.8884638449902535,4.6819090346385535,53.2,0.5547193477579179,0.8591162424904532,0.9189189189189197,77.8,0.4
77177,Favières,77,200072874,CC Val Briard,CC,1293,2.038,4.819612241539687,1.1704772586596384,4.8884638449902535,4.6819090346385535,53.2,0.680464095327689,0.8591162424904532,0.9189189189189197,81.9,0.36
77178,Faÿ-lès-Nemours,77,200023240,CC Pays de Nemours,CC,498,2.711,4.819612241539687,1.1704772586596384,4.8884638449902535,4.6819090346385535,53.2,0.4694261523988712,0.8591162424904532,0.9189189189189197,74.9,0.38
77179,Féricy,77,200070779,CC Brie des Rivières et Châteaux,CC,613,2.024,4.819612241539687,1.1704772586596384,4.8884638449902535,4.6819090346385535,53.2,0.684854186265287,0.8591162424904532,0.9189189189189197,82.1,0.23
77180,Férolles-Attilly,77,200023125,CC Les Portes Briardes Entre Villes et Forêts,CC,1251,2.655,4.819612241539687,1.1704772586596384,4.8884638449902535,4.6819090346385535,53.2,0.48698651614926325,0.8591162424904532,0.9189189189189197,75.5,0.4
77181,Ferrières-en-Brie,77,247700594,CA Marne et Gondoire,CA,3887,4.158,4.819612241539687,1.1704772586596384,4.8884638449902535,4.6819090346385535,53.2,0.01567889620570706,0.8591162424904532,0.9189189189189197,59.8,0.05
77182,La Ferté-Gaucher,77,200072544,CC des Deux Morin,CC,4762,1.377,4.819612241539687,1.1704772586596384,4.8884638449902535,4.6819090346385535,53.2,0.8877391031671371,0.8591162424904532,0.9189189189189197,88.9,0.61
77183,La Ferté-sous-Jouarre,77,200090504,CA Coulommiers Pays de Brie,CA,10004,2.161,4.819612241539687,1.1704772586596384,4.8884638449902535,4.6819090346385535,53.2,0.6418940106616495,0.8591162424904532,0.9189189189189197,80.7,0.61
77184,Flagy,77,247700032,CC Moret Seine et Loing,CC,594,2.024,4.819612241539687,1.1704772586596384,4.8884638449902535,4.6819090346385535,53.2,0.684854186265287,0.8591162424904532,0.9189189189189197,82.1,0.72
77185,Fleury-en-Bière,77,200072346,CA du Pays de Fontainebleau,CA,683,1.912,4.819612241539687,1.1704772586596384,4.8884638449902535,4.6819090346385535,53.2,0.7199749137660709,0.8591162424904532,0.9189189189189197,83.3,0.77
77186,Fontainebleau,77,200072346,CA du Pays de Fontainebleau,CA,15787,3.057,4.819612241539687,1.1704772586596384,4.8884638449902535,4.6819090346385535,53.2,0.36092819065537796,0.8591162424904532,0.9189189189189197,71.3,0.15
77187,Fontaine-Fourches,77,200040251,CC Bassée-Montois,CC,578,2.223,4.819612241539687,1.1704772586596384,4.8884638449902535,4.6819090346385535,53.2,0.6224521793665727,0.8591162424904532,0.9189189189189197,80.0,0.14
77188,Fontaine-le-Port,77,200070779,CC Brie des Rivières et Châteaux,CC,1014,2.196,4.819612241539687,1.1704772586596384,4.8884638449902535,4.6819090346385535,53.2,0.6309187833176544,0.8591162424904532,0.9189189189189197,80.3,0.16
77190,Fontains,77,247700701,CC Brie Nangissienne,CC,261,1.519,4.819612241539687,1.1704772586596384,4.8884638449902535,4.6819090346385535,53.2,0.843211037942929,0.8591162424904532,0.9189189189189197,87.4,0.7
77191,Fontenailles,77,247700701,CC Brie Nangissienne,CC,1090,1.553,4.819612241539687,1.1704772586596384,4.8884638449902535,4.6819090346385535,53.2,0.832549388523048,0.8591162424904532,0.9189189189189197,87.0,0.65
77192,Fontenay-Trésigny,77,200072874,CC Val Briard,CC,5887,2.232,4.819612241539687,1.1704772586596384,4.8884638449902535,4.6819090346385535,53.2,0.6196299780495453,0.8591162424904532,0.9189189189189197,79.9,0.24
77193,Forfry,77,200072130,CA du Pays de Meaux,CA,240,2.234,4.819612241539687,1.1704772586596384,4.8884638449902535,4.6819090346385535,53.2,0.6190028222013171,0.8591162424904532,0.9189189189189197,79.9,0.85
77194,Forges,77,247700107,CC Pays de Montereau,CC,432,2.774,4.819612241539687,1.1704772586596384,4.8884638449902535,4.6819090346385535,53.2,0.44967074317968014,0.8591162424904532,0.9189189189189197,74.3,0.19
77195,Fouju,77,200070779,CC Brie des Rivières et Châteaux,CC,631,1.579,4.819612241539687,1.1704772586596384,4.8884638449902535,4.6819090346385535,53.2,0.8243963624960804,0.8591162424904532,0.9189189189189197,86.7,0.63
77196,Fresnes-sur-Marne,77,200033090,CC Plaines et Monts de France,CC,947,2.57,4.819612241539687,1.1704772586596384,4.8884638449902535,4.6819090346385535,53.2,0.5136406396989652,0.8591162424904532,0.9189189189189197,76.4,0.4
77197,Frétoy,77,200037133,CC du Provinois,CC,173,1.79,4.819612241539687,1.1704772586596384,4.8884638449902535,4.6819090346385535,53.2,0.7582314205079963,0.8591162424904532,0.9189189189189197,84.5,0.54
77198,Fromont,77,200023240,CC Pays de Nemours,CC,230,2.161,4.819612241539687,1.1704772586596384,4.8884638449902535,4.6819090346385535,53.2,0.6418940106616495,0.8591162424904532,0.9189189189189197,80.7,0.67
77199,Fublaines,77,200072130,CA du Pays de Meaux,CA,1381,1.441,4.819612241539687,1.1704772586596384,4.8884638449902535,4.6819090346385535,53.2,0.8676701160238319,0.8591162424904532,0.9189189189189197,88.2,1.0
77200,Garentreville,77,200023240,CC Pays de Nemours,CC,123,2.334,4.819612241539687,1.1704772586596384,4.8884638449902535,4.6819090346385535,53.2,0.5876450297899027,0.8591162424904532,0.9189189189189197,78.9,0.52
77201,Gastins,77,247700701,CC Brie Nangissienne,CC,722,1.759,4.819612241539687,1.1704772586596384,4.8884638449902535,4.6819090346385535,53.2,0.7679523361555347,0.8591162424904532,0.9189189189189197,84.9,0.32
77202,La Genevraye,77,247700032,CC Moret Seine et Loing,CC,827,3.133,4.819612241539687,1.1704772586596384,4.8884638449902535,4.6819090346385535,53.2,0.3370962684227031,0.8591162424904532,0.9189189189189197,70.5,0.11
77203,Germigny-l'Évêque,77,200072130,CA du Pays de Meaux,CA,1350,2.581,4.819612241539687,1.1704772586596384,4.8884638449902535,4.6819090346385535,53.2,0.5101912825337097,0.8591162424904532,0.9189189189189197,76.3,0.62
77204,Germigny-sous-Coulombs,77,247700065,CC du Pays de l'Ourcq,CC,203,1.414,4.819612241539687,1.1704772586596384,4.8884638449902535,4.6819090346385535,53.2,0.8761367199749138,0.8591162424904532,0.9189189189189197,88.5,0.91
77205,Gesvres-le-Chapitre,77,200072130,CA du Pays de Meaux,CA,146,2.383,4.819612241539687,1.1704772586596384,4.8884638449902535,4.6819090346385535,53.2,0.5722797115083098,0.8591162424904532,0.9189189189189197,78.3,0.77
77206,Giremoutiers,77,200090504,CA Coulommiers Pays de Brie,CA,186,2.491,4.819612241539687,1.1704772586596384,4.8884638449902535,4.6819090346385535,53.2,0.5384132957039824,0.8591162424904532,0.9189189189189197,77.2,0.29
77207,Gironville,77,200023919,CC Gâtinais Val de Loing,CC,161,2.115,4.819612241539687,1.1704772586596384,4.8884638449902535,4.6819090346385535,53.2,0.6563185951709,0.8591162424904532,0.9189189189189197,81.1,0.22
77208,Gouaix,77,200040251,CC Bassée-Montois,CC,1320,2.649,4.819612241539687,1.1704772586596384,4.8884638449902535,4.6819090346385535,53.2,0.488867983693948,0.8591162424904532,0.9189189189189197,75.6,0.05
77209,Gouvernes,77,247700594,CA Marne et Gondoire,CA,1175,3.121,4.819612241539687,1.1704772586596384,4.8884638449902535,4.6819090346385535,53.2,0.3408592035120728,0.8591162424904532,0.9189189189189197,70.6,0.4
77210,La Grande-Paroisse,77,247700107,CC Pays de Montereau,CC,2899,2.273,4.819612241539687,1.1704772586596384,4.8884638449902535,4.6819090346385535,53.2,0.6067732831608654,0.8591162424904532,0.9189189189189197,79.5,0.43
77211,Grandpuits-Bailly-Carrois,77,247700701,CC Brie Nangissienne,CC,1014,1.666,4.819612241539687,1.1704772586596384,4.8884638449902535,4.6819090346385535,53.2,0.7971150830981499,0.8591162424904532,0.9189189189189197,85.8,0.5
77212,Gravon,77,200040251,CC Bassée-Montois,CC,158,1.68,4.819612241539687,1.1704772586596384,4.8884638449902535,4.6819090346385535,53.2,0.7927249921605519,0.8591162424904532,0.9189189189189197,85.7,0.4
77214,Gressy,77,200055655,CA Roissy Pays de France,CA,803,2.693,4.819612241539687,1.1704772586596384,4.8884638449902535,4.6819090346385535,53.2,0.4750705550329257,0.8591162424904532,0.9189189189189197,75.1,0.71
77215,Gretz-Armainvilliers,77,200023125,CC Les Portes Briardes Entre Villes et Forêts,CC,8682,1.679,4.819612241539687,1.1704772586596384,4.8884638449902535,4.6819090346385535,53.2,0.793038570084666,0.8591162424904532,0.9189189189189197,85.7,1.0
77216,Grez-sur-Loing,77,200023240,CC Pays de Nemours,CC,1457,3.826,4.819612241539687,1.1704772586596384,4.8884638449902535,4.6819090346385535,53.2,0.1197867670116024,0.8591162424904532,0.9189189189189197,63.3,0.05
77217,Grisy-Suisnes,77,200070779,CC Brie des Rivières et Châteaux,CC,2848,1.306,4.819612241539687,1.1704772586596384,4.8884638449902535,4.6819090346385535,53.2,0.9100031357792412,0.8591162424904532,0.9189189189189197,89.6,0.9
77218,Grisy-sur-Seine,77,200040251,CC Bassée-Montois,CC,115,1.52,4.819612241539687,1.1704772586596384,4.8884638449902535,4.6819090346385535,53.2,0.8428974600188147,0.8591162424904532,0.9189189189189197,87.4,0.51
77219,Guérard,77,200090504,CA Coulommiers Pays de Brie,CA,2669,1.894,4.819612241539687,1.1704772586596384,4.8884638449902535,4.6819090346385535,53.2,0.7256193164001254,0.8591162424904532,0.9189189189189197,83.5,0.81
77220,Guercheville,77,200023240,CC Pays de Nemours,CC,272,2.049,4.819612241539687,1.1704772586596384,4.8884638449902535,4.6819090346385535,53.2,0.6770147381624334,0.8591162424904532,0.9189189189189197,81.8,0.88
77221,Guermantes,77,247700594,CA Marne et Gondoire,CA,1151,3.116,4.819612241539687,1.1704772586596384,4.8884638449902535,4.6819090346385535,53.2,0.3424270931326435,0.8591162424904532,0.9189189189189197,70.7,0.45
77222,Guignes,77,200070779,CC Brie des Rivières et Châteaux,CC,4434,1.601,4.819612241539687,1.1704772586596384,4.8884638449902535,4.6819090346385535,53.2,0.8174976481655691,0.8591162424904532,0.9189189189189197,86.5,0.55
77223,Gurcy-le-Châtel,77,200040251,CC Bassée-Montois,CC,563,1.043,4.819612241539687,1.1704772586596384,4.8884638449902535,4.6819090346385535,53.2,0.9924741298212606,0.8591162424904532,0.9189189189189197,92.4,0.98
77224,Hautefeuille,77,200090504,CA Coulommiers Pays de Brie,CA,254,1.592,4.819612241539687,1.1704772586596384,4.8884638449902535,4.6819090346385535,53.2,0.8203198494825965,0.8591162424904532,0.9189189189189197,86.6,0.94
77225,La Haute-Maison,77,200090504,CA Coulommiers Pays de Brie,CA,342,2.199,4.819612241539687,1.1704772586596384,4.8884638449902535,4.6819090346385535,53.2,0.6299780495453121,0.8591162424904532,0.9189189189189197,80.3,0.56
77226,Héricy,77,200072346,CA du Pays de Fontainebleau,CA,2511,2.26,4.819612241539687,1.1704772586596384,4.8884638449902535,4.6819090346385535,53.2,0.6108497961743494,0.8591162424904532,0.9189189189189197,79.6,0.5
77227,Hermé,77,200040251,CC Bassée-Montois,CC,634,3.084,4.819612241539687,1.1704772586596384,4.8884638449902535,4.6819090346385535,53.2,0.35246158670429606,0.8591162424904532,0.9189189189189197,71.0,0.02
77228,Hondevilliers,77,200072544,CC des Deux Morin,CC,260,0.843,4.819612241539687,1.1704772586596384,4.8884638449902535,4.6819090346385535,53.2,1.0,0.8591162424904532,0.9189189189189197,92.6,0.9
77229,La Houssaye-en-Brie,77,200072874,CC Val Briard,CC,1703,1.463,4.819612241539687,1.1704772586596384,4.8884638449902535,4.6819090346385535,53.2,0.8607714016933208,0.8591162424904532,0.9189189189189197,88.0,0.95
77230,Ichy,77,200023919,CC Gâtinais Val de Loing,CC,158,2.0,4.819612241539687,1.1704772586596384,4.8884638449902535,4.6819090346385535,53.2,0.6923800564440263,0.8591162424904532,0.9189189189189197,82.3,0.32
77231,Isles-les-Meldeuses,77,247700065,CC du Pays de l'Ourcq,CC,780,1.45,4.819612241539687,1.1704772586596384,4.8884638449902535,4.6819090346385535,53.2,0.8648479147068047,0.8591162424904532,0.9189189189189197,88.1,0.8
77232,Isles-lès-Villenoy,77,200072130,CA du Pays de Meaux,CA,1136,2.545,4.819612241539687,1.1704772586596384,4.8884638449902535,4.6819090346385535,53.2,0.5214800878018189,0.8591162424904532,0.9189189189189197,76.7,0.65
77233,Iverny,77,200033090,CC Plaines et Monts de France,CC,610,2.68,4.819612241539687,1.1704772586596384,4.8884638449902535,4.6819090346385535,53.2,0.4791470680464095,0.8591162424904532,0.9189189189189197,75.2,0.3
77234,Jablines,77,247700594,CA Marne et Gondoire,CA,665,1.791,4.819612241539687,1.1704772586596384,4.8884638449902535,4.6819090346385535,53.2,0.7579178425838822,0.8591162424904532,0.9189189189189197,84.5,0.9
77235,Jaignes,77,247700065,CC du Pays de l'Ourcq,CC,320,1.999,4.819612241539687,1.1704772586596384,4.8884638449902535,4.6819090346385535,53.2,0.6926936343681405,0.8591162424904532,0.9189189189189197,82.4,0.23
77236,Jaulnes,77,200040251,CC Bassée-Montois,CC,346,1.434,4.819612241539687,1.1704772586596384,4.8884638449902535,4.6819090346385535,53.2,0.8698651614926309,0.8591162424904532,0.9189189189189197,88.3,0.62
77237,Jossigny,77,247700594,CA Marne et Gondoire,CA,639,2.974,4.819612241539687,1.1704772586596384,4.8884638449902535,4.6819090346385535,53.2,0.3869551583568517,0.8591162424904532,0.9189189189189197,72.2,0.5
77238,Jouarre,77,200090504,CA Coulommiers Pays de Brie,CA,4262,2.483,4.819612241539687,1.1704772586596384,4.8884638449902535,4.6819090346385535,53.2,0.5409219190968956,0.8591162424904532,0.9189189189189197,77.3,0.31
77239,Jouy-le-Châtel,77,200037133,CC du Provinois,CC,1581,1.549,4.819612241539687,1.1704772586596384,4.8884638449902535,4.6819090346385535,53.2,0.8338037002195047,0.8591162424904532,0.9189189189189197,87.1,0.62
77240,Jouy-sur-Morin,77,200072544,CC des Deux Morin,CC,2221,1.404,4.819612241539687,1.1704772586596384,4.8884638449902535,4.6819090346385535,53.2,0.8792724992160552,0.8591162424904532,0.9189189189189197,88.6,0.58
77241,Juilly,77,200055655,CA Roissy Pays de France,CA,2031,2.253,4.819612241539687,1.1704772586596384,4.8884638449902535,4.6819090346385535,53.2,0.6130448416431483,0.8591162424904532,0.9189189189189197,79.7,0.86
77242,Jutigny,77,200040251,CC Bassée-Montois,CC,542,2.427,4.819612241539687,1.1704772586596384,4.8884638449902535,4.6819090346385535,53.2,0.5584822828472875,0.8591162424904532,0.9189189189189197,77.9,0.1
77243,Lagny-sur-Marne,77,247700594,CA Marne et Gondoire,CA,21433,2.736,4.819612241539687,1.1704772586596384,4.8884638449902535,4.6819090346385535,53.2,0.46158670429601756,0.8591162424904532,0.9189189189189197,74.7,0.55
77244,Larchant,77,200023240,CC Pays de Nemours,CC,729,2.048,4.819612241539687,1.1704772586596384,4.8884638449902535,4.6819090346385535,53.2,0.6773283160865475,0.8591162424904532,0.9189189189189197,81.8,0.88
77245,Laval-en-Brie,77,247700107,CC Pays de Montereau,CC,394,2.234,4.819612241539687,1.1704772586596384,4.8884638449902535,4.6819090346385535,53.2,0.6190028222013171,0.8591162424904532,0.9189189189189197,79.9,0.48
77246,Léchelle,77,200037133,CC du Provinois,CC,577,2.287,4.819612241539687,1.1704772586596384,4.8884638449902535,4.6819090346385535,53.2,0.6023831922232675,0.8591162424904532,0.9189189189189197,79.3,0.31
77247,Lescherolles,77,200072544,CC des Deux Morin,CC,450,1.056,4.819612241539687,1.1704772586596384,4.8884638449902535,4.6819090346385535,53.2,0.9883976168077767,0.8591162424904532,0.9189189189189197,92.2,0.77
77248,Lesches,77,247700594,CA Marne et Gondoire,CA,767,2.5,4.819612241539687,1.1704772586596384,4.8884638449902535,4.6819090346385535,53.2,0.5355910943869552,0.8591162424904532,0.9189189189189197,77.1,0.7
77249,Lésigny,77,200023125,CC Les Portes Briardes Entre Villes et Forêts,CC,7015,2.799,4.819612241539687,1.1704772586596384,4.8884638449902535,4.6819090346385535,53.2,0.4418312950768266,0.8591162424904532,0.9189189189189197,74.0,0.2
77250,Leudon-en-Brie,77,200072544,CC des Deux Morin,CC,167,1.704,4.819612241539687,1.1704772586596384,4.8884638449902535,4.6819090346385535,53.2,0.7851991219818125,0.8591162424904532,0.9189189189189197,85.4,0.4
77251,Lieusaint,77,200059228,CA Grand Paris Sud Seine Essonne Sénart,CA,14096,2.584,4.819612241539687,1.1704772586596384,4.8884638449902535,4.6819090346385535,53.2,0.5092505487613672,0.8591162424904532,0.9189189189189197,76.2,0.7
77252,Limoges-Fourches,77,247700057,CA Melun Val de Seine,CA,599,2.868,4.819612241539687,1.1704772586596384,4.8884638449902535,4.6819090346385535,53.2,0.4201944183129509,0.8591162424904532,0.9189189189189197,73.3,0.05
77253,Lissy,77,247700057,CA Melun Val de Seine,CA,343,2.16,4.819612241539687,1.1704772586596384,4.8884638449902535,4.6819090346385535,53.2,0.6422075885857635,0.8591162424904532,0.9189189189189197,80.7,0.55
77254,Liverdy-en-Brie,77,200072874,CC Val Briard,CC,1366,1.569,4.819612241539687,1.1704772586596384,4.8884638449902535,4.6819090346385535,53.2,0.8275321417372218,0.8591162424904532,0.9189189189189197,86.9,0.88
77255,Livry-sur-Seine,77,247700057,CA Melun Val de Seine,CA,2224,1.395,4.819612241539687,1.1704772586596384,4.8884638449902535,4.6819090346385535,53.2,0.8820947005330825,0.8591162424904532,0.9189189189189197,88.7,1.0
77256,Lizines,77,200040251,CC Bassée-Montois,CC,178,2.002,4.819612241539687,1.1704772586596384,4.8884638449902535,4.6819090346385535,53.2,0.6917529005957982,0.8591162424904532,0.9189189189189197,82.3,0.19
77257,Lizy-sur-Ourcq,77,247700065,CC du Pays de l'Ourcq,CC,3575,1.902,4.819612241539687,1.1704772586596384,4.8884638449902535,4.6819090346385535,53.2,0.7231106930072124,0.8591162424904532,0.9189189189189197,83.4,0.36
77258,Lognes,77,200057958,CA Paris - Vallée de la Marne,CA,14678,3.572,4.819612241539687,1.1704772586596384,4.8884638449902535,4.6819090346385535,53.2,0.19943555973659455,0.8591162424904532,0.9189189189189197,65.9,0.17
77259,Longperrier,77,200055655,CA Roissy Pays de France,CA,2911,1.794,4.819612241539687,1.1704772586596384,4.8884638449902535,4.6819090346385535,53.2,0.7569771088115397,0.8591162424904532,0.9189189189189197,84.5,0.93
77260,Longueville,77,200037133,CC du Provinois,CC,1802,2.152,4.819612241539687,1.1704772586596384,4.8884638449902535,4.6819090346385535,53.2,0.6447162119786767,0.8591162424904532,0.9189189189189197,80.8,0.41
77261,Lorrez-le-Bocage-Préaux,77,200023919,CC Gâtinais Val de Loing,CC,1244,0.91,4.819612241539687,1.1704772586596384,4.8884638449902535,4.6819090346385535,53.2,1.0,0.8591162424904532,0.9189189189189197,92.6,0.9
77262,Louan-Villegruis-Fontaine,77,200037133,CC du Provinois,CC,492,0.575,4.819612241539687,1.1704772586596384,4.8884638449902535,4.6819090346385535,53.2,1.0,0.8591162424904532,0.9189189189189197,92.6,0.94
77263,Luisetaines,77,200040251,CC Bassée-Montois,CC,231,1.202,4.819612241539687,1.1704772586596384,4.8884638449902535,4.6819090346385535,53.2,0.942615239887112,0.8591162424904532,0.9189189189189197,90.7,0.85
77264,Lumigny-Nesles-Ormeaux,77,200072874,CC Val Briard,CC,1482,2.281,4.819612241539687,1.1704772586596384,4.8884638449902535,4.6819090346385535,53.2,0.6042646597679524,0.8591162424904532,0.9189189189189197,79.4,0.19
77265,Luzancy,77,200090504,CA Coulommiers Pays de Brie,CA,1048,1.936,4.819612241539687,1.1704772586596384,4.8884638449902535,4.6819090346385535,53.2,0.7124490435873315,0.8591162424904532,0.9189189189189197,83.0,0.75
77266,Machault,77,200070779,CC Brie des Rivières et Châteaux,CC,790,1.765,4.819612241539687,1.1704772586596384,4.8884638449902535,4.6819090346385535,53.2,0.7660708686108498,0.8591162424904532,0.9189189189189197,84.8,0.45
77267,La Madeleine-sur-Loing,77,200023919,CC Gâtinais Val de Loing,CC,351,2.307,4.819612241539687,1.1704772586596384,4.8884638449902535,4.6819090346385535,53.2,0.5961116337409846,0.8591162424904532,0.9189189189189197,79.1,0.1
77268,Magny-le-Hongre,77,247700339,CA Val d'Europe Agglomération,CA,9058,1.818,4.819612241539687,1.1704772586596384,4.8884638449902535,4.6819090346385535,53.2,0.7494512386328003,0.8591162424904532,0.9189189189189197,84.2,0.9
77269,Maincy,77,247700057,CA Melun Val de Seine,CA,1833,1.51,4.819612241539687,1.1704772586596384,4.8884638449902535,4.6819090346385535,53.2,0.8460332392599561,0.8591162424904532,0.9189189189189197,87.5,0.95
77270,Maisoncelles-en-Brie,77,200090504,CA Coulommiers Pays de Brie,CA,967,1.943,4.819612241539687,1.1704772586596384,4.8884638449902535,4.6819090346385535,53.2,0.7102539981185325,0.8591162424904532,0.9189189189189197,82.9,0.72
77271,Maisoncelles-en-Gâtinais,77,200023919,CC Gâtinais Val de Loing,CC,139,1.814,4.819612241539687,1.1704772586596384,4.8884638449902535,4.6819090346385535,53.2,0.7507055503292568,0.8591162424904532,0.9189189189189197,84.3,0.55
77272,Maison-Rouge,77,200037133,CC du Provinois,CC,853,2.719,4.819612241539687,1.1704772586596384,4.8884638449902535,4.6819090346385535,53.2,0.46691752900595807,0.8591162424904532,0.9189189189189197,74.8,0.13
77273,Marchémoret,77,200033090,CC Plaines et Monts de France,CC,614,2.801,4.819612241539687,1.1704772586596384,4.8884638449902535,4.6819090346385535,53.2,0.44120413922859836,0.8591162424904532,0.9189189189189197,74.0,0.25
77274,Marcilly,77,247700065,CC du Pays de l'Ourcq,CC,463,2.716,4.819612241539687,1.1704772586596384,4.8884638449902535,4.6819090346385535,53.2,0.46785826277830045,0.8591162424904532,0.9189189189189197,74.9,0.05
77275,Les Marêts,77,200037133,CC du Provinois,CC,154,1.193,4.819612241539687,1.1704772586596384,4.8884638449902535,4.6819090346385535,53.2,0.9454374412041393,0.8591162424904532,0.9189189189189197,90.8,0.82
77276,Mareuil-lès-Meaux,77,200072130,CA du Pays de Meaux,CA,3313,2.63,4.819612241539687,1.1704772586596384,4.8884638449902535,4.6819090346385535,53.2,0.4948259642521168,0.8591162424904532,0.9189189189189197,75.8,0.58
77277,Marles-en-Brie,77,200072874,CC Val Briard,CC,1889,2.039,4.819612241539687,1.1704772586596384,4.8884638449902535,4.6819090346385535,53.2,0.6801505174035748,0.8591162424904532,0.9189189189189197,81.9,0.36
77278,Marolles-en-Brie,77,200090504,CA Coulommiers Pays de Brie,CA,413,2.593,4.819612241539687,1.1704772586596384,4.8884638449902535,4.6819090346385535,53.2,0.50642834744434,0.8591162424904532,0.9189189189189197,76.1,0.17
77279,Marolles-sur-Seine,77,247700107,CC Pays de Montereau,CC,1793,2.33,4.819612241539687,1.1704772586596384,4.8884638449902535,4.6819090346385535,53.2,0.5888993414863594,0.8591162424904532,0.9189189189189197,78.9,0.38
77280,Mary-sur-Marne,77,247700065,CC du Pays de l'Ourcq,CC,1135,1.839,4.819612241539687,1.1704772586596384,4.8884638449902535,4.6819090346385535,53.2,0.7428661022264034,0.8591162424904532,0.9189189189189197,84.0,0.43
77281,Mauperthuis,77,200090504,CA Coulommiers Pays de Brie,CA,487,2.692,4.819612241539687,1.1704772586596384,4.8884638449902535,4.6819090346385535,53.2,0.47538413295703985,0.8591162424904532,0.9189189189189197,75.1,0.08
77282,Mauregard,77,200055655,CA Roissy Pays de France,CA,351,2.697,4.819612241539687,1.1704772586596384,4.8884638449902535,4.6819090346385535,53.2,0.4738162433364691,0.8591162424904532,0.9189189189189197,75.1,0.71
77283,May-en-Multien,77,247700065,CC du Pays de l'Ourcq,CC,884,1.545,4.819612241539687,1.1704772586596384,4.8884638449902535,4.6819090346385535,53.2,0.8350580119159612,0.8591162424904532,0.9189189189189197,87.1,0.68
77284,Meaux,77,200072130,CA du Pays de Meaux,CA,56659,2.743,4.819612241539687,1.1704772586596384,4.8884638449902535,4.6819090346385535,53.2,0.45939165882721866,0.8591162424904532,0.9189189189189197,74.6,0.46
77285,Le Mée-sur-Seine,77,247700057,CA Melun Val de Seine,CA,19527,1.526,4.819612241539687,1.1704772586596384,4.8884638449902535,4.6819090346385535,53.2,0.8410159924741298,0.8591162424904532,0.9189189189189197,87.3,0.9
77286,Meigneux,77,200040251,CC Bassée-Montois,CC,234,1.215,4.819612241539687,1.1704772586596384,4.8884638449902535,4.6819090346385535,53.2,0.9385387268736282,0.8591162424904532,0.9189189189189197,90.6,0.81
77287,Meilleray,77,200072544,CC des Deux Morin,CC,505,1.748,4.819612241539687,1.1704772586596384,4.8884638449902535,4.6819090346385535,53.2,0.7714016933207902,0.8591162424904532,0.9189189189189197,85.0,0.35
77288,Melun,77,247700057,CA Melun Val de Seine,CA,43685,2.183,4.819612241539687,1.1704772586596384,4.8884638449902535,4.6819090346385535,53.2,0.6349952963311384,0.8591162424904532,0.9189189189189197,80.4,0.5
77289,Melz-sur-Seine,77,200037133,CC du Provinois,CC,346,3.188,4.819612241539687,1.1704772586596384,4.8884638449902535,4.6819090346385535,53.2,0.3198494825964252,0.8591162424904532,0.9189189189189197,69.9,0.06
77290,Méry-sur-Marne,77,200090504,CA Coulommiers Pays de Brie,CA,683,1.853,4.819612241539687,1.1704772586596384,4.8884638449902535,4.6819090346385535,53.2,0.7384760112888054,0.8591162424904532,0.9189189189189197,83.9,0.84
77291,Le Mesnil-Amelot,77,200055655,CA Roissy Pays de France,CA,992,2.641,4.819612241539687,1.1704772586596384,4.8884638449902535,4.6819090346385535,53.2,0.49137660708686115,0.8591162424904532,0.9189189189189197,75.6,0.79
77292,Messy,77,200033090,CC Plaines et Monts de France,CC,1204,2.143,4.819612241539687,1.1704772586596384,4.8884638449902535,4.6819090346385535,53.2,0.647538413295704,0.8591162424904532,0.9189189189189197,80.9,0.8
77293,Misy-sur-Yonne,77,247700107,CC Pays de Montereau,CC,857,1.916,4.819612241539687,1.1704772586596384,4.8884638449902535,4.6819090346385535,53.2,0.7187206020696144,0.8591162424904532,0.9189189189189197,83.2,0.67
77294,Mitry-Mory,77,200055655,CA Roissy Pays de France,CA,20393,2.8,4.819612241539687,1.1704772586596384,4.8884638449902535,4.6819090346385535,53.2,0.4415177171527126,0.8591162424904532,0.9189189189189197,74.0,0.57
77295,Moisenay,77,200070779,CC Brie des Rivières et Châteaux,CC,1363,1.97,4.819612241539687,1.1704772586596384,4.8884638449902535,4.6819090346385535,53.2,0.7017873941674506,0.8591162424904532,0.9189189189189197,82.7,0.29
77296,Moissy-Cramayel,77,200059228,CA Grand Paris Sud Seine Essonne Sénart,CA,18498,2.226,4.819612241539687,1.1704772586596384,4.8884638449902535,4.6819090346385535,53.2,0.6215114455942302,0.8591162424904532,0.9189189189189197,80.0,0.83
77297,Mondreville,77,200023919,CC Gâtinais Val de Loing,CC,330,1.64,4.819612241539687,1.1704772586596384,4.8884638449902535,4.6819090346385535,53.2,0.8052681091251177,0.8591162424904532,0.9189189189189197,86.1,0.65
77298,Mons-en-Montois,77,200040251,CC Bassée-Montois,CC,445,1.135,4.819612241539687,1.1704772586596384,4.8884638449902535,4.6819090346385535,53.2,0.9636249608027595,0.8591162424904532,0.9189189189189197,91.4,0.95
77300,Montceaux-lès-Meaux,77,200072130,CA du Pays de Meaux,CA,646,2.053,4.819612241539687,1.1704772586596384,4.8884638449902535,4.6819090346385535,53.2,0.6757604264659769,0.8591162424904532,0.9189189189189197,81.8,0.92
77301,Montceaux-lès-Provins,77,200037133,CC du Provinois,CC,321,0.146,4.819612241539687,1.1704772586596384,4.8884638449902535,4.6819090346385535,53.2,1.0,0.8591162424904532,0.9189189189189197,92.6,0.94
77302,Moncourt-Fromonville,77,200023240,CC Pays de Nemours,CC,1908,3.664,4.819612241539687,1.1704772586596384,4.8884638449902535,4.6819090346385535,53.2,0.17058639071809345,0.8591162424904532,0.9189189189189197,65.0,0.1
77303,Montdauphin,77,200072544,CC des Deux Morin,CC,237,2.996,4.819612241539687,1.1704772586596384,4.8884638449902535,4.6819090346385535,53.2,0.38005644402634065,0.8591162424904532,0.9189189189189197,71.9,0.08
77304,Montenils,77,200072544,CC des Deux Morin,CC,30,4.116,4.819612241539687,1.1704772586596384,4.8884638449902535,4.6819090346385535,53.2,0.02884916901850121,0.8591162424904532,0.9189189189189197,60.2,0.03
77305,Montereau-Fault-Yonne,77,247700107,CC Pays de Montereau,CC,21840,2.835,4.819612241539687,1.1704772586596384,4.8884638449902535,4.6819090346385535,53.2,0.43054248980871757,0.8591162424904532,0.9189189189189197,73.6,0.1
77306,Montereau-sur-le-Jard,77,247700057,CA Melun Val de Seine,CA,498,2.264,4.819612241539687,1.1704772586596384,4.8884638449902535,4.6819090346385535,53.2,0.6095954844778928,0.8591162424904532,0.9189189189189197,79.6,0.3
77307,Montévrain,77,247700594,CA Marne et Gondoire,CA,14847,2.202,4.819612241539687,1.1704772586596384,4.8884638449902535,4.6819090346385535,53.2,0.6290373157729696,0.8591162424904532,0.9189189189189197,80.2,0.75
77308,Montgé-en-Goële,77,200033090,CC Plaines et Monts de France,CC,724,2.608,4.819612241539687,1.1704772586596384,4.8884638449902535,4.6819090346385535,53.2,0.5017246785826278,0.8591162424904532,0.9189189189189197,76.0,0.35
77309,Monthyon,77,200072130,CA du Pays de Meaux,CA,1747,2.796,4.819612241539687,1.1704772586596384,4.8884638449902535,4.6819090346385535,53.2,0.4427720288491691,0.8591162424904532,0.9189189189189197,74.0,0.38
77310,Montigny-le-Guesdier,77,200040251,CC Bassée-Montois,CC,302,1.15,4.819612241539687,1.1704772586596384,4.8884638449902535,4.6819090346385535,53.2,0.9589212919410475,0.8591162424904532,0.9189189189189197,91.2,0.93
77311,Montigny-Lencoup,77,200040251,CC Bassée-Montois,CC,1362,1.611,4.819612241539687,1.1704772586596384,4.8884638449902535,4.6819090346385535,53.2,0.8143618689244277,0.8591162424904532,0.9189189189189197,86.4,0.45
77312,Montigny-sur-Loing,77,247700032,CC Moret Seine et Loing,CC,2634,2.731,4.819612241539687,1.1704772586596384,4.8884638449902535,4.6819090346385535,53.2,0.4631545939165883,0.8591162424904532,0.9189189189189197,74.7,0.33
77313,Montmachoux,77,247700107,CC Pays de Montereau,CC,228,1.913,4.819612241539687,1.1704772586596384,4.8884638449902535,4.6819090346385535,53.2,0.7196613358419568,0.8591162424904532,0.9189189189189197,83.3,0.71
77314,Montolivet,77,200072544,CC des Deux Morin,CC,251,2.996,4.819612241539687,1.1704772586596384,4.8884638449902535,4.6819090346385535,53.2,0.38005644402634065,0.8591162424904532,0.9189189189189197,71.9,0.08
77315,Montry,77,247700339,CA Val d'Europe Agglomération,CA,3872,1.527,4.819612241539687,1.1704772586596384,4.8884638449902535,4.6819090346385535,53.2,0.8407024145500157,0.8591162424904532,0.9189189189189197,87.3,1.0
77316,Moret-Loing-et-Orvanne,77,247700032,CC Moret Seine et Loing,CC,12576,3.064,4.819612241539687,1.1704772586596384,4.8884638449902535,4.6819090346385535,53.2,0.35873314518657895,0.8591162424904532,0.9189189189189197,71.2,0.17
77317,Mormant,77,247700701,CC Brie Nangissienne,CC,5280,1.755,4.819612241539687,1.1704772586596384,4.8884638449902535,4.6819090346385535,53.2,0.7692066478519913,0.8591162424904532,0.9189189189189197,84.9,0.32
77318,Mortcerf,77,200072874,CC Val Briard,CC,1405,1.693,4.819612241539687,1.1704772586596384,4.8884638449902535,4.6819090346385535,53.2,0.788648479147068,0.8591162424904532,0.9189189189189197,85.6,0.71
77319,Mortery,77,200037133,CC du Provinois,CC,139,1.996,4.819612241539687,1.1704772586596384,4.8884638449902535,4.6819090346385535,53.2,0.693634368140483,0.8591162424904532,0.9189189189189197,82.4,0.49
77320,Mouroux,77,200090504,CA Coulommiers Pays de Brie,CA,5869,2.566,4.819612241539687,1.1704772586596384,4.8884638449902535,4.6819090346385535,53.2,0.5148949513954219,0.8591162424904532,0.9189189189189197,76.4,0.2
77321,Mousseaux-lès-Bray,77,200040251,CC Bassée-Montois,CC,672,1.335,4.819612241539687,1.1704772586596384,4.8884638449902535,4.6819090346385535,53.2,0.900909375979931,0.8591162424904532,0.9189189189189197,89.3,0.74
77322,Moussy-le-Neuf,77,200055655,CA Roissy Pays de France,CA,3255,1.43,4.819612241539687,1.1704772586596384,4.8884638449902535,4.6819090346385535,53.2,0.8711194731890876,0.8591162424904532,0.9189189189189197,88.3,1.0
77323,Moussy-le-Vieux,77,200055655,CA Roissy Pays de France,CA,1475,1.472,4.819612241539687,1.1704772586596384,4.8884638449902535,4.6819090346385535,53.2,0.8579492003762935,0.8591162424904532,0.9189189189189197,87.9,0.98
77325,Mouy-sur-Seine,77,200040251,CC Bassée-Montois,CC,357,1.368,4.819612241539687,1.1704772586596384,4.8884638449902535,4.6819090346385535,53.2,0.8905613044841643,0.8591162424904532,0.9189189189189197,89.0,0.68
77326,Nandy,77,200059228,CA Grand Paris Sud Seine Essonne Sénart,CA,6322,2.017,4.819612241539687,1.1704772586596384,4.8884638449902535,4.6819090346385535,53.2,0.6870492317340859,0.8591162424904532,0.9189189189189197,82.2,0.96
77327,Nangis,77,247700701,CC Brie Nangissienne,CC,8883,1.507,4.819612241539687,1.1704772586596384,4.8884638449902535,4.6819090346385535,53.2,0.8469739730322986,0.8591162424904532,0.9189189189189197,87.5,0.78
77328,Nanteau-sur-Essonne,77,200023240,CC Pays de Nemours,CC,410,2.064,4.819612241539687,1.1704772586596384,4.8884638449902535,4.6819090346385535,53.2,0.6723110693007213,0.8591162424904532,0.9189189189189197,81.7,0.81
77329,Nanteau-sur-Lunain,77,247700032,CC Moret Seine et Loing,CC,697,1.487,4.819612241539687,1.1704772586596384,4.8884638449902535,4.6819090346385535,53.2,0.8532455315145814,0.8591162424904532,0.9189189189189197,87.7,0.94
77330,Nanteuil-lès-Meaux,77,200072130,CA du Pays de Meaux,CA,7054,2.448,4.819612241539687,1.1704772586596384,4.8884638449902535,4.6819090346385535,53.2,0.5518971464408906,0.8591162424904532,0.9189189189189197,77.7,0.69
77331,Nanteuil-sur-Marne,77,200090504,CA Coulommiers Pays de Brie,CA,413,1.916,4.819612241539687,1.1704772586596384,4.8884638449902535,4.6819090346385535,53.2,0.7187206020696144,0.8591162424904532,0.9189189189189197,83.2,0.78
77332,Nantouillet,77,200033090,CC Plaines et Monts de France,CC,303,2.332,4.819612241539687,1.1704772586596384,4.8884638449902535,4.6819090346385535,53.2,0.5882721856381312,0.8591162424904532,0.9189189189189197,78.9,0.57
77333,Nemours,77,200023240,CC Pays de Nemours,CC,13118,2.647,4.819612241539687,1.1704772586596384,4.8884638449902535,4.6819090346385535,53.2,0.4894951395421764,0.8591162424904532,0.9189189189189197,75.6,0.43
77335,Chauconin-Neufmontiers,77,200072130,CA du Pays de Meaux,CA,3726,3.136,4.819612241539687,1.1704772586596384,4.8884638449902535,4.6819090346385535,53.2,0.33615553465036063,0.8591162424904532,0.9189189189189197,70.5,0.12
77336,Neufmoutiers-en-Brie,77,200072874,CC Val Briard,CC,1277,1.579,4.819612241539687,1.1704772586596384,4.8884638449902535,4.6819090346385535,53.2,0.8243963624960804,0.8591162424904532,0.9189189189189197,86.7,0.81
77337,Noisiel,77,200057958,CA Paris - Vallée de la Marne,CA,15927,2.934,4.819612241539687,1.1704772586596384,4.8884638449902535,4.6819090346385535,53.2,0.39949827532141735,0.8591162424904532,0.9189189189189197,72.6,0.5
77338,Noisy-Rudignon,77,247700107,CC Pays de Montereau,CC,592,2.634,4.819612241539687,1.1704772586596384,4.8884638449902535,4.6819090346385535,53.2,0.49357165255566016,0.8591162424904532,0.9189189189189197,75.7,0.24
77339,Noisy-sur-École,77,200072346,CA du Pays de Fontainebleau,CA,1822,1.741,4.819612241539687,1.1704772586596384,4.8884638449902535,4.6819090346385535,53.2,0.7735967387895892,0.8591162424904532,0.9189189189189197,85.1,0.92
77340,Nonville,77,247700032,CC Moret Seine et Loing,CC,596,2.348,4.819612241539687,1.1704772586596384,4.8884638449902535,4.6819090346385535,53.2,0.583254938852305,0.8591162424904532,0.9189189189189197,78.7,0.61
77341,Noyen-sur-Seine,77,200040251,CC Bassée-Montois,CC,376,2.592,4.819612241539687,1.1704772586596384,4.8884638449902535,4.6819090346385535,53.2,0.5067419253684541,0.8591162424904532,0.9189189189189197,76.2,0.07
77342,Obsonville,77,200023919,CC Gâtinais Val de Loing,CC,120,1.944,4.819612241539687,1.1704772586596384,4.8884638449902535,4.6819090346385535,53.2,0.7099404201944184,0.8591162424904532,0.9189189189189197,82.9,0.4
77343,Ocquerre,77,247700065,CC du Pays de l'Ourcq,CC,376,1.84,4.819612241539687,1.1704772586596384,4.8884638449902535,4.6819090346385535,53.2,0.7425525243022891,0.8591162424904532,0.9189189189189197,84.0,0.43
77344,Oissery,77,200033090,CC Plaines et Monts de France,CC,2488,2.035,4.819612241539687,1.1704772586596384,4.8884638449902535,4.6819090346385535,53.2,0.6814048291000314,0.8591162424904532,0.9189189189189197,82.0,0.9
77345,Orly-sur-Morin,77,200072544,CC des Deux Morin,CC,660,1.317,4.819612241539687,1.1704772586596384,4.8884638449902535,4.6819090346385535,53.2,0.9065537786139857,0.8591162424904532,0.9189189189189197,89.5,0.65
77347,Les Ormes-sur-Voulzie,77,200040251,CC Bassée-Montois,CC,862,1.521,4.819612241539687,1.1704772586596384,4.8884638449902535,4.6819090346385535,53.2,0.8425838820947006,0.8591162424904532,0.9189189189189197,87.4,0.51
77348,Ormesson,77,200023240,CC Pays de Nemours,CC,244,2.839,4.819612241539687,1.1704772586596384,4.8884638449902535,4.6819090346385535,53.2,0.42928817811226094,0.8591162424904532,0.9189189189189197,73.6,0.33
77349,Othis,77,200055655,CA Roissy Pays de France,CA,6741,1.826,4.819612241539687,1.1704772586596384,4.8884638449902535,4.6819090346385535,53.2,0.7469426152398871,0.8591162424904532,0.9189189189189197,84.2,0.88
77350,Ozoir-la-Ferrière,77,200023125,CC Les Portes Briardes Entre Villes et Forêts,CC,20969,2.598,4.819612241539687,1.1704772586596384,4.8884638449902535,4.6819090346385535,53.2,0.5048604578237693,0.8591162424904532,0.9189189189189197,76.1,0.6
77352,Ozouer-le-Voulgis,77,200070779,CC Brie des Rivières et Châteaux,CC,2002,1.453,4.819612241539687,1.1704772586596384,4.8884638449902535,4.6819090346385535,53.2,0.8639071809344623,0.8591162424904532,0.9189189189189197,88.1,0.79
77353,Paley,77,247700032,CC Moret Seine et Loing,CC,481,1.456,4.819612241539687,1.1704772586596384,4.8884638449902535,4.6819090346385535,53.2,0.8629664471621199,0.8591162424904532,0.9189189189189197,88.0,1.0
77354,Pamfou,77,200070779,CC Brie des Rivières et Châteaux,CC,966,2.232,4.819612241539687,1.1704772586596384,4.8884638449902535,4.6819090346385535,53.2,0.6196299780495453,0.8591162424904532,0.9189189189189197,79.9,0.1
77355,Paroy,77,200040251,CC Bassée-Montois,CC,184,1.989,4.819612241539687,1.1704772586596384,4.8884638449902535,4.6819090346385535,53.2,0.695829413609282,0.8591162424904532,0.9189189189189197,82.5,0.21
77356,Passy-sur-Seine,77,200040251,CC Bassée-Montois,CC,46,1.866,4.819612241539687,1.1704772586596384,4.8884638449902535,4.6819090346385535,53.2,0.7343994982753215,0.8591162424904532,0.9189189189189197,83.7,0.29
77357,Pécy,77,200072874,CC Val Briard,CC,844,1.717,4.819612241539687,1.1704772586596384,4.8884638449902535,4.6819090346385535,53.2,0.7811226089683286,0.8591162424904532,0.9189189189189197,85.3,0.67
77358,Penchard,77,200072130,CA du Pays de Meaux,CA,1357,3.065,4.819612241539687,1.1704772586596384,4.8884638449902535,4.6819090346385535,53.2,0.3584195672624648,0.8591162424904532,0.9189189189189197,71.2,0.19
77359,Perthes,77,200072346,CA du Pays de Fontainebleau,CA,2074,2.338,4.819612241539687,1.1704772586596384,4.8884638449902535,4.6819090346385535,53.2,0.5863907180934462,0.8591162424904532,0.9189189189189197,78.8,0.44
77360,Pézarches,77,200090504,CA Coulommiers Pays de Brie,CA,404,2.539,4.819612241539687,1.1704772586596384,4.8884638449902535,4.6819090346385535,53.2,0.5233615553465036,0.8591162424904532,0.9189189189189197,76.7,0.22
77361,Pierre-Levée,77,200090504,CA Coulommiers Pays de Brie,CA,474,2.212,4.819612241539687,1.1704772586596384,4.8884638449902535,4.6819090346385535,53.2,0.6259015365318281,0.8591162424904532,0.9189189189189197,80.1,0.53
77363,Le Pin,77,200033090,CC Plaines et Monts de France,CC,1528,4.248,4.819612241539687,1.1704772586596384,4.8884638449902535,4.6819090346385535,53.2,0.0,0.8591162424904532,0.9189189189189197,59.3,0.05
77364,Le Plessis-aux-Bois,77,200033090,CC Plaines et Monts de France,CC,255,2.321,4.819612241539687,1.1704772586596384,4.8884638449902535,4.6819090346385535,53.2,0.5917215428033866,0.8591162424904532,0.9189189189189197,79.0,0.65
77365,Le Plessis-Feu-Aussoux,77,200072874,CC Val Briard,CC,606,1.677,4.819612241539687,1.1704772586596384,4.8884638449902535,4.6819090346385535,53.2,0.7936657259328943,0.8591162424904532,0.9189189189189197,85.7,0.76
77366,Le Plessis-l'Évêque,77,200033090,CC Plaines et Monts de France,CC,291,2.875,4.819612241539687,1.1704772586596384,4.8884638449902535,4.6819090346385535,53.2,0.4179993728441518,0.8591162424904532,0.9189189189189197,73.2,0.2
77367,Le Plessis-Placy,77,247700065,CC du Pays de l'Ourcq,CC,296,1.69,4.819612241539687,1.1704772586596384,4.8884638449902535,4.6819090346385535,53.2,0.7895892129194105,0.8591162424904532,0.9189189189189197,85.6,0.55
77368,Poigny,77,200037133,CC du Provinois,CC,505,2.482,4.819612241539687,1.1704772586596384,4.8884638449902535,4.6819090346385535,53.2,0.5412354970210097,0.8591162424904532,0.9189189189189197,77.3,0.21
77369,Poincy,77,200072130,CA du Pays de Meaux,CA,776,2.886,4.819612241539687,1.1704772586596384,4.8884638449902535,4.6819090346385535,53.2,0.41455001567889627,0.8591162424904532,0.9189189189189197,73.1,0.31
77370,Poligny,77,200023919,CC Gâtinais Val de Loing,CC,802,2.16,4.819612241539687,1.1704772586596384,4.8884638449902535,4.6819090346385535,53.2,0.6422075885857635,0.8591162424904532,0.9189189189189197,80.7,0.15
77371,Pommeuse,77,200090504,CA Coulommiers Pays de Brie,CA,3039,2.335,4.819612241539687,1.1704772586596384,4.8884638449902535,4.6819090346385535,53.2,0.5873314518657887,0.8591162424904532,0.9189189189189197,78.8,0.48
77372,Pomponne,77,247700594,CA Marne et Gondoire,CA,4149,3.309,4.819612241539687,1.1704772586596384,4.8884638449902535,4.6819090346385535,53.2,0.28190655377861396,0.8591162424904532,0.9189189189189197,68.7,0.3
77373,Pontault-Combault,77,200057958,CA Paris - Vallée de la Marne,CA,38941,2.822,4.819612241539687,1.1704772586596384,4.8884638449902535,4.6819090346385535,53.2,0.43461900282220134,0.8591162424904532,0.9189189189189197,73.8,0.58
77374,Pontcarré,77,247700594,CA Marne et Gondoire,CA,2149,3.244,4.819612241539687,1.1704772586596384,4.8884638449902535,4.6819090346385535,53.2,0.30228911884603327,0.8591162424904532,0.9189189189189197,69.3,0.35
77376,Précy-sur-Marne,77,200033090,CC Plaines et Monts de France,CC,760,1.832,4.819612241539687,1.1704772586596384,4.8884638449902535,4.6819090346385535,53.2,0.7450611476952023,0.8591162424904532,0.9189189189189197,84.1,1.0
77377,Presles-en-Brie,77,200072874,CC Val Briard,CC,2342,2.025,4.819612241539687,1.1704772586596384,4.8884638449902535,4.6819090346385535,53.2,0.6845406083411729,0.8591162424904532,0.9189189189189197,82.1,0.43
77378,Pringy,77,247700057,CA Melun Val de Seine,CA,3861,1.99,4.819612241539687,1.1704772586596384,4.8884638449902535,4.6819090346385535,53.2,0.6955158356851678,0.8591162424904532,0.9189189189189197,82.5,0.65
77379,Provins,77,200037133,CC du Provinois,CC,11824,2.421,4.819612241539687,1.1704772586596384,4.8884638449902535,4.6819090346385535,53.2,0.5603637503919725,0.8591162424904532,0.9189189189189197,77.9,0.23
77380,Puisieux,77,247700065,CC du Pays de l'Ourcq,CC,319,1.764,4.819612241539687,1.1704772586596384,4.8884638449902535,4.6819090346385535,53.2,0.766384446534964,0.8591162424904532,0.9189189189189197,84.8,0.5
77381,Quiers,77,247700701,CC Brie Nangissienne,CC,652,2.032,4.819612241539687,1.1704772586596384,4.8884638449902535,4.6819090346385535,53.2,0.6823455628723738,0.8591162424904532,0.9189189189189197,82.0,0.08
77382,Quincy-Voisins,77,200072130,CA du Pays de Meaux,CA,5506,3.039,4.819612241539687,1.1704772586596384,4.8884638449902535,4.6819090346385535,53.2,0.3665725932894325,0.8591162424904532,0.9189189189189197,71.5,0.23
77383,Rampillon,77,247700701,CC Brie Nangissienne,CC,833,1.456,4.819612241539687,1.1704772586596384,4.8884638449902535,4.6819090346385535,53.2,0.8629664471621199,0.8591162424904532,0.9189189189189197,88.0,0.92
77384,Réau,77,200059228,CA Grand Paris Sud Seine Essonne Sénart,CA,2045,4.262,4.819612241539687,1.1704772586596384,4.8884638449902535,4.6819090346385535,53.2,0.0,0.8591162424904532,0.9189189189189197,59.3,0.22
77385,Rebais,77,200072544,CC des Deux Morin,CC,2291,1.533,4.819612241539687,1.1704772586596384,4.8884638449902535,4.6819090346385535,53.2,0.8388209470053309,0.8591162424904532,0.9189189189189197,87.2,0.5
77386,Recloses,77,200072346,CA du Pays de Fontainebleau,CA,624,2.866,4.819612241539687,1.1704772586596384,4.8884638449902535,4.6819090346385535,53.2,0.42082157416117905,0.8591162424904532,0.9189189189189197,73.3,0.27
77387,Remauville,77,247700032,CC Moret Seine et Loing,CC,471,1.551,4.819612241539687,1.1704772586596384,4.8884638449902535,4.6819090346385535,53.2,0.8331765443712763,0.8591162424904532,0.9189189189189197,87.0,0.89
77388,Reuil-en-Brie,77,200090504,CA Coulommiers Pays de Brie,CA,808,2.156,4.819612241539687,1.1704772586596384,4.8884638449902535,4.6819090346385535,53.2,0.6434619002822202,0.8591162424904532,0.9189189189189197,80.7,0.61
77389,La Rochette,77,247700057,CA Melun Val de Seine,CA,3919,1.86,4.819612241539687,1.1704772586596384,4.8884638449902535,4.6819090346385535,53.2,0.7362809658200062,0.8591162424904532,0.9189189189189197,83.8,0.7
77390,Roissy-en-Brie,77,200057958,CA Paris - Vallée de la Marne,CA,23521,2.227,4.819612241539687,1.1704772586596384,4.8884638449902535,4.6819090346385535,53.2,0.6211978676701161,0.8591162424904532,0.9189189189189197,80.0,0.92
77391,Rouilly,77,200037133,CC du Provinois,CC,495,2.265,4.819612241539687,1.1704772586596384,4.8884638449902535,4.6819090346385535,53.2,0.6092819065537787,0.8591162424904532,0.9189189189189197,79.6,0.33
77392,Rouvres,77,200055655,CA Roissy Pays de France,CA,1021,2.804,4.819612241539687,1.1704772586596384,4.8884638449902535,4.6819090346385535,53.2,0.440263405456256,0.8591162424904532,0.9189189189189197,73.9,0.54
77393,Rozay-en-Brie,77,200072874,CC Val Briard,CC,2840,2.69,4.819612241539687,1.1704772586596384,4.8884638449902535,4.6819090346385535,53.2,0.4760112888052682,0.8591162424904532,0.9189189189189197,75.1,0.1
77394,Rubelles,77,247700057,CA Melun Val de Seine,CA,3450,2.198,4.819612241539687,1.1704772586596384,4.8884638449902535,4.6819090346385535,53.2,0.6302916274694262,0.8591162424904532,0.9189189189189197,80.3,0.45
77395,Rumont,77,200023240,CC Pays de Nemours,CC,126,2.074,4.819612241539687,1.1704772586596384,4.8884638449902535,4.6819090346385535,53.2,0.6691752900595799,0.8591162424904532,0.9189189189189197,81.6,0.76
77396,Rupéreux,77,200037133,CC du Provinois,CC,102,1.478,4.819612241539687,1.1704772586596384,4.8884638449902535,4.6819090346385535,53.2,0.8560677328316086,0.8591162424904532,0.9189189189189197,87.8,0.69
77397,Saâcy-sur-Marne,77,200090504,CA Coulommiers Pays de Brie,CA,1869,1.853,4.819612241539687,1.1704772586596384,4.8884638449902535,4.6819090346385535,53.2,0.7384760112888054,0.8591162424904532,0.9189189189189197,83.9,0.84
77398,Sablonnières,77,200072544,CC des Deux Morin,CC,768,0.985,4.819612241539687,1.1704772586596384,4.8884638449902535,4.6819090346385535,53.2,1.0,0.8591162424904532,0.9189189189189197,92.6,0.9
77400,Saint-Augustin,77,200090504,CA Coulommiers Pays de Brie,CA,1865,2.922,4.819612241539687,1.1704772586596384,4.8884638449902535,4.6819090346385535,53.2,0.4032612104107871,0.8591162424904532,0.9189189189189197,72.7,0.04
77401,Sainte-Aulde,77,200090504,CA Coulommiers Pays de Brie,CA,692,2.158,4.819612241539687,1.1704772586596384,4.8884638449902535,4.6819090346385535,53.2,0.6428347444339919,0.8591162424904532,0.9189189189189197,80.7,0.61
77402,Saint-Barthélemy,77,200072544,CC des Deux Morin,CC,340,2.234,4.819612241539687,1.1704772586596384,4.8884638449902535,4.6819090346385535,53.2,0.6190028222013171,0.8591162424904532,0.9189189189189197,79.9,0.16
77403,Saint-Brice,77,200037133,CC du Provinois,CC,812,2.13,4.819612241539687,1.1704772586596384,4.8884638449902535,4.6819090346385535,53.2,0.6516149263091879,0.8591162424904532,0.9189189189189197,81.0,0.44
77404,Sainte-Colombe,77,200037133,CC du Provinois,CC,1778,2.566,4.819612241539687,1.1704772586596384,4.8884638449902535,4.6819090346385535,53.2,0.5148949513954219,0.8591162424904532,0.9189189189189197,76.4,0.15
77405,Saint-Cyr-sur-Morin,77,200072544,CC des Deux Morin,CC,1943,1.581,4.819612241539687,1.1704772586596384,4.8884638449902535,4.6819090346385535,53.2,0.823769206647852,0.8591162424904532,0.9189189189189197,86.7,0.45
77406,Saint-Denis-lès-Rebais,77,200072544,CC des Deux Morin,CC,989,1.533,4.819612241539687,1.1704772586596384,4.8884638449902535,4.6819090346385535,53.2,0.8388209470053309,0.8591162424904532,0.9189189189189197,87.2,0.5
77407,Saint-Fargeau-Ponthierry,77,247700057,CA Melun Val de Seine,CA,15117,2.255,4.819612241539687,1.1704772586596384,4.8884638449902535,4.6819090346385535,53.2,0.6124176857949202,0.8591162424904532,0.9189189189189197,79.7,0.35
77408,Saint-Fiacre,77,200072130,CA du Pays de Meaux,CA,490,2.419,4.819612241539687,1.1704772586596384,4.8884638449902535,4.6819090346385535,53.2,0.5609909062402008,0.8591162424904532,0.9189189189189197,78.0,0.73
77409,Saint-Germain-Laval,77,247700107,CC Pays de Montereau,CC,2887,2.167,4.819612241539687,1.1704772586596384,4.8884638449902535,4.6819090346385535,53.2,0.6400125431169646,0.8591162424904532,0.9189189189189197,80.6,0.52
77410,Saint-Germain-Laxis,77,247700057,CA Melun Val de Seine,CA,737,2.524,4.819612241539687,1.1704772586596384,4.8884638449902535,4.6819090346385535,53.2,0.5280652242082158,0.8591162424904532,0.9189189189189197,76.9,0.15
77411,Saint-Germain-sous-Doue,77,200072544,CC des Deux Morin,CC,553,1.843,4.819612241539687,1.1704772586596384,4.8884638449902535,4.6819090346385535,53.2,0.7416117905299467,0.8591162424904532,0.9189189189189197,84.0,0.32
77412,Saint-Germain-sur-École,77,200072346,CA du Pays de Fontainebleau,CA,371,2.338,4.819612241539687,1.1704772586596384,4.8884638449902535,4.6819090346385535,53.2,0.5863907180934462,0.8591162424904532,0.9189189189189197,78.8,0.44
77413,Saint-Germain-sur-Morin,77,247700339,CA Val d'Europe Agglomération,CA,3892,2.436,4.819612241539687,1.1704772586596384,4.8884638449902535,4.6819090346385535,53.2,0.5556600815302604,0.8591162424904532,0.9189189189189197,77.8,0.4
77414,Saint-Hilliers,77,200037133,CC du Provinois,CC,479,2.16,4.819612241539687,1.1704772586596384,4.8884638449902535,4.6819090346385535,53.2,0.6422075885857635,0.8591162424904532,0.9189189189189197,80.7,0.38
77415,Saint-Jean-les-Deux-Jumeaux,77,200090504,CA Coulommiers Pays de Brie,CA,1294,2.29,4.819612241539687,1.1704772586596384,4.8884638449902535,4.6819090346385535,53.2,0.601442458450925,0.8591162424904532,0.9189189189189197,79.3,0.5
77416,Saint-Just-en-Brie,77,247700701,CC Brie Nangissienne,CC,264,1.359,4.819612241539687,1.1704772586596384,4.8884638449902535,4.6819090346385535,53.2,0.8933835058011916,0.8591162424904532,0.9189189189189197,89.0,1.0
77417,Saint-Léger,77,200072544,CC des Deux Morin,CC,244,0.999,4.819612241539687,1.1704772586596384,4.8884638449902535,4.6819090346385535,53.2,1.0,0.8591162424904532,0.9189189189189197,92.6,0.9
77418,Saint-Loup-de-Naud,77,200037133,CC du Provinois,CC,859,2.496,4.819612241539687,1.1704772586596384,4.8884638449902535,4.6819090346385535,53.2,0.5368454060834118,0.8591162424904532,0.9189189189189197,77.2,0.18
77419,Saint-Mammès,77,247700032,CC Moret Seine et Loing,CC,3232,2.358,4.819612241539687,1.1704772586596384,4.8884638449902535,4.6819090346385535,53.2,0.5801191596111634,0.8591162424904532,0.9189189189189197,78.6,0.53
77420,Saint-Mard,77,200055655,CA Roissy Pays de France,CA,3853,2.816,4.819612241539687,1.1704772586596384,4.8884638449902535,4.6819090346385535,53.2,0.4365004703668862,0.8591162424904532,0.9189189189189197,73.8,0.5
77421,Saint-Mars-Vieux-Maisons,77,200072544,CC des Deux Morin,CC,248,1.137,4.819612241539687,1.1704772586596384,4.8884638449902535,4.6819090346385535,53.2,0.9629978049545312,0.8591162424904532,0.9189189189189197,91.4,0.71
77423,Saint-Martin-des-Champs,77,200072544,CC des Deux Morin,CC,660,1.114,4.819612241539687,1.1704772586596384,4.8884638449902535,4.6819090346385535,53.2,0.9702100972091565,0.8591162424904532,0.9189189189189197,91.6,0.74
77424,Saint-Martin-du-Boschet,77,200037133,CC du Provinois,CC,264,0.389,4.819612241539687,1.1704772586596384,4.8884638449902535,4.6819090346385535,53.2,1.0,0.8591162424904532,0.9189189189189197,92.6,0.94
77425,Saint-Martin-en-Bière,77,200072346,CA du Pays de Fontainebleau,CA,746,1.873,4.819612241539687,1.1704772586596384,4.8884638449902535,4.6819090346385535,53.2,0.7322044528065225,0.8591162424904532,0.9189189189189197,83.7,0.85
77426,Saint-Méry,77,200070779,CC Brie des Rivières et Châteaux,CC,333,1.155,4.819612241539687,1.1704772586596384,4.8884638449902535,4.6819090346385535,53.2,0.9573534023204767,0.8591162424904532,0.9189189189189197,91.2,1.0
77427,Saint-Mesmes,77,200033090,CC Plaines et Monts de France,CC,596,2.11,4.819612241539687,1.1704772586596384,4.8884638449902535,4.6819090346385535,53.2,0.6578864847914707,0.8591162424904532,0.9189189189189197,81.2,0.85
77428,Saint-Ouen-en-Brie,77,247700701,CC Brie Nangissienne,CC,833,1.462,4.819612241539687,1.1704772586596384,4.8884638449902535,4.6819090346385535,53.2,0.861084979617435,0.8591162424904532,0.9189189189189197,88.0,0.92
77429,Saint-Ouen-sur-Morin,77,200072544,CC des Deux Morin,CC,526,1.488,4.819612241539687,1.1704772586596384,4.8884638449902535,4.6819090346385535,53.2,0.8529319535904673,0.8591162424904532,0.9189189189189197,87.7,0.55
77430,Saint-Pathus,77,200033090,CC Plaines et Monts de France,CC,6478,1.939,4.819612241539687,1.1704772586596384,4.8884638449902535,4.6819090346385535,53.2,0.711508309814989,0.8591162424904532,0.9189189189189197,83.0,0.95
77431,Saint-Pierre-lès-Nemours,77,200023240,CC Pays de Nemours,CC,5424,2.474,4.819612241539687,1.1704772586596384,4.8884638449902535,4.6819090346385535,53.2,0.5437441204139228,0.8591162424904532,0.9189189189189197,77.4,0.48
77432,Saint-Rémy-de-la-Vanne,77,200072544,CC des Deux Morin,CC,976,2.082,4.819612241539687,1.1704772586596384,4.8884638449902535,4.6819090346385535,53.2,0.6666666666666667,0.8591162424904532,0.9189189189189197,81.5,0.23
77433,Beautheil-Saints,77,200090504,CA Coulommiers Pays de Brie,CA,2064,2.346,4.819612241539687,1.1704772586596384,4.8884638449902535,4.6819090346385535,53.2,0.5838820947005331,0.8591162424904532,0.9189189189189197,78.7,0.46
77434,Saint-Sauveur-lès-Bray,77,200040251,CC Bassée-Montois,CC,355,1.368,4.819612241539687,1.1704772586596384,4.8884638449902535,4.6819090346385535,53.2,0.8905613044841643,0.8591162424904532,0.9189189189189197,89.0,0.68
77435,Saint-Sauveur-sur-École,77,200072346,CA du Pays de Fontainebleau,CA,1120,1.88,4.819612241539687,1.1704772586596384,4.8884638449902535,4.6819090346385535,53.2,0.7300094073377235,0.8591162424904532,0.9189189189189197,83.6,0.81
77436,Saint-Siméon,77,200072544,CC des Deux Morin,CC,895,2.439,4.819612241539687,1.1704772586596384,4.8884638449902535,4.6819090346385535,53.2,0.5547193477579179,0.8591162424904532,0.9189189189189197,77.8,0.13
77437,Saint-Soupplets,77,200072130,CA du Pays de Meaux,CA,3586,2.143,4.819612241539687,1.1704772586596384,4.8884638449902535,4.6819090346385535,53.2,0.647538413295704,0.8591162424904532,0.9189189189189197,80.9,0.88
77438,Saint-Thibault-des-Vignes,77,247700594,CA Marne et Gondoire,CA,6793,4.076,4.819612241539687,1.1704772586596384,4.8884638449902535,4.6819090346385535,53.2,0.04139228598306699,0.8591162424904532,0.9189189189189197,60.6,0.1
77439,Salins,77,247700107,CC Pays de Montereau,CC,1171,2.142,4.819612241539687,1.1704772586596384,4.8884638449902535,4.6819090346385535,53.2,0.6478519912198182,0.8591162424904532,0.9189189189189197,80.9,0.57
77440,Sammeron,77,200090504,CA Coulommiers Pays de Brie,CA,1160,2.495,4.819612241539687,1.1704772586596384,4.8884638449902535,4.6819090346385535,53.2,0.5371589840075259,0.8591162424904532,0.9189189189189197,77.2,0.29
77441,Samois-sur-Seine,77,200072346,CA du Pays de Fontainebleau,CA,2066,2.989,4.819612241539687,1.1704772586596384,4.8884638449902535,4.6819090346385535,53.2,0.38225148949513965,0.8591162424904532,0.9189189189189197,72.0,0.19
77442,Samoreau,77,200072346,CA du Pays de Fontainebleau,CA,2409,3.182,4.819612241539687,1.1704772586596384,4.8884638449902535,4.6819090346385535,53.2,0.3217309501411101,0.8591162424904532,0.9189189189189197,70.0,0.12
77443,Sancy,77,200090504,CA Coulommiers Pays de Brie,CA,390,2.182,4.819612241539687,1.1704772586596384,4.8884638449902535,4.6819090346385535,53.2,0.6353088742552525,0.8591162424904532,0.9189189189189197,80.4,0.57
77444,Sancy-lès-Provins,77,200037133,CC du Provinois,CC,338,0.456,4.819612241539687,1.1704772586596384,4.8884638449902535,4.6819090346385535,53.2,1.0,0.8591162424904532,0.9189189189189197,92.6,0.94
77445,Savigny-le-Temple,77,200059228,CA Grand Paris Sud Seine Essonne Sénart,CA,30630,1.954,4.819612241539687,1.1704772586596384,4.8884638449902535,4.6819090346385535,53.2,0.7068046409532769,0.8591162424904532,0.9189189189189197,82.8,1.0
77446,Savins,77,200040251,CC Bassée-Montois,CC,604,1.888,4.819612241539687,1.1704772586596384,4.8884638449902535,4.6819090346385535,53.2,0.7275007839448104,0.8591162424904532,0.9189189189189197,83.5,0.24
77447,Seine-Port,77,247700057,CA Melun Val de Seine,CA,1824,2.245,4.819612241539687,1.1704772586596384,4.8884638449902535,4.6819090346385535,53.2,0.6155534650360615,0.8591162424904532,0.9189189189189197,79.8,0.4
77448,Sept-Sorts,77,200090504,CA Coulommiers Pays de Brie,CA,597,2.646,4.819612241539687,1.1704772586596384,4.8884638449902535,4.6819090346385535,53.2,0.4898087174662904,0.8591162424904532,0.9189189189189197,75.6,0.14
77449,Serris,77,247700339,CA Val d'Europe Agglomération,CA,9988,2.845,4.819612241539687,1.1704772586596384,4.8884638449902535,4.6819090346385535,53.2,0.42740671056757606,0.8591162424904532,0.9189189189189197,73.5,0.2
77450,Servon,77,247700644,CC l'Orée de la Brie,CC,3430,3.922,4.819612241539687,1.1704772586596384,4.8884638449902535,4.6819090346385535,53.2,0.08968328629664468,0.8591162424904532,0.9189189189189197,62.3,0.25
77451,Signy-Signets,77,200090504,CA Coulommiers Pays de Brie,CA,620,2.845,4.819612241539687,1.1704772586596384,4.8884638449902535,4.6819090346385535,53.2,0.42740671056757606,0.8591162424904532,0.9189189189189197,73.5,0.06
77452,Sigy,77,200040251,CC Bassée-Montois,CC,70,1.202,4.819612241539687,1.1704772586596384,4.8884638449902535,4.6819090346385535,53.2,0.942615239887112,0.8591162424904532,0.9189189189189197,90.7,0.85
77453,Sivry-Courtry,77,200070779,CC Brie des Rivières et Châteaux,CC,1108,1.911,4.819612241539687,1.1704772586596384,4.8884638449902535,4.6819090346385535,53.2,0.720288491690185,0.8591162424904532,0.9189189189189197,83.3,0.35
77454,Sognolles-en-Montois,77,200040251,CC Bassée-Montois,CC,365,1.838,4.819612241539687,1.1704772586596384,4.8884638449902535,4.6819090346385535,53.2,0.7431796801505175,0.8591162424904532,0.9189189189189197,84.0,0.35
77455,Soignolles-en-Brie,77,200070779,CC Brie des Rivières et Châteaux,CC,2024,1.588,4.819612241539687,1.1704772586596384,4.8884638449902535,4.6819090346385535,53.2,0.821574161179053,0.8591162424904532,0.9189189189189197,86.7,0.63
77456,Soisy-Bouy,77,200037133,CC du Provinois,CC,844,2.192,4.819612241539687,1.1704772586596384,4.8884638449902535,4.6819090346385535,53.2,0.632173095014111,0.8591162424904532,0.9189189189189197,80.3,0.36
77457,Solers,77,200070779,CC Brie des Rivières et Châteaux,CC,1284,1.273,4.819612241539687,1.1704772586596384,4.8884638449902535,4.6819090346385535,53.2,0.920351207275008,0.8591162424904532,0.9189189189189197,89.9,0.95
77458,Souppes-sur-Loing,77,200023919,CC Gâtinais Val de Loing,CC,4974,1.847,4.819612241539687,1.1704772586596384,4.8884638449902535,4.6819090346385535,53.2,0.7403574788334901,0.8591162424904532,0.9189189189189197,83.9,0.5
77459,Sourdun,77,200037133,CC du Provinois,CC,1515,3.191,4.819612241539687,1.1704772586596384,4.8884638449902535,4.6819090346385535,53.2,0.31890874882408293,0.8591162424904532,0.9189189189189197,69.9,0.06
77460,Tancrou,77,247700065,CC du Pays de l'Ourcq,CC,330,1.907,4.819612241539687,1.1704772586596384,4.8884638449902535,4.6819090346385535,53.2,0.7215428033866416,0.8591162424904532,0.9189189189189197,83.3,0.32
77461,Thénisy,77,200040251,CC Bassée-Montois,CC,305,1.47,4.819612241539687,1.1704772586596384,4.8884638449902535,4.6819090346385535,53.2,0.8585763562245219,0.8591162424904532,0.9189189189189197,87.9,0.6
77462,Thieux,77,200055655,CA Roissy Pays de France,CA,905,2.416,4.819612241539687,1.1704772586596384,4.8884638449902535,4.6819090346385535,53.2,0.5619316400125431,0.8591162424904532,0.9189189189189197,78.0,0.83
77463,Thomery,77,247700032,CC Moret Seine et Loing,CC,3417,3.601,4.819612241539687,1.1704772586596384,4.8884638449902535,4.6819090346385535,53.2,0.1903417999372845,0.8591162424904532,0.9189189189189197,65.6,0.06
77464,Thorigny-sur-Marne,77,247700594,CA Marne et Gondoire,CA,10405,1.704,4.819612241539687,1.1704772586596384,4.8884638449902535,4.6819090346385535,53.2,0.7851991219818125,0.8591162424904532,0.9189189189189197,85.4,0.95
77465,Thoury-Férottes,77,247700107,CC Pays de Montereau,CC,653,1.928,4.819612241539687,1.1704772586596384,4.8884638449902535,4.6819090346385535,53.2,0.7149576669802447,0.8591162424904532,0.9189189189189197,83.1,0.62
77466,Tigeaux,77,200090504,CA Coulommiers Pays de Brie,CA,399,1.696,4.819612241539687,1.1704772586596384,4.8884638449902535,4.6819090346385535,53.2,0.7877077453747257,0.8591162424904532,0.9189189189189197,85.5,0.89
77467,La Tombe,77,200040251,CC Bassée-Montois,CC,201,1.765,4.819612241539687,1.1704772586596384,4.8884638449902535,4.6819090346385535,53.2,0.7660708686108498,0.8591162424904532,0.9189189189189197,84.8,0.38
77468,Torcy,77,200057958,CA Paris - Vallée de la Marne,CA,22939,2.483,4.819612241539687,1.1704772586596384,4.8884638449902535,4.6819090346385535,53.2,0.5409219190968956,0.8591162424904532,0.9189189189189197,77.3,0.83
77469,Touquin,77,200090504,CA Coulommiers Pays de Brie,CA,1228,2.093,4.819612241539687,1.1704772586596384,4.8884638449902535,4.6819090346385535,53.2,0.6632173095014111,0.8591162424904532,0.9189189189189197,81.4,0.69
77470,Tournan-en-Brie,77,200023125,CC Les Portes Briardes Entre Villes et Forêts,CC,8324,2.382,4.819612241539687,1.1704772586596384,4.8884638449902535,4.6819090346385535,53.2,0.5725932894324239,0.8591162424904532,0.9189189189189197,78.4,0.8
77471,Tousson,77,200072346,CA du Pays de Fontainebleau,CA,338,2.206,4.819612241539687,1.1704772586596384,4.8884638449902535,4.6819090346385535,53.2,0.6277830040765131,0.8591162424904532,0.9189189189189197,80.2,0.62
77472,La Trétoire,77,200072544,CC des Deux Morin,CC,467,0.874,4.819612241539687,1.1704772586596384,4.8884638449902535,4.6819090346385535,53.2,1.0,0.8591162424904532,0.9189189189189197,92.6,0.9
77473,Treuzy-Levelay,77,247700032,CC Moret Seine et Loing,CC,440,2.354,4.819612241539687,1.1704772586596384,4.8884638449902535,4.6819090346385535,53.2,0.58137347130762,0.8591162424904532,0.9189189189189197,78.6,0.53
77474,Trilbardou,77,200072130,CA du Pays de Meaux,CA,692,3.246,4.819612241539687,1.1704772586596384,4.8884638449902535,4.6819090346385535,53.2,0.301661962997805,0.8591162424904532,0.9189189189189197,69.3,0.04
77475,Trilport,77,200072130,CA du Pays de Meaux,CA,5107,2.684,4.819612241539687,1.1704772586596384,4.8884638449902535,4.6819090346385535,53.2,0.477892756349953,0.8591162424904532,0.9189189189189197,75.2,0.52
77476,Trocy-en-Multien,77,247700065,CC du Pays de l'Ourcq,CC,230,2.307,4.819612241539687,1.1704772586596384,4.8884638449902535,4.6819090346385535,53.2,0.5961116337409846,0.8591162424904532,0.9189189189189197,79.1,0.14
77477,Ury,77,200072346,CA du Pays de Fontainebleau,CA,883,2.909,4.819612241539687,1.1704772586596384,4.8884638449902535,4.6819090346385535,53.2,0.407337723424271,0.8591162424904532,0.9189189189189197,72.8,0.23
77478,Ussy-sur-Marne,77,200090504,CA Coulommiers Pays de Brie,CA,1063,2.574,4.819612241539687,1.1704772586596384,4.8884638449902535,4.6819090346385535,53.2,0.5123863280025087,0.8591162424904532,0.9189189189189197,76.3,0.19
77479,Vaires-sur-Marne,77,200057958,CA Paris - Vallée de la Marne,CA,13791,2.561,4.819612241539687,1.1704772586596384,4.8884638449902535,4.6819090346385535,53.2,0.5164628410159926,0.8591162424904532,0.9189189189189197,76.5,0.75
77480,Valence-en-Brie,77,200070779,CC Brie des Rivières et Châteaux,CC,1023,2.31,4.819612241539687,1.1704772586596384,4.8884638449902535,4.6819090346385535,53.2,0.5951708999686423,0.8591162424904532,0.9189189189189197,79.1,0.06
77481,Vanvillé,77,247700701,CC Brie Nangissienne,CC,186,1.887,4.819612241539687,1.1704772586596384,4.8884638449902535,4.6819090346385535,53.2,0.7278143618689245,0.8591162424904532,0.9189189189189197,83.5,0.15
77482,Varennes-sur-Seine,77,247700107,CC Pays de Montereau,CC,3724,3.323,4.819612241539687,1.1704772586596384,4.8884638449902535,4.6819090346385535,53.2,0.27751646284101605,0.8591162424904532,0.9189189189189197,68.5,0.05
77483,Varreddes,77,200072130,CA du Pays de Meaux,CA,2166,2.682,4.819612241539687,1.1704772586596384,4.8884638449902535,4.6819090346385535,53.2,0.47851991219818135,0.8591162424904532,0.9189189189189197,75.2,0.52
77484,Vaucourtois,77,200090504,CA Coulommiers Pays de Brie,CA,281,1.934,4.819612241539687,1.1704772586596384,4.8884638449902535,4.6819090346385535,53.2,0.7130761994355598,0.8591162424904532,0.9189189189189197,83.0,0.75
77485,Le Vaudoué,77,200072346,CA du Pays de Fontainebleau,CA,731,1.925,4.819612241539687,1.1704772586596384,4.8884638449902535,4.6819090346385535,53.2,0.715898400752587,0.8591162424904532,0.9189189189189197,83.1,0.73
77486,Vaudoy-en-Brie,77,200072874,CC Val Briard,CC,881,1.895,4.819612241539687,1.1704772586596384,4.8884638449902535,4.6819090346385535,53.2,0.7253057384760113,0.8591162424904532,0.9189189189189197,83.4,0.52
77487,Vaux-le-Pénil,77,247700057,CA Melun Val de Seine,CA,11378,1.67,4.819612241539687,1.1704772586596384,4.8884638449902535,4.6819090346385535,53.2,0.7958607714016934,0.8591162424904532,0.9189189189189197,85.8,0.85
77489,Vaux-sur-Lunain,77,200023919,CC Gâtinais Val de Loing,CC,232,0.951,4.819612241539687,1.1704772586596384,4.8884638449902535,4.6819090346385535,53.2,1.0,0.8591162424904532,0.9189189189189197,92.6,0.9
77490,Vendrest,77,247700065,CC du Pays de l'Ourcq,CC,673,1.139,4.819612241539687,1.1704772586596384,4.8884638449902535,4.6819090346385535,53.2,0.962370649106303,0.8591162424904532,0.9189189189189197,91.3,0.95
77492,Verdelot,77,200072544,CC des Deux Morin,CC,626,1.881,4.819612241539687,1.1704772586596384,4.8884638449902535,4.6819090346385535,53.2,0.7296958294136093,0.8591162424904532,0.9189189189189197,83.6,0.29
77493,Verneuil-l'Étang,77,247700701,CC Brie Nangissienne,CC,3211,1.51,4.819612241539687,1.1704772586596384,4.8884638449902535,4.6819090346385535,53.2,0.8460332392599561,0.8591162424904532,0.9189189189189197,87.5,0.78
77494,Vernou-la-Celle-sur-Seine,77,247700032,CC Moret Seine et Loing,CC,2621,2.587,4.819612241539687,1.1704772586596384,4.8884638449902535,4.6819090346385535,53.2,0.5083098149890248,0.8591162424904532,0.9189189189189197,76.2,0.39
77495,Vert-Saint-Denis,77,200059228,CA Grand Paris Sud Seine Essonne Sénart,CA,9057,2.961,4.819612241539687,1.1704772586596384,4.8884638449902535,4.6819090346385535,53.2,0.3910316713703357,0.8591162424904532,0.9189189189189197,72.3,0.52
77496,Vieux-Champagne,77,247700701,CC Brie Nangissienne,CC,190,1.49,4.819612241539687,1.1704772586596384,4.8884638449902535,4.6819090346385535,53.2,0.852304797742239,0.8591162424904532,0.9189189189189197,87.7,0.85
77498,Vignely,77,200072130,CA du Pays de Meaux,CA,323,2.758,4.819612241539687,1.1704772586596384,4.8884638449902535,4.6819090346385535,53.2,0.4546879899655065,0.8591162424904532,0.9189189189189197,74.4,0.42
77500,Villebéon,77,200023919,CC Gâtinais Val de Loing,CC,464,0.921,4.819612241539687,1.1704772586596384,4.8884638449902535,4.6819090346385535,53.2,1.0,0.8591162424904532,0.9189189189189197,92.6,0.9
77501,Villecerf,77,247700032,CC Moret Seine et Loing,CC,723,2.856,4.819612241539687,1.1704772586596384,4.8884638449902535,4.6819090346385535,53.2,0.42395735340232055,0.8591162424904532,0.9189189189189197,73.4,0.28
77504,Villemaréchal,77,247700032,CC Moret Seine et Loing,CC,1067,1.601,4.819612241539687,1.1704772586596384,4.8884638449902535,4.6819090346385535,53.2,0.8174976481655691,0.8591162424904532,0.9189189189189197,86.5,0.83
77505,Villemareuil,77,200072130,CA du Pays de Meaux,CA,383,2.329,4.819612241539687,1.1704772586596384,4.8884638449902535,4.6819090346385535,53.2,0.5892129194104735,0.8591162424904532,0.9189189189189197,78.9,0.81
77506,Villemer,77,247700032,CC Moret Seine et Loing,CC,766,1.956,4.819612241539687,1.1704772586596384,4.8884638449902535,4.6819090346385535,53.2,0.7061774851050486,0.8591162424904532,0.9189189189189197,82.8,0.78
77507,Villenauxe-la-Petite,77,200040251,CC Bassée-Montois,CC,453,1.476,4.819612241539687,1.1704772586596384,4.8884638449902535,4.6819090346385535,53.2,0.856694888679837,0.8591162424904532,0.9189189189189197,87.8,0.57
77508,Villeneuve-le-Comte,77,247700339,CA Val d'Europe Agglomération,CA,1869,2.624,4.819612241539687,1.1704772586596384,4.8884638449902535,4.6819090346385535,53.2,0.49670743179680155,0.8591162424904532,0.9189189189189197,75.8,0.3
77509,Villeneuve-les-Bordes,77,200040251,CC Bassée-Montois,CC,614,1.378,4.819612241539687,1.1704772586596384,4.8884638449902535,4.6819090346385535,53.2,0.887425525243023,0.8591162424904532,0.9189189189189197,88.8,0.64
77510,Villeneuve-Saint-Denis,77,247700339,CA Val d'Europe Agglomération,CA,1383,3.197,4.819612241539687,1.1704772586596384,4.8884638449902535,4.6819090346385535,53.2,0.31702728127939794,0.8591162424904532,0.9189189189189197,69.8,0.1
77511,Villeneuve-sous-Dammartin,77,200055655,CA Roissy Pays de France,CA,612,1.803,4.819612241539687,1.1704772586596384,4.8884638449902535,4.6819090346385535,53.2,0.7541549074945124,0.8591162424904532,0.9189189189189197,84.4,0.9
77512,Villeneuve-sur-Bellot,77,200072544,CC des Deux Morin,CC,1143,0.79,4.819612241539687,1.1704772586596384,4.8884638449902535,4.6819090346385535,53.2,1.0,0.8591162424904532,0.9189189189189197,92.6,0.9
77513,Villenoy,77,200072130,CA du Pays de Meaux,CA,5073,3.15,4.819612241539687,1.1704772586596384,4.8884638449902535,4.6819090346385535,53.2,0.33176544371276273,0.8591162424904532,0.9189189189189197,70.3,0.08
77514,Villeparisis,77,200055655,CA Roissy Pays de France,CA,26794,1.541,4.819612241539687,1.1704772586596384,4.8884638449902535,4.6819090346385535,53.2,0.8363123236124177,0.8591162424904532,0.9189189189189197,87.1,0.95
77515,Villeroy,77,200033090,CC Plaines et Monts de France,CC,692,2.261,4.819612241539687,1.1704772586596384,4.8884638449902535,4.6819090346385535,53.2,0.6105362182502352,0.8591162424904532,0.9189189189189197,79.6,0.7
77516,Ville-Saint-Jacques,77,247700032,CC Moret Seine et Loing,CC,811,2.905,4.819612241539687,1.1704772586596384,4.8884638449902535,4.6819090346385535,53.2,0.4085920351207276,0.8591162424904532,0.9189189189189197,72.9,0.22
77517,Villevaudé,77,200033090,CC Plaines et Monts de France,CC,2114,3.954,4.819612241539687,1.1704772586596384,4.8884638449902535,4.6819090346385535,53.2,0.07964879272499215,0.8591162424904532,0.9189189189189197,61.9,0.1
77518,Villiers-en-Bière,77,247700057,CA Melun Val de Seine,CA,242,2.294,4.819612241539687,1.1704772586596384,4.8884638449902535,4.6819090346385535,53.2,0.6001881467544685,0.8591162424904532,0.9189189189189197,79.3,0.25
77519,Villiers-Saint-Georges,77,200037133,CC du Provinois,CC,1159,1.026,4.819612241539687,1.1704772586596384,4.8884638449902535,4.6819090346385535,53.2,0.997804954531201,0.8591162424904532,0.9189189189189197,92.5,0.85
77520,Villiers-sous-Grez,77,200023240,CC Pays de Nemours,CC,684,2.935,4.819612241539687,1.1704772586596384,4.8884638449902535,4.6819090346385535,53.2,0.3991846973973032,0.8591162424904532,0.9189189189189197,72.6,0.19
77521,Villiers-sur-Morin,77,200090504,CA Coulommiers Pays de Brie,CA,2067,2.439,4.819612241539687,1.1704772586596384,4.8884638449902535,4.6819090346385535,53.2,0.5547193477579179,0.8591162424904532,0.9189189189189197,77.8,0.4
77522,Villiers-sur-Seine,77,200040251,CC Bassée-Montois,CC,285,2.282,4.819612241539687,1.1704772586596384,4.8884638449902535,4.6819090346385535,53.2,0.6039510818438383,0.8591162424904532,0.9189189189189197,79.4,0.12
77523,Villuis,77,200040251,CC Bassée-Montois,CC,263,1.636,4.819612241539687,1.1704772586596384,4.8884638449902535,4.6819090346385535,53.2,0.8065224208215742,0.8591162424904532,0.9189189189189197,86.2,0.43
77524,Vimpelles,77,200040251,CC Bassée-Montois,CC,521,1.182,4.819612241539687,1.1704772586596384,4.8884638449902535,4.6819090346385535,53.2,0.9488867983693948,0.8591162424904532,0.9189189189189197,90.9,0.9
77525,Vinantes,77,200033090,CC Plaines et Monts de France,CC,380,2.145,4.819612241539687,1.1704772586596384,4.8884638449902535,4.6819090346385535,53.2,0.6469112574474758,0.8591162424904532,0.9189189189189197,80.8,0.75
77526,Vincy-Manœuvre,77,247700065,CC du Pays de l'Ourcq,CC,274,1.453,4.819612241539687,1.1704772586596384,4.8884638449902535,4.6819090346385535,53.2,0.8639071809344623,0.8591162424904532,0.9189189189189197,88.1,0.8
77527,Voinsles,77,200072874,CC Val Briard,CC,573,2.287,4.819612241539687,1.1704772586596384,4.8884638449902535,4.6819090346385535,53.2,0.6023831922232675,0.8591162424904532,0.9189189189189197,79.3,0.14
77528,Voisenon,77,247700057,CA Melun Val de Seine,CA,1169,2.62,4.819612241539687,1.1704772586596384,4.8884638449902535,4.6819090346385535,53.2,0.49796174349325806,0.8591162424904532,0.9189189189189197,75.9,0.1
77529,Voulangis,77,200090504,CA Coulommiers Pays de Brie,CA,1504,1.168,4.819612241539687,1.1704772586596384,4.8884638449902535,4.6819090346385535,53.2,0.9532768893069928,0.8591162424904532,0.9189189189189197,91.0,0.98
77530,Voulton,77,200037133,CC du Provinois,CC,298,1.517,4.819612241539687,1.1704772586596384,4.8884638449902535,4.6819090346385535,53.2,0.8438381937911572,0.8591162424904532,0.9189189189189197,87.4,0.64
77531,Voulx,77,247700107,CC Pays de Montereau,CC,1622,1.207,4.819612241539687,1.1704772586596384,4.8884638449902535,4.6819090346385535,53.2,0.9410473502665413,0.8591162424904532,0.9189189189189197,90.6,0.86
77532,Vulaines-lès-Provins,77,200037133,CC du Provinois,CC,75,2.909,4.819612241539687,1.1704772586596384,4.8884638449902535,4.6819090346385535,53.2,0.407337723424271,0.8591162424904532,0.9189189189189197,72.8,0.1
77533,Vulaines-sur-Seine,77,200072346,CA du Pays de Fontainebleau,CA,2720,2.672,4.819612241539687,1.1704772586596384,4.8884638449902535,4.6819090346385535,53.2,0.48165569143932263,0.8591162424904532,0.9189189189189197,75.3,0.31
77534,Yèbles,77,200070779,CC Brie des Rivières et Châteaux,CC,970,1.436,4.819612241539687,1.1704772586596384,4.8884638449902535,4.6819090346385535,53.2,0.8692380056444027,0.8591162424904532,0.9189189189189197,88.2,0.84
78003,Ablis,78,200073344,CA Rambouillet Territoires,CA,3814,3.167,7.886982263808678,3.195587641370757,7.615017358160103,7.683008584572247,52.8,0.32643461900282233,0.349729589646841,0.8108108108108102,49.6,0.33
78005,Achères,78,200059889,CU Grand Paris Seine et Oise,CU,21663,1.995,7.886982263808678,3.195587641370757,7.615017358160103,7.683008584572247,52.8,0.6939479460645971,0.349729589646841,0.8108108108108102,61.8,0.69
78006,Adainville,78,247800550,CC du Pays Houdanais (CCPH),CC,647,1.531,7.886982263808678,3.195587641370757,7.615017358160103,7.683008584572247,52.8,0.8394481028535592,0.349729589646841,0.8108108108108102,66.7,0.56
78007,Aigremont,78,200058519,CA Saint Germain Boucles de Seine,CA,1082,3.042,7.886982263808678,3.195587641370757,7.615017358160103,7.683008584572247,52.8,0.3656318595170901,0.349729589646841,0.8108108108108102,50.9,0.26
78009,Allainville,78,200073344,CA Rambouillet Territoires,CA,281,2.499,7.886982263808678,3.195587641370757,7.615017358160103,7.683008584572247,52.8,0.5359046723110693,0.349729589646841,0.8108108108108102,56.5,0.72
78010,Les Alluets-le-Roi,78,200059889,CU Grand Paris Seine et Oise,CU,1332,1.595,7.886982263808678,3.195587641370757,7.615017358160103,7.683008584572247,52.8,0.819379115710254,0.349729589646841,0.8108108108108102,66.0,0.89
78013,Andelu,78,200034130,CC Gally Mauldre,CC,527,2.206,7.886982263808678,3.195587641370757,7.615017358160103,7.683008584572247,52.8,0.6277830040765131,0.349729589646841,0.8108108108108102,59.6,0.45
78015,Andrésy,78,200059889,CU Grand Paris Seine et Oise,CU,13663,2.627,7.886982263808678,3.195587641370757,7.615017358160103,7.683008584572247,52.8,0.49576669802445916,0.349729589646841,0.8108108108108102,55.2,0.42
78020,Arnouville-lès-Mantes,78,200059889,CU Grand Paris Seine et Oise,CU,940,2.111,7.886982263808678,3.195587641370757,7.615017358160103,7.683008584572247,52.8,0.6575729068673566,0.349729589646841,0.8108108108108102,60.6,0.62
78029,Aubergenville,78,200059889,CU Grand Paris Seine et Oise,CU,12540,3.231,7.886982263808678,3.195587641370757,7.615017358160103,7.683008584572247,52.8,0.30636563185951715,0.349729589646841,0.8108108108108102,48.9,0.15
78030,Auffargis,78,200073344,CA Rambouillet Territoires,CA,1967,2.247,7.886982263808678,3.195587641370757,7.615017358160103,7.683008584572247,52.8,0.6149263091878332,0.349729589646841,0.8108108108108102,59.2,0.81
78031,Auffreville-Brasseuil,78,200059889,CU Grand Paris Seine et Oise,CU,669,2.894,7.886982263808678,3.195587641370757,7.615017358160103,7.683008584572247,52.8,0.41204139228598313,0.349729589646841,0.8108108108108102,52.4,0.25
78033,Aulnay-sur-Mauldre,78,200059889,CU Grand Paris Seine et Oise,CU,1159,1.989,7.886982263808678,3.195587641370757,7.615017358160103,7.683008584572247,52.8,0.695829413609282,0.349729589646841,0.8108108108108102,61.9,0.71
78034,Auteuil,78,247800618,CC Coeur d'Yvelines,CC,1005,2.281,7.886982263808678,3.195587641370757,7.615017358160103,7.683008584572247,52.8,0.6042646597679524,0.349729589646841,0.8108108108108102,58.8,0.45
78036,Autouillet,78,247800618,CC Coeur d'Yvelines,CC,655,2.349,7.886982263808678,3.195587641370757,7.615017358160103,7.683008584572247,52.8,0.5829413609281906,0.349729589646841,0.8108108108108102,58.1,0.37
78043,Bailly,78,247800584,CA Versailles Grand Parc (CAVGP),CA,3690,3.088,7.886982263808678,3.195587641370757,7.615017358160103,7.683008584572247,52.8,0.35120727500783944,0.349729589646841,0.8108108108108102,50.4,0.31
78048,Bazainville,78,247800550,CC du Pays Houdanais (CCPH),CC,1456,2.091,7.886982263808678,3.195587641370757,7.615017358160103,7.683008584572247,52.8,0.6638444653496394,0.349729589646841,0.8108108108108102,60.8,0.12
78049,Bazemont,78,200034130,CC Gally Mauldre,CC,1712,1.917,7.886982263808678,3.195587641370757,7.615017358160103,7.683008584572247,52.8,0.7184070241455002,0.349729589646841,0.8108108108108102,62.6,0.77
78050,Bazoches-sur-Guyonne,78,247800618,CC Coeur d'Yvelines,CC,697,2.593,7.886982263808678,3.195587641370757,7.615017358160103,7.683008584572247,52.8,0.50642834744434,0.349729589646841,0.8108108108108102,55.6,0.13
78053,Béhoust,78,247800618,CC Coeur d'Yvelines,CC,523,1.459,7.886982263808678,3.195587641370757,7.615017358160103,7.683008584572247,52.8,0.8620257133897774,0.349729589646841,0.8108108108108102,67.4,1.0
78057,Bennecourt,78,200071074,CC Les Portes de l'Ile de France,CC,1792,1.868,7.886982263808678,3.195587641370757,7.615017358160103,7.683008584572247,52.8,0.7337723424270932,0.349729589646841,0.8108108108108102,63.1,0.44
78062,Beynes,78,247800618,CC Coeur d'Yvelines,CC,7635,2.09,7.886982263808678,3.195587641370757,7.615017358160103,7.683008584572247,52.8,0.6641580432737536,0.349729589646841,0.8108108108108102,60.8,0.68
78068,Blaru,78,200071074,CC Les Portes de l'Ile de France,CC,886,2.342,7.886982263808678,3.195587641370757,7.615017358160103,7.683008584572247,52.8,0.5851364063969897,0.349729589646841,0.8108108108108102,58.2,0.22
78070,Boinville-en-Mantois,78,200059889,CU Grand Paris Seine et Oise,CU,287,2.301,7.886982263808678,3.195587641370757,7.615017358160103,7.683008584572247,52.8,0.5979931012856694,0.349729589646841,0.8108108108108102,58.6,0.52
78071,Boinville-le-Gaillard,78,200073344,CA Rambouillet Territoires,CA,601,2.138,7.886982263808678,3.195587641370757,7.615017358160103,7.683008584572247,52.8,0.6491063029162747,0.349729589646841,0.8108108108108102,60.3,0.85
78072,Boinvilliers,78,247800550,CC du Pays Houdanais (CCPH),CC,246,1.469,7.886982263808678,3.195587641370757,7.615017358160103,7.683008584572247,52.8,0.858889934148636,0.349729589646841,0.8108108108108102,67.3,0.66
78073,Bois-d'Arcy,78,247800584,CA Versailles Grand Parc (CAVGP),CA,16225,5.419,7.886982263808678,3.195587641370757,7.615017358160103,7.683008584572247,52.8,0.0,0.349729589646841,0.8108108108108102,38.7,0.06
78076,Boissets,78,247800550,CC du Pays Houdanais (CCPH),CC,291,1.477,7.886982263808678,3.195587641370757,7.615017358160103,7.683008584572247,52.8,0.8563813107557228,0.349729589646841,0.8108108108108102,67.2,0.61
78077,La Boissière-École,78,200073344,CA Rambouillet Territoires,CA,748,2.144,7.886982263808678,3.195587641370757,7.615017358160103,7.683008584572247,52.8,0.6472248353715899,0.349729589646841,0.8108108108108102,60.3,0.85
78082,Boissy-Mauvoisin,78,200071074,CC Les Portes de l'Ile de France,CC,638,1.063,7.886982263808678,3.195587641370757,7.615017358160103,7.683008584572247,52.8,0.9862025713389778,0.349729589646841,0.8108108108108102,71.6,0.83
78084,Boissy-sans-Avoir,78,247800618,CC Coeur d'Yvelines,CC,614,2.752,7.886982263808678,3.195587641370757,7.615017358160103,7.683008584572247,52.8,0.4565694575101914,0.349729589646841,0.8108108108108102,53.9,0.06
78087,Bonnelles,78,200073344,CA Rambouillet Territoires,CA,2211,2.551,7.886982263808678,3.195587641370757,7.615017358160103,7.683008584572247,52.8,0.5195986202571339,0.349729589646841,0.8108108108108102,56.0,0.69
78089,Bonnières-sur-Seine,78,200071074,CC Les Portes de l'Ile de France,CC,5077,2.714,7.886982263808678,3.195587641370757,7.615017358160103,7.683008584572247,52.8,0.4684854186265287,0.349729589646841,0.8108108108108102,54.3,0.06
78090,Bouafle,78,200059889,CU Grand Paris Seine et Oise,CU,2222,3.733,7.886982263808678,3.195587641370757,7.615017358160103,7.683008584572247,52.8,0.14894951395421763,0.349729589646841,0.8108108108108102,43.6,0.08
78092,Bougival,78,247800584,CA Versailles Grand Parc (CAVGP),CA,9083,3.062,7.886982263808678,3.195587641370757,7.615017358160103,7.683008584572247,52.8,0.3593603010348072,0.349729589646841,0.8108108108108102,50.7,0.39
78096,Bourdonné,78,247800550,CC du Pays Houdanais (CCPH),CC,506,1.484,7.886982263808678,3.195587641370757,7.615017358160103,7.683008584572247,52.8,0.8541862652869239,0.349729589646841,0.8108108108108102,67.2,0.61
78104,Breuil-Bois-Robert,78,200059889,CU Grand Paris Seine et Oise,CU,764,2.682,7.886982263808678,3.195587641370757,7.615017358160103,7.683008584572247,52.8,0.47851991219818135,0.349729589646841,0.8108108108108102,54.6,0.37
78107,Bréval,78,200071074,CC Les Portes de l'Ile de France,CC,2031,1.327,7.886982263808678,3.195587641370757,7.615017358160103,7.683008584572247,52.8,0.9034179993728442,0.349729589646841,0.8108108108108102,68.8,0.72
78108,Les Bréviaires,78,200073344,CA Rambouillet Territoires,CA,1326,1.992,7.886982263808678,3.195587641370757,7.615017358160103,7.683008584572247,52.8,0.6948886798369396,0.349729589646841,0.8108108108108102,61.8,0.92
78113,Brueil-en-Vexin,78,200059889,CU Grand Paris Seine et Oise,CU,667,2.984,7.886982263808678,3.195587641370757,7.615017358160103,7.683008584572247,52.8,0.3838193791157103,0.349729589646841,0.8108108108108102,51.5,0.19
78117,Buc,78,247800584,CA Versailles Grand Parc (CAVGP),CA,5868,2.774,7.886982263808678,3.195587641370757,7.615017358160103,7.683008584572247,52.8,0.44967074317968014,0.349729589646841,0.8108108108108102,53.7,0.56
78118,Buchelay,78,200059889,CU Grand Paris Seine et Oise,CU,3364,2.948,7.886982263808678,3.195587641370757,7.615017358160103,7.683008584572247,52.8,0.39510818438381945,0.349729589646841,0.8108108108108102,51.9,0.22
78120,Bullion,78,200073344,CA Rambouillet Territoires,CA,1915,2.293,7.886982263808678,3.195587641370757,7.615017358160103,7.683008584572247,52.8,0.6005017246785826,0.349729589646841,0.8108108108108102,58.7,0.78
78123,Carrières-sous-Poissy,78,200059889,CU Grand Paris Seine et Oise,CU,19951,2.788,7.886982263808678,3.195587641370757,7.615017358160103,7.683008584572247,52.8,0.44528065224208224,0.349729589646841,0.8108108108108102,53.5,0.3
78124,Carrières-sur-Seine,78,200058519,CA Saint Germain Boucles de Seine,CA,15002,1.334,7.886982263808678,3.195587641370757,7.615017358160103,7.683008584572247,52.8,0.9012229539040452,0.349729589646841,0.8108108108108102,68.7,0.84
78125,La Celle-les-Bordes,78,200073344,CA Rambouillet Territoires,CA,832,3.13,7.886982263808678,3.195587641370757,7.615017358160103,7.683008584572247,52.8,0.3380370021950455,0.349729589646841,0.8108108108108102,50.0,0.39
78126,La Celle-Saint-Cloud,78,247800584,CA Versailles Grand Parc (CAVGP),CA,20440,2.468,7.886982263808678,3.195587641370757,7.615017358160103,7.683008584572247,52.8,0.5456255879586078,0.349729589646841,0.8108108108108102,56.9,0.78
78128,Cernay-la-Ville,78,200073344,CA Rambouillet Territoires,CA,1526,3.439,7.886982263808678,3.195587641370757,7.615017358160103,7.683008584572247,52.8,0.24114142364377555,0.349729589646841,0.8108108108108102,46.7,0.17
78133,Chambourcy,78,200058519,CA Saint Germain Boucles de Seine,CA,5826,3.426,7.886982263808678,3.195587641370757,7.615017358160103,7.683008584572247,52.8,0.24521793665725933,0.349729589646841,0.8108108108108102,46.9,0.16
78138,Chanteloup-les-Vignes,78,200059889,CU Grand Paris Seine et Oise,CU,10793,3.039,7.886982263808678,3.195587641370757,7.615017358160103,7.683008584572247,52.8,0.3665725932894325,0.349729589646841,0.8108108108108102,50.9,0.18
78140,Chapet,78,200059889,CU Grand Paris Seine et Oise,CU,1337,3.299,7.886982263808678,3.195587641370757,7.615017358160103,7.683008584572247,52.8,0.28504233301975546,0.349729589646841,0.8108108108108102,48.2,0.12
78143,Châteaufort,78,247800584,CA Versailles Grand Parc (CAVGP),CA,1540,3.413,7.886982263808678,3.195587641370757,7.615017358160103,7.683008584572247,52.8,0.24929444967074332,0.349729589646841,0.8108108108108102,47.0,0.17
78146,Chatou,78,200058519,CA Saint Germain Boucles de Seine,CA,30054,2.559,7.886982263808678,3.195587641370757,7.615017358160103,7.683008584572247,52.8,0.5170899968642207,0.349729589646841,0.8108108108108102,55.9,0.37
78147,Chaufour-lès-Bonnières,78,200071074,CC Les Portes de l'Ile de France,CC,454,2.307,7.886982263808678,3.195587641370757,7.615017358160103,7.683008584572247,52.8,0.5961116337409846,0.349729589646841,0.8108108108108102,58.6,0.33
78152,Chavenay,78,200034130,CC Gally Mauldre,CC,1741,2.37,7.886982263808678,3.195587641370757,7.615017358160103,7.683008584572247,52.8,0.5763562245217937,0.349729589646841,0.8108108108108102,57.9,0.27
78158,Le Chesnay-Rocquencourt,78,247800584,CA Versailles Grand Parc (CAVGP),CA,31064,2.827,7.886982263808678,3.195587641370757,7.615017358160103,7.683008584572247,52.8,0.4330511132016307,0.349729589646841,0.8108108108108102,53.1,0.44
78160,Chevreuse,78,200033173,CC de la Haute Vallée de Chevreuse,CC,5531,2.335,7.886982263808678,3.195587641370757,7.615017358160103,7.683008584572247,52.8,0.5873314518657887,0.349729589646841,0.8108108108108102,58.3,0.9
78162,Choisel,78,200033173,CC de la Haute Vallée de Chevreuse,CC,537,2.491,7.886982263808678,3.195587641370757,7.615017358160103,7.683008584572247,52.8,0.5384132957039824,0.349729589646841,0.8108108108108102,56.6,0.6
78163,Civry-la-Forêt,78,247800550,CC du Pays Houdanais (CCPH),CC,369,1.401,7.886982263808678,3.195587641370757,7.615017358160103,7.683008584572247,52.8,0.8802132329883976,0.349729589646841,0.8108108108108102,68.0,0.7
78164,Clairefontaine-en-Yvelines,78,200073344,CA Rambouillet Territoires,CA,851,3.762,7.886982263808678,3.195587641370757,7.615017358160103,7.683008584572247,52.8,0.13985575415490759,0.349729589646841,0.8108108108108102,43.3,0.08
78165,Les Clayes-sous-Bois,78,200058782,CA de Saint Quentin en Yvelines,CA,16940,1.341,7.886982263808678,3.195587641370757,7.615017358160103,7.683008584572247,52.8,0.8990279084352462,0.349729589646841,0.8108108108108102,68.7,1.0
78168,Coignières,78,200058782,CA de Saint Quentin en Yvelines,CA,4385,3.109,7.886982263808678,3.195587641370757,7.615017358160103,7.683008584572247,52.8,0.34462213860144253,0.349729589646841,0.8108108108108102,50.2,0.5
78171,Condé-sur-Vesgre,78,247800550,CC du Pays Houdanais (CCPH),CC,1264,1.264,7.886982263808678,3.195587641370757,7.615017358160103,7.683008584572247,52.8,0.9231734085920351,0.349729589646841,0.8108108108108102,69.5,0.81
78172,Conflans-Sainte-Honorine,78,200059889,CU Grand Paris Seine et Oise,CU,36306,2.533,7.886982263808678,3.195587641370757,7.615017358160103,7.683008584572247,52.8,0.5252430228911885,0.349729589646841,0.8108108108108102,56.2,0.48
78185,Courgent,78,247800550,CC du Pays Houdanais (CCPH),CC,398,1.138,7.886982263808678,3.195587641370757,7.615017358160103,7.683008584572247,52.8,0.9626842270304171,0.349729589646841,0.8108108108108102,70.8,0.94
78188,Cravent,78,200071074,CC Les Portes de l'Ile de France,CC,436,1.712,7.886982263808678,3.195587641370757,7.615017358160103,7.683008584572247,52.8,0.7826904985888994,0.349729589646841,0.8108108108108102,64.8,0.5
78189,Crespières,78,200034130,CC Gally Mauldre,CC,1717,1.792,7.886982263808678,3.195587641370757,7.615017358160103,7.683008584572247,52.8,0.757604264659768,0.349729589646841,0.8108108108108102,63.9,1.0
78190,Croissy-sur-Seine,78,200058519,CA Saint Germain Boucles de Seine,CA,10580,2.11,7.886982263808678,3.195587641370757,7.615017358160103,7.683008584572247,52.8,0.6578864847914707,0.349729589646841,0.8108108108108102,60.6,0.61
78192,Dammartin-en-Serve,78,247800550,CC du Pays Houdanais (CCPH),CC,1417,1.196,7.886982263808678,3.195587641370757,7.615017358160103,7.683008584572247,52.8,0.9444967074317968,0.349729589646841,0.8108108108108102,70.2,0.88
78193,Dampierre-en-Yvelines,78,200033173,CC de la Haute Vallée de Chevreuse,CC,1003,2.536,7.886982263808678,3.195587641370757,7.615017358160103,7.683008584572247,52.8,0.524302289118846,0.349729589646841,0.8108108108108102,56.2,0.5
78194,Dannemarie,78,247800550,CC du Pays Houdanais (CCPH),CC,226,1.765,7.886982263808678,3.195587641370757,7.615017358160103,7.683008584572247,52.8,0.7660708686108498,0.349729589646841,0.8108108108108102,64.2,0.28
78196,Davron,78,200034130,CC Gally Mauldre,CC,282,2.574,7.886982263808678,3.195587641370757,7.615017358160103,7.683008584572247,52.8,0.5123863280025087,0.349729589646841,0.8108108108108102,55.8,0.18
78202,Drocourt,78,200059889,CU Grand Paris Seine et Oise,CU,556,2.117,7.886982263808678,3.195587641370757,7.615017358160103,7.683008584572247,52.8,0.6556914393226717,0.349729589646841,0.8108108108108102,60.5,0.6
78206,Ecquevilly,78,200059889,CU Grand Paris Seine et Oise,CU,4090,2.924,7.886982263808678,3.195587641370757,7.615017358160103,7.683008584572247,52.8,0.40263405456255885,0.349729589646841,0.8108108108108102,52.1,0.23
78208,Élancourt,78,200058782,CA de Saint Quentin en Yvelines,CA,26348,2.368,7.886982263808678,3.195587641370757,7.615017358160103,7.683008584572247,52.8,0.5769833803700221,0.349729589646841,0.8108108108108102,57.9,0.83
78209,Émancé,78,200073344,CA Rambouillet Territoires,CA,882,2.918,7.886982263808678,3.195587641370757,7.615017358160103,7.683008584572247,52.8,0.4045155221072436,0.349729589646841,0.8108108108108102,52.2,0.5
78217,Épône,78,200059889,CU Grand Paris Seine et Oise,CU,6778,3.086,7.886982263808678,3.195587641370757,7.615017358160103,7.683008584572247,52.8,0.3518344308560678,0.349729589646841,0.8108108108108102,50.4,0.16
78220,Les Essarts-le-Roi,78,200073344,CA Rambouillet Territoires,CA,6772,2.856,7.886982263808678,3.195587641370757,7.615017358160103,7.683008584572247,52.8,0.42395735340232055,0.349729589646841,0.8108108108108102,52.8,0.56
78224,L'Étang-la-Ville,78,200058519,CA Saint Germain Boucles de Seine,CA,4915,2.333,7.886982263808678,3.195587641370757,7.615017358160103,7.683008584572247,52.8,0.5879586077140169,0.349729589646841,0.8108108108108102,58.3,0.53
78227,Évecquemont,78,200059889,CU Grand Paris Seine et Oise,CU,759,2.035,7.886982263808678,3.195587641370757,7.615017358160103,7.683008584572247,52.8,0.6814048291000314,0.349729589646841,0.8108108108108102,61.4,0.64
78230,La Falaise,78,200059889,CU Grand Paris Seine et Oise,CU,616,2.771,7.886982263808678,3.195587641370757,7.615017358160103,7.683008584572247,52.8,0.45061147695202264,0.349729589646841,0.8108108108108102,53.7,0.33
78231,Favrieux,78,200059889,CU Grand Paris Seine et Oise,CU,159,1.782,7.886982263808678,3.195587641370757,7.615017358160103,7.683008584572247,52.8,0.7607400439009094,0.349729589646841,0.8108108108108102,64.0,0.82
78233,Feucherolles,78,200034130,CC Gally Mauldre,CC,3038,2.337,7.886982263808678,3.195587641370757,7.615017358160103,7.683008584572247,52.8,0.5867042960175604,0.349729589646841,0.8108108108108102,58.2,0.36
78234,Flacourt,78,200059889,CU Grand Paris Seine et Oise,CU,185,1.469,7.886982263808678,3.195587641370757,7.615017358160103,7.683008584572247,52.8,0.858889934148636,0.349729589646841,0.8108108108108102,67.3,0.93
78236,Flexanville,78,247800618,CC Coeur d'Yvelines,CC,572,1.989,7.886982263808678,3.195587641370757,7.615017358160103,7.683008584572247,52.8,0.695829413609282,0.349729589646841,0.8108108108108102,61.9,0.77
78237,Flins-Neuve-Église,78,247800550,CC du Pays Houdanais (CCPH),CC,160,1.404,7.886982263808678,3.195587641370757,7.615017358160103,7.683008584572247,52.8,0.8792724992160552,0.349729589646841,0.8108108108108102,68.0,0.7
78238,Flins-sur-Seine,78,200059889,CU Grand Paris Seine et Oise,CU,2436,4.508,7.886982263808678,3.195587641370757,7.615017358160103,7.683008584572247,52.8,0.0,0.349729589646841,0.8108108108108102,38.7,0.01
78239,Follainville-Dennemont,78,200059889,CU Grand Paris Seine et Oise,CU,2178,1.802,7.886982263808678,3.195587641370757,7.615017358160103,7.683008584572247,52.8,0.7544684854186265,0.349729589646841,0.8108108108108102,63.8,0.79
78242,Fontenay-le-Fleury,78,247800584,CA Versailles Grand Parc (CAVGP),CA,13640,2.214,7.886982263808678,3.195587641370757,7.615017358160103,7.683008584572247,52.8,0.6252743806835999,0.349729589646841,0.8108108108108102,59.5,0.83
78245,Fontenay-Mauvoisin,78,200059889,CU Grand Paris Seine et Oise,CU,449,2.02,7.886982263808678,3.195587641370757,7.615017358160103,7.683008584572247,52.8,0.6861084979617436,0.349729589646841,0.8108108108108102,61.6,0.66
78246,Fontenay-Saint-Père,78,200059889,CU Grand Paris Seine et Oise,CU,955,1.787,7.886982263808678,3.195587641370757,7.615017358160103,7.683008584572247,52.8,0.7591721542803387,0.349729589646841,0.8108108108108102,64.0,0.82
78255,Freneuse,78,200071074,CC Les Portes de l'Ile de France,CC,4299,0.978,7.886982263808678,3.195587641370757,7.615017358160103,7.683008584572247,52.8,1.0,0.349729589646841,0.8108108108108102,72.0,0.97
78261,Gaillon-sur-Montcient,78,200059889,CU Grand Paris Seine et Oise,CU,691,1.884,7.886982263808678,3.195587641370757,7.615017358160103,7.683008584572247,52.8,0.728755095641267,0.349729589646841,0.8108108108108102,63.0,0.77
78262,Galluis,78,247800618,CC Coeur d'Yvelines,CC,1281,2.393,7.886982263808678,3.195587641370757,7.615017358160103,7.683008584572247,52.8,0.5691439322671685,0.349729589646841,0.8108108108108102,57.7,0.32
78263,Gambais,78,247800618,CC Coeur d'Yvelines,CC,2513,1.848,7.886982263808678,3.195587641370757,7.615017358160103,7.683008584572247,52.8,0.740043900909376,0.349729589646841,0.8108108108108102,63.4,0.94
78264,Gambaiseuil,78,200073344,CA Rambouillet Territoires,CA,65,1.306,7.886982263808678,3.195587641370757,7.615017358160103,7.683008584572247,52.8,0.9100031357792412,0.349729589646841,0.8108108108108102,69.0,0.97
78265,Garancières,78,247800618,CC Coeur d'Yvelines,CC,2577,1.899,7.886982263808678,3.195587641370757,7.615017358160103,7.683008584572247,52.8,0.7240514267795548,0.349729589646841,0.8108108108108102,62.8,0.84
78267,Gargenville,78,200059889,CU Grand Paris Seine et Oise,CU,7848,3.323,7.886982263808678,3.195587641370757,7.615017358160103,7.683008584572247,52.8,0.27751646284101605,0.349729589646841,0.8108108108108102,47.9,0.11
78269,Gazeran,78,200073344,CA Rambouillet Territoires,CA,1337,3.979,7.886982263808678,3.195587641370757,7.615017358160103,7.683008584572247,52.8,0.07180934462213862,0.349729589646841,0.8108108108108102,41.1,0.06
78276,Gommecourt,78,200071074,CC Les Portes de l'Ile de France,CC,621,1.967,7.886982263808678,3.195587641370757,7.615017358160103,7.683008584572247,52.8,0.702728127939793,0.349729589646841,0.8108108108108102,62.1,0.39
78278,Goupillières,78,247800618,CC Coeur d'Yvelines,CC,568,2.017,7.886982263808678,3.195587641370757,7.615017358160103,7.683008584572247,52.8,0.6870492317340859,0.349729589646841,0.8108108108108102,61.6,0.74
78281,Goussonville,78,200059889,CU Grand Paris Seine et Oise,CU,643,2.173,7.886982263808678,3.195587641370757,7.615017358160103,7.683008584572247,52.8,0.6381310755722798,0.349729589646841,0.8108108108108102,60.0,0.56
78283,Grandchamp,78,247800550,CC du Pays Houdanais (CCPH),CC,302,2.096,7.886982263808678,3.195587641370757,7.615017358160103,7.683008584572247,52.8,0.6622765757290687,0.349729589646841,0.8108108108108102,60.8,0.12
78285,Gressey,78,247800550,CC du Pays Houdanais (CCPH),CC,539,1.688,7.886982263808678,3.195587641370757,7.615017358160103,7.683008584572247,52.8,0.7902163687676388,0.349729589646841,0.8108108108108102,65.0,0.38
78289,Grosrouvre,78,247800618,CC Coeur d'Yvelines,CC,901,1.853,7.886982263808678,3.195587641370757,7.615017358160103,7.683008584572247,52.8,0.7384760112888054,0.349729589646841,0.8108108108108102,63.3,0.9
78290,Guernes,78,200059889,CU Grand Paris Seine et Oise,CU,1085,0.841,7.886982263808678,3.195587641370757,7.615017358160103,7.683008584572247,52.8,1.0,0.349729589646841,0.8108108108108102,72.0,0.97
78291,Guerville,78,200059889,CU Grand Paris Seine et Oise,CU,2088,2.124,7.886982263808678,3.195587641370757,7.615017358160103,7.683008584572247,52.8,0.6534963938538727,0.349729589646841,0.8108108108108102,60.5,0.6
78296,Guitrancourt,78,200059889,CU Grand Paris Seine et Oise,CU,642,2.864,7.886982263808678,3.195587641370757,7.615017358160103,7.683008584572247,52.8,0.4214487300094074,0.349729589646841,0.8108108108108102,52.7,0.27
78297,Guyancourt,78,200058782,CA de Saint Quentin en Yvelines,CA,29758,3.306,7.886982263808678,3.195587641370757,7.615017358160103,7.683008584572247,52.8,0.28284728755095645,0.349729589646841,0.8108108108108102,48.1,0.33
78299,Hardricourt,78,200059889,CU Grand Paris Seine et Oise,CU,2498,2.314,7.886982263808678,3.195587641370757,7.615017358160103,7.683008584572247,52.8,0.5939165882721857,0.349729589646841,0.8108108108108102,58.5,0.51
78300,Hargeville,78,200059889,CU Grand Paris Seine et Oise,CU,424,1.722,7.886982263808678,3.195587641370757,7.615017358160103,7.683008584572247,52.8,0.779554719347758,0.349729589646841,0.8108108108108102,64.7,0.86
78302,La Hauteville,78,247800550,CC du Pays Houdanais (CCPH),CC,165,1.721,7.886982263808678,3.195587641370757,7.615017358160103,7.683008584572247,52.8,0.779868297271872,0.349729589646841,0.8108108108108102,64.7,0.31
78305,Herbeville,78,200034130,CC Gally Mauldre,CC,232,1.857,7.886982263808678,3.195587641370757,7.615017358160103,7.683008584572247,52.8,0.7372216995923487,0.349729589646841,0.8108108108108102,63.3,0.91
78307,Hermeray,78,200073344,CA Rambouillet Territoires,CA,958,2.717,7.886982263808678,3.195587641370757,7.615017358160103,7.683008584572247,52.8,0.4675446848541863,0.349729589646841,0.8108108108108102,54.3,0.61
78310,Houdan,78,247800550,CC du Pays Houdanais (CCPH),CC,3716,1.894,7.886982263808678,3.195587641370757,7.615017358160103,7.683008584572247,52.8,0.7256193164001254,0.349729589646841,0.8108108108108102,62.9,0.22
78311,Houilles,78,200058519,CA Saint Germain Boucles de Seine,CA,33617,1.227,7.886982263808678,3.195587641370757,7.615017358160103,7.683008584572247,52.8,0.9347757917842584,0.349729589646841,0.8108108108108102,69.8,0.95
78314,Issou,78,200059889,CU Grand Paris Seine et Oise,CU,3858,3.29,7.886982263808678,3.195587641370757,7.615017358160103,7.683008584572247,52.8,0.2878645343367827,0.349729589646841,0.8108108108108102,48.3,0.14
78317,Jambville,78,200059889,CU Grand Paris Seine et Oise,CU,777,2.135,7.886982263808678,3.195587641370757,7.615017358160103,7.683008584572247,52.8,0.6500470366886173,0.349729589646841,0.8108108108108102,60.4,0.58
78320,Notre-Dame-de-la-Mer,78,200071074,CC Les Portes de l'Ile de France,CC,734,2.601,7.886982263808678,3.195587641370757,7.615017358160103,7.683008584572247,52.8,0.5039197240514268,0.349729589646841,0.8108108108108102,55.5,0.11
78321,Jouars-Pontchartrain,78,247800618,CC Coeur d'Yvelines,CC,5965,3.368,7.886982263808678,3.195587641370757,7.615017358160103,7.683008584572247,52.8,0.26340545625587963,0.349729589646841,0.8108108108108102,47.5,0.03
78322,Jouy-en-Josas,78,247800584,CA Versailles Grand Parc (CAVGP),CA,7985,2.767,7.886982263808678,3.195587641370757,7.615017358160103,7.683008584572247,52.8,0.45186578864847926,0.349729589646841,0.8108108108108102,53.7,0.56
78324,Jouy-Mauvoisin,78,200059889,CU Grand Paris Seine et Oise,CU,564,2.594,7.886982263808678,3.195587641370757,7.615017358160103,7.683008584572247,52.8,0.5061147695202259,0.349729589646841,0.8108108108108102,55.6,0.45
78325,Jumeauville,78,200059889,CU Grand Paris Seine et Oise,CU,624,2.109,7.886982263808678,3.195587641370757,7.615017358160103,7.683008584572247,52.8,0.6582000627155848,0.349729589646841,0.8108108108108102,60.6,0.62
78327,Juziers,78,200059889,CU Grand Paris Seine et Oise,CU,4040,2.231,7.886982263808678,3.195587641370757,7.615017358160103,7.683008584572247,52.8,0.6199435559736595,0.349729589646841,0.8108108108108102,59.3,0.53
78329,Lainville-en-Vexin,78,200059889,CU Grand Paris Seine et Oise,CU,807,1.629,7.886982263808678,3.195587641370757,7.615017358160103,7.683008584572247,52.8,0.8087174662903732,0.349729589646841,0.8108108108108102,65.6,0.88
78334,Lévis-Saint-Nom,78,200033173,CC de la Haute Vallée de Chevreuse,CC,1610,2.463,7.886982263808678,3.195587641370757,7.615017358160103,7.683008584572247,52.8,0.5471934775791785,0.349729589646841,0.8108108108108102,56.9,0.7
78335,Limay,78,200059889,CU Grand Paris Seine et Oise,CU,17584,2.651,7.886982263808678,3.195587641370757,7.615017358160103,7.683008584572247,52.8,0.48824082784571976,0.349729589646841,0.8108108108108102,55.0,0.39
78337,Limetz-Villez,78,200071074,CC Les Portes de l'Ile de France,CC,2067,2.464,7.886982263808678,3.195587641370757,7.615017358160103,7.683008584572247,52.8,0.5468798996550643,0.349729589646841,0.8108108108108102,56.9,0.17
78343,Les Loges-en-Josas,78,247800584,CA Versailles Grand Parc (CAVGP),CA,1655,3.091,7.886982263808678,3.195587641370757,7.615017358160103,7.683008584572247,52.8,0.35026654123549705,0.349729589646841,0.8108108108108102,50.4,0.31
78344,Lommoye,78,200071074,CC Les Portes de l'Ile de France,CC,643,1.58,7.886982263808678,3.195587641370757,7.615017358160103,7.683008584572247,52.8,0.8240827845719662,0.349729589646841,0.8108108108108102,66.2,0.56
78346,Longnes,78,247800550,CC du Pays Houdanais (CCPH),CC,1582,1.242,7.886982263808678,3.195587641370757,7.615017358160103,7.683008584572247,52.8,0.9300721229225463,0.349729589646841,0.8108108108108102,69.7,0.84
78349,Longvilliers,78,200073344,CA Rambouillet Territoires,CA,498,3.286,7.886982263808678,3.195587641370757,7.615017358160103,7.683008584572247,52.8,0.28911884603323934,0.349729589646841,0.8108108108108102,48.3,0.26
78350,Louveciennes,78,200058519,CA Saint Germain Boucles de Seine,CA,7744,4.059,7.886982263808678,3.195587641370757,7.615017358160103,7.683008584572247,52.8,0.046723110693007164,0.349729589646841,0.8108108108108102,40.2,0.05
78354,Magnanville,78,200059889,CU Grand Paris Seine et Oise,CU,6389,2.883,7.886982263808678,3.195587641370757,7.615017358160103,7.683008584572247,52.8,0.41549074945123865,0.349729589646841,0.8108108108108102,52.5,0.26
78356,Magny-les-Hameaux,78,200058782,CA de Saint Quentin en Yvelines,CA,9353,2.451,7.886982263808678,3.195587641370757,7.615017358160103,7.683008584572247,52.8,0.5509564126685482,0.349729589646841,0.8108108108108102,57.0,0.75
78358,Maisons-Laffitte,78,200058519,CA Saint Germain Boucles de Seine,CA,22855,1.762,7.886982263808678,3.195587641370757,7.615017358160103,7.683008584572247,52.8,0.7670116023831923,0.349729589646841,0.8108108108108102,64.3,0.74
78361,Mantes-la-Jolie,78,200059889,CU Grand Paris Seine et Oise,CU,44246,2.808,7.886982263808678,3.195587641370757,7.615017358160103,7.683008584572247,52.8,0.43900909375979946,0.349729589646841,0.8108108108108102,53.3,0.29
78362,Mantes-la-Ville,78,200059889,CU Grand Paris Seine et Oise,CU,21874,3.881,7.886982263808678,3.195587641370757,7.615017358160103,7.683008584572247,52.8,0.1025399811853247,0.349729589646841,0.8108108108108102,42.1,0.04
78364,Marcq,78,247800618,CC Coeur d'Yvelines,CC,790,2.177,7.886982263808678,3.195587641370757,7.615017358160103,7.683008584572247,52.8,0.6368767638758231,0.349729589646841,0.8108108108108102,59.9,0.58
78366,Mareil-le-Guyon,78,247800618,CC Coeur d'Yvelines,CC,413,2.532,7.886982263808678,3.195587641370757,7.615017358160103,7.683008584572247,52.8,0.5255566008153026,0.349729589646841,0.8108108108108102,56.2,0.19
78367,Mareil-Marly,78,200058519,CA Saint Germain Boucles de Seine,CA,3984,2.111,7.886982263808678,3.195587641370757,7.615017358160103,7.683008584572247,52.8,0.6575729068673566,0.349729589646841,0.8108108108108102,60.6,0.61
78368,Mareil-sur-Mauldre,78,200034130,CC Gally Mauldre,CC,1743,1.988,7.886982263808678,3.195587641370757,7.615017358160103,7.683008584572247,52.8,0.6961429915333961,0.349729589646841,0.8108108108108102,61.9,0.64
78372,Marly-le-Roi,78,200058519,CA Saint Germain Boucles de Seine,CA,16619,3.545,7.886982263808678,3.195587641370757,7.615017358160103,7.683008584572247,52.8,0.20790216368767644,0.349729589646841,0.8108108108108102,45.6,0.11
78380,Maule,78,200034130,CC Gally Mauldre,CC,6100,2.197,7.886982263808678,3.195587641370757,7.615017358160103,7.683008584572247,52.8,0.6306052053935403,0.349729589646841,0.8108108108108102,59.7,0.55
78381,Maulette,78,247800550,CC du Pays Houdanais (CCPH),CC,1054,2.125,7.886982263808678,3.195587641370757,7.615017358160103,7.683008584572247,52.8,0.6531828159297586,0.349729589646841,0.8108108108108102,60.5,0.06
78382,Maurecourt,78,249500109,CA de Cergy-Pontoise,CA,4399,2.922,7.886982263808678,3.195587641370757,7.615017358160103,7.683008584572247,52.8,0.4032612104107871,0.349729589646841,0.8108108108108102,52.1,0.08
78383,Maurepas,78,200058782,CA de Saint Quentin en Yvelines,CA,19960,2.55,7.886982263808678,3.195587641370757,7.615017358160103,7.683008584572247,52.8,0.5199121981812481,0.349729589646841,0.8108108108108102,56.0,0.67
78384,Médan,78,200059889,CU Grand Paris Seine et Oise,CU,1305,2.647,7.886982263808678,3.195587641370757,7.615017358160103,7.683008584572247,52.8,0.4894951395421764,0.349729589646841,0.8108108108108102,55.0,0.39
78385,Ménerville,78,200071074,CC Les Portes de l'Ile de France,CC,218,1.559,7.886982263808678,3.195587641370757,7.615017358160103,7.683008584572247,52.8,0.8306679209783632,0.349729589646841,0.8108108108108102,66.4,0.61
78389,Méré,78,247800618,CC Coeur d'Yvelines,CC,1695,2.349,7.886982263808678,3.195587641370757,7.615017358160103,7.683008584572247,52.8,0.5829413609281906,0.349729589646841,0.8108108108108102,58.1,0.37
78391,Méricourt,78,200059889,CU Grand Paris Seine et Oise,CU,378,0.769,7.886982263808678,3.195587641370757,7.615017358160103,7.683008584572247,52.8,1.0,0.349729589646841,0.8108108108108102,72.0,0.97
78396,Le Mesnil-le-Roi,78,200058519,CA Saint Germain Boucles de Seine,CA,6340,1.564,7.886982263808678,3.195587641370757,7.615017358160103,7.683008584572247,52.8,0.8291000313577924,0.349729589646841,0.8108108108108102,66.3,0.79
78397,Le Mesnil-Saint-Denis,78,200033173,CC de la Haute Vallée de Chevreuse,CC,7103,3.204,7.886982263808678,3.195587641370757,7.615017358160103,7.683008584572247,52.8,0.31483223581059894,0.349729589646841,0.8108108108108102,49.2,0.1
78398,Les Mesnuls,78,247800618,CC Coeur d'Yvelines,CC,893,2.128,7.886982263808678,3.195587641370757,7.615017358160103,7.683008584572247,52.8,0.6522420821574162,0.349729589646841,0.8108108108108102,60.4,0.65
78401,Meulan-en-Yvelines,78,200059889,CU Grand Paris Seine et Oise,CU,8996,2.562,7.886982263808678,3.195587641370757,7.615017358160103,7.683008584572247,52.8,0.5161492630918785,0.349729589646841,0.8108108108108102,55.9,0.47
78402,Mézières-sur-Seine,78,200059889,CU Grand Paris Seine et Oise,CU,3874,3.759,7.886982263808678,3.195587641370757,7.615017358160103,7.683008584572247,52.8,0.14079648792724997,0.349729589646841,0.8108108108108102,43.4,0.05
78403,Mézy-sur-Seine,78,200059889,CU Grand Paris Seine et Oise,CU,2261,1.891,7.886982263808678,3.195587641370757,7.615017358160103,7.683008584572247,52.8,0.7265600501724678,0.349729589646841,0.8108108108108102,62.9,0.75
78404,Millemont,78,247800618,CC Coeur d'Yvelines,CC,278,2.138,7.886982263808678,3.195587641370757,7.615017358160103,7.683008584572247,52.8,0.6491063029162747,0.349729589646841,0.8108108108108102,60.3,0.61
78406,Milon-la-Chapelle,78,200033173,CC de la Haute Vallée de Chevreuse,CC,292,2.78,7.886982263808678,3.195587641370757,7.615017358160103,7.683008584572247,52.8,0.4477892756349954,0.349729589646841,0.8108108108108102,53.6,0.3
78407,Mittainville,78,200073344,CA Rambouillet Territoires,CA,650,2.703,7.886982263808678,3.195587641370757,7.615017358160103,7.683008584572247,52.8,0.47193477579178433,0.349729589646841,0.8108108108108102,54.4,0.64
78410,Moisson,78,200071074,CC Les Portes de l'Ile de France,CC,913,0.504,7.886982263808678,3.195587641370757,7.615017358160103,7.683008584572247,52.8,1.0,0.349729589646841,0.8108108108108102,72.0,0.97
78413,Mondreville,78,247800550,CC du Pays Houdanais (CCPH),CC,390,1.794,7.886982263808678,3.195587641370757,7.615017358160103,7.683008584572247,52.8,0.7569771088115397,0.349729589646841,0.8108108108108102,63.9,0.25
78415,Montainville,78,200034130,CC Gally Mauldre,CC,560,1.919,7.886982263808678,3.195587641370757,7.615017358160103,7.683008584572247,52.8,0.7177798682972719,0.349729589646841,0.8108108108108102,62.6,0.77
78416,Montalet-le-Bois,78,200059889,CU Grand Paris Seine et Oise,CU,321,1.994,7.886982263808678,3.195587641370757,7.615017358160103,7.683008584572247,52.8,0.6942615239887112,0.349729589646841,0.8108108108108102,61.8,0.69
78417,Montchauvet,78,247800550,CC du Pays Houdanais (CCPH),CC,285,1.048,7.886982263808678,3.195587641370757,7.615017358160103,7.683008584572247,52.8,0.9909062402006898,0.349729589646841,0.8108108108108102,71.7,1.0
78418,Montesson,78,200058519,CA Saint Germain Boucles de Seine,CA,14606,1.308,7.886982263808678,3.195587641370757,7.615017358160103,7.683008584572247,52.8,0.9093759799310128,0.349729589646841,0.8108108108108102,69.0,0.89
78420,Montfort-l'Amaury,78,247800618,CC Coeur d'Yvelines,CC,2790,2.243,7.886982263808678,3.195587641370757,7.615017358160103,7.683008584572247,52.8,0.6161806208842898,0.349729589646841,0.8108108108108102,59.2,0.52
78423,Montigny-le-Bretonneux,78,200058782,CA de Saint Quentin en Yvelines,CA,32150,2.938,7.886982263808678,3.195587641370757,7.615017358160103,7.683008584572247,52.8,0.39824396362496084,0.349729589646841,0.8108108108108102,52.0,0.58
78431,Morainvilliers,78,200059889,CU Grand Paris Seine et Oise,CU,3102,2.733,7.886982263808678,3.195587641370757,7.615017358160103,7.683008584572247,52.8,0.46252743806836005,0.349729589646841,0.8108108108108102,54.1,0.34
78437,Mousseaux-sur-Seine,78,200059889,CU Grand Paris Seine et Oise,CU,680,0.638,7.886982263808678,3.195587641370757,7.615017358160103,7.683008584572247,52.8,1.0,0.349729589646841,0.8108108108108102,72.0,0.97
78439,Mulcent,78,247800550,CC du Pays Houdanais (CCPH),CC,117,1.08,7.886982263808678,3.195587641370757,7.615017358160103,7.683008584572247,52.8,0.9808717466290373,0.349729589646841,0.8108108108108102,71.4,0.97
78440,Les Mureaux,78,200059889,CU Grand Paris Seine et Oise,CU,34151,2.333,7.886982263808678,3.195587641370757,7.615017358160103,7.683008584572247,52.8,0.5879586077140169,0.349729589646841,0.8108108108108102,58.3,0.49
78442,Neauphle-le-Château,78,247800618,CC Coeur d'Yvelines,CC,3295,2.545,7.886982263808678,3.195587641370757,7.615017358160103,7.683008584572247,52.8,0.5214800878018189,0.349729589646841,0.8108108108108102,56.1,0.16
78443,Neauphle-le-Vieux,78,247800618,CC Coeur d'Yvelines,CC,924,2.394,7.886982263808678,3.195587641370757,7.615017358160103,7.683008584572247,52.8,0.5688303543430542,0.349729589646841,0.8108108108108102,57.6,0.27
78444,Neauphlette,78,200071074,CC Les Portes de l'Ile de France,CC,872,1.396,7.886982263808678,3.195587641370757,7.615017358160103,7.683008584572247,52.8,0.8817811226089685,0.349729589646841,0.8108108108108102,68.1,0.67
78451,Nézel,78,200059889,CU Grand Paris Seine et Oise,CU,1111,2.726,7.886982263808678,3.195587641370757,7.615017358160103,7.683008584572247,52.8,0.46472248353715906,0.349729589646841,0.8108108108108102,54.2,0.36
78455,Noisy-le-Roi,78,247800584,CA Versailles Grand Parc (CAVGP),CA,7597,2.772,7.886982263808678,3.195587641370757,7.615017358160103,7.683008584572247,52.8,0.4502978990279085,0.349729589646841,0.8108108108108102,53.7,0.56
78460,Oinville-sur-Montcient,78,200059889,CU Grand Paris Seine et Oise,CU,1113,1.982,7.886982263808678,3.195587641370757,7.615017358160103,7.683008584572247,52.8,0.698024459078081,0.349729589646841,0.8108108108108102,62.0,0.73
78464,Orcemont,78,200073344,CA Rambouillet Territoires,CA,983,3.534,7.886982263808678,3.195587641370757,7.615017358160103,7.683008584572247,52.8,0.21135152085293207,0.349729589646841,0.8108108108108102,45.7,0.11
78465,Orgerus,78,247800550,CC du Pays Houdanais (CCPH),CC,2484,1.676,7.886982263808678,3.195587641370757,7.615017358160103,7.683008584572247,52.8,0.7939793038570085,0.349729589646841,0.8108108108108102,65.2,0.41
78466,Orgeval,78,200059889,CU Grand Paris Seine et Oise,CU,7092,3.48,7.886982263808678,3.195587641370757,7.615017358160103,7.683008584572247,52.8,0.22828472875509576,0.349729589646841,0.8108108108108102,46.3,0.1
78470,Orphin,78,200073344,CA Rambouillet Territoires,CA,879,4.082,7.886982263808678,3.195587641370757,7.615017358160103,7.683008584572247,52.8,0.039510818438382,0.349729589646841,0.8108108108108102,40.0,0.03
78472,Orsonville,78,200073344,CA Rambouillet Territoires,CA,325,2.6,7.886982263808678,3.195587641370757,7.615017358160103,7.683008584572247,52.8,0.504233301975541,0.349729589646841,0.8108108108108102,55.5,0.67
78474,Orvilliers,78,247800550,CC du Pays Houdanais (CCPH),CC,935,1.318,7.886982263808678,3.195587641370757,7.615017358160103,7.683008584572247,52.8,0.9062402006898714,0.349729589646841,0.8108108108108102,68.9,0.75
78475,Osmoy,78,247800550,CC du Pays Houdanais (CCPH),CC,407,1.697,7.886982263808678,3.195587641370757,7.615017358160103,7.683008584572247,52.8,0.7873941674506115,0.349729589646841,0.8108108108108102,64.9,0.34
78478,Paray-Douaville,78,200073344,CA Rambouillet Territoires,CA,216,2.335,7.886982263808678,3.195587641370757,7.615017358160103,7.683008584572247,52.8,0.5873314518657887,0.349729589646841,0.8108108108108102,58.3,0.75
78481,Le Pecq,78,200058519,CA Saint Germain Boucles de Seine,CA,15858,2.6,7.886982263808678,3.195587641370757,7.615017358160103,7.683008584572247,52.8,0.504233301975541,0.349729589646841,0.8108108108108102,55.5,0.32
78484,Perdreauville,78,200059889,CU Grand Paris Seine et Oise,CU,669,1.718,7.886982263808678,3.195587641370757,7.615017358160103,7.683008584572247,52.8,0.7808090310442145,0.349729589646841,0.8108108108108102,64.7,0.86
78486,Le Perray-en-Yvelines,78,200073344,CA Rambouillet Territoires,CA,6515,2.919,7.886982263808678,3.195587641370757,7.615017358160103,7.683008584572247,52.8,0.4042019441831295,0.349729589646841,0.8108108108108102,52.2,0.5
78490,Plaisir,78,200058782,CA de Saint Quentin en Yvelines,CA,31971,3.115,7.886982263808678,3.195587641370757,7.615017358160103,7.683008584572247,52.8,0.34274067105675754,0.349729589646841,0.8108108108108102,50.1,0.42
78497,Poigny-la-Forêt,78,200073344,CA Rambouillet Territoires,CA,930,3.218,7.886982263808678,3.195587641370757,7.615017358160103,7.683008584572247,52.8,0.31044214487300104,0.349729589646841,0.8108108108108102,49.0,0.31
78498,Poissy,78,200059889,CU Grand Paris Seine et Oise,CU,40792,2.64,7.886982263808678,3.195587641370757,7.615017358160103,7.683008584572247,52.8,0.4916901850109753,0.349729589646841,0.8108108108108102,55.1,0.41
78499,Ponthévrard,78,200073344,CA Rambouillet Territoires,CA,700,2.983,7.886982263808678,3.195587641370757,7.615017358160103,7.683008584572247,52.8,0.3841329570398244,0.349729589646841,0.8108108108108102,51.5,0.42
78501,Porcheville,78,200059889,CU Grand Paris Seine et Oise,CU,3167,3.735,7.886982263808678,3.195587641370757,7.615017358160103,7.683008584572247,52.8,0.14832235810598948,0.349729589646841,0.8108108108108102,43.6,0.08
78502,Le Port-Marly,78,200058519,CA Saint Germain Boucles de Seine,CA,5583,3.126,7.886982263808678,3.195587641370757,7.615017358160103,7.683008584572247,52.8,0.33929131389150213,0.349729589646841,0.8108108108108102,50.0,0.21
78505,Prunay-le-Temple,78,247800550,CC du Pays Houdanais (CCPH),CC,410,1.175,7.886982263808678,3.195587641370757,7.615017358160103,7.683008584572247,52.8,0.9510818438381938,0.349729589646841,0.8108108108108102,70.4,0.91
78506,Prunay-en-Yvelines,78,200073344,CA Rambouillet Territoires,CA,820,3.414,7.886982263808678,3.195587641370757,7.615017358160103,7.683008584572247,52.8,0.24898087174662908,0.349729589646841,0.8108108108108102,47.0,0.19
78513,La Queue-les-Yvelines,78,247800618,CC Coeur d'Yvelines,CC,2505,2.4,7.886982263808678,3.195587641370757,7.615017358160103,7.683008584572247,52.8,0.5669488867983694,0.349729589646841,0.8108108108108102,57.6,0.27
78516,Raizeux,78,200073344,CA Rambouillet Territoires,CA,990,3.14,7.886982263808678,3.195587641370757,7.615017358160103,7.683008584572247,52.8,0.334901222953904,0.349729589646841,0.8108108108108102,49.8,0.36
78517,Rambouillet,78,200073344,CA Rambouillet Territoires,CA,27145,2.967,7.886982263808678,3.195587641370757,7.615017358160103,7.683008584572247,52.8,0.3891502038256507,0.349729589646841,0.8108108108108102,51.7,0.44
78518,Rennemoulin,78,247800584,CA Versailles Grand Parc (CAVGP),CA,107,2.7,7.886982263808678,3.195587641370757,7.615017358160103,7.683008584572247,52.8,0.4728755095641267,0.349729589646841,0.8108108108108102,54.4,0.67
78520,Richebourg,78,247800550,CC du Pays Houdanais (CCPH),CC,1571,1.613,7.886982263808678,3.195587641370757,7.615017358160103,7.683008584572247,52.8,0.8137347130761995,0.349729589646841,0.8108108108108102,65.8,0.47
78522,Rochefort-en-Yvelines,78,200073344,CA Rambouillet Territoires,CA,897,3.366,7.886982263808678,3.195587641370757,7.615017358160103,7.683008584572247,52.8,0.2640326121041079,0.349729589646841,0.8108108108108102,47.5,0.22
78528,Rolleboise,78,200059889,CU Grand Paris Seine et Oise,CU,351,1.016,7.886982263808678,3.195587641370757,7.615017358160103,7.683008584572247,52.8,1.0,0.349729589646841,0.8108108108108102,72.0,0.97
78530,Rosay,78,247800550,CC du Pays Houdanais (CCPH),CC,386,1.664,7.886982263808678,3.195587641370757,7.615017358160103,7.683008584572247,52.8,0.7977422389463782,0.349729589646841,0.8108108108108102,65.3,0.44
78531,Rosny-sur-Seine,78,200059889,CU Grand Paris Seine et Oise,CU,7041,1.519,7.886982263808678,3.195587641370757,7.615017358160103,7.683008584572247,52.8,0.843211037942929,0.349729589646841,0.8108108108108102,66.8,0.92
78536,Sailly,78,200059889,CU Grand Paris Seine et Oise,CU,335,1.966,7.886982263808678,3.195587641370757,7.615017358160103,7.683008584572247,52.8,0.7030417058639072,0.349729589646841,0.8108108108108102,62.1,0.74
78537,Saint-Arnoult-en-Yvelines,78,200073344,CA Rambouillet Territoires,CA,5854,1.948,7.886982263808678,3.195587641370757,7.615017358160103,7.683008584572247,52.8,0.7086861084979619,0.349729589646841,0.8108108108108102,62.3,0.94
78545,Saint-Cyr-l'École,78,247800584,CA Versailles Grand Parc (CAVGP),CA,20451,3.277,7.886982263808678,3.195587641370757,7.615017358160103,7.683008584572247,52.8,0.2919410473502666,0.349729589646841,0.8108108108108102,48.4,0.22
78548,Saint-Forget,78,200033173,CC de la Haute Vallée de Chevreuse,CC,445,2.442,7.886982263808678,3.195587641370757,7.615017358160103,7.683008584572247,52.8,0.5537786139855754,0.349729589646841,0.8108108108108102,57.1,0.8
78550,Saint-Germain-de-la-Grange,78,247800618,CC Coeur d'Yvelines,CC,1842,1.889,7.886982263808678,3.195587641370757,7.615017358160103,7.683008584572247,52.8,0.7271872060206962,0.349729589646841,0.8108108108108102,62.9,0.87
78551,Saint-Germain-en-Laye,78,200058519,CA Saint Germain Boucles de Seine,CA,45286,2.509,7.886982263808678,3.195587641370757,7.615017358160103,7.683008584572247,52.8,0.5327688930699279,0.349729589646841,0.8108108108108102,56.4,0.42
78557,Saint-Hilarion,78,200073344,CA Rambouillet Territoires,CA,988,3.469,7.886982263808678,3.195587641370757,7.615017358160103,7.683008584572247,52.8,0.23173408592035127,0.349729589646841,0.8108108108108102,46.4,0.14
78558,Saint-Illiers-la-Ville,78,200071074,CC Les Portes de l'Ile de France,CC,356,1.027,7.886982263808678,3.195587641370757,7.615017358160103,7.683008584572247,52.8,0.997491376607087,0.349729589646841,0.8108108108108102,71.9,0.89
78559,Saint-Illiers-le-Bois,78,200071074,CC Les Portes de l'Ile de France,CC,448,1.179,7.886982263808678,3.195587641370757,7.615017358160103,7.683008584572247,52.8,0.9498275321417372,0.349729589646841,0.8108108108108102,70.3,0.78
78561,Saint-Lambert,78,200033173,CC de la Haute Vallée de Chevreuse,CC,448,3.16,7.886982263808678,3.195587641370757,7.615017358160103,7.683008584572247,52.8,0.32862966447162123,0.349729589646841,0.8108108108108102,49.6,0.2
78562,Saint-Léger-en-Yvelines,78,200073344,CA Rambouillet Territoires,CA,1462,1.134,7.886982263808678,3.195587641370757,7.615017358160103,7.683008584572247,52.8,0.9639385387268737,0.349729589646841,0.8108108108108102,70.8,1.0
78564,Saint-Martin-de-Bréthencourt,78,200073344,CA Rambouillet Territoires,CA,688,2.055,7.886982263808678,3.195587641370757,7.615017358160103,7.683008584572247,52.8,0.6751332706177485,0.349729589646841,0.8108108108108102,61.2,0.89
78565,Saint-Martin-des-Champs,78,247800550,CC du Pays Houdanais (CCPH),CC,304,1.546,7.886982263808678,3.195587641370757,7.615017358160103,7.683008584572247,52.8,0.8347444339918471,0.349729589646841,0.8108108108108102,66.5,0.53
78567,Saint-Martin-la-Garenne,78,200059889,CU Grand Paris Seine et Oise,CU,947,1.814,7.886982263808678,3.195587641370757,7.615017358160103,7.683008584572247,52.8,0.7507055503292568,0.349729589646841,0.8108108108108102,63.7,0.78
78569,Sainte-Mesme,78,200073344,CA Rambouillet Territoires,CA,910,2.784,7.886982263808678,3.195587641370757,7.615017358160103,7.683008584572247,52.8,0.44653496393853886,0.349729589646841,0.8108108108108102,53.6,0.58
78571,Saint-Nom-la-Bretèche,78,200034130,CC Gally Mauldre,CC,4877,2.748,7.886982263808678,3.195587641370757,7.615017358160103,7.683008584572247,52.8,0.4578237692066478,0.349729589646841,0.8108108108108102,53.9,0.09
78575,Saint-Rémy-lès-Chevreuse,78,200033173,CC de la Haute Vallée de Chevreuse,CC,7747,2.709,7.886982263808678,3.195587641370757,7.615017358160103,7.683008584572247,52.8,0.47005330824709946,0.349729589646841,0.8108108108108102,54.4,0.4
78576,Saint-Rémy-l'Honoré,78,247800618,CC Coeur d'Yvelines,CC,1689,2.316,7.886982263808678,3.195587641370757,7.615017358160103,7.683008584572247,52.8,0.5932894324239575,0.349729589646841,0.8108108108108102,58.5,0.42
78586,Sartrouville,78,200058519,CA Saint Germain Boucles de Seine,CA,51570,1.998,7.886982263808678,3.195587641370757,7.615017358160103,7.683008584572247,52.8,0.6930072122922546,0.349729589646841,0.8108108108108102,61.8,0.68
78588,Saulx-Marchais,78,247800618,CC Coeur d'Yvelines,CC,956,2.195,7.886982263808678,3.195587641370757,7.615017358160103,7.683008584572247,52.8,0.6312323612417687,0.349729589646841,0.8108108108108102,59.7,0.55
78590,Senlisse,78,200033173,CC de la Haute Vallée de Chevreuse,CC,509,2.27,7.886982263808678,3.195587641370757,7.615017358160103,7.683008584572247,52.8,0.6077140169332079,0.349729589646841,0.8108108108108102,58.9,1.0
78591,Septeuil,78,247800550,CC du Pays Houdanais (CCPH),CC,2234,1.591,7.886982263808678,3.195587641370757,7.615017358160103,7.683008584572247,52.8,0.8206334274067106,0.349729589646841,0.8108108108108102,66.0,0.5
78597,Soindres,78,200059889,CU Grand Paris Seine et Oise,CU,731,2.784,7.886982263808678,3.195587641370757,7.615017358160103,7.683008584572247,52.8,0.44653496393853886,0.349729589646841,0.8108108108108102,53.6,0.32
78601,Sonchamp,78,200073344,CA Rambouillet Territoires,CA,1664,3.29,7.886982263808678,3.195587641370757,7.615017358160103,7.683008584572247,52.8,0.2878645343367827,0.349729589646841,0.8108108108108102,48.3,0.26
78605,Tacoignières,78,247800550,CC du Pays Houdanais (CCPH),CC,1194,1.301,7.886982263808678,3.195587641370757,7.615017358160103,7.683008584572247,52.8,0.9115710253998119,0.349729589646841,0.8108108108108102,69.1,0.78
78606,Le Tartre-Gaudran,78,247800550,CC du Pays Houdanais (CCPH),CC,37,2.094,7.886982263808678,3.195587641370757,7.615017358160103,7.683008584572247,52.8,0.662903731577297,0.349729589646841,0.8108108108108102,60.8,0.12
78608,Le Tertre-Saint-Denis,78,200059889,CU Grand Paris Seine et Oise,CU,129,0.987,7.886982263808678,3.195587641370757,7.615017358160103,7.683008584572247,52.8,1.0,0.349729589646841,0.8108108108108102,72.0,0.97
78609,Tessancourt-sur-Aubette,78,200059889,CU Grand Paris Seine et Oise,CU,971,2.016,7.886982263808678,3.195587641370757,7.615017358160103,7.683008584572247,52.8,0.6873628096582001,0.349729589646841,0.8108108108108102,61.6,0.66
78615,Thiverval-Grignon,78,247800618,CC Coeur d'Yvelines,CC,1102,1.679,7.886982263808678,3.195587641370757,7.615017358160103,7.683008584572247,52.8,0.793038570084666,0.349729589646841,0.8108108108108102,65.1,0.97
78616,Thoiry,78,247800618,CC Coeur d'Yvelines,CC,1432,2.253,7.886982263808678,3.195587641370757,7.615017358160103,7.683008584572247,52.8,0.6130448416431483,0.349729589646841,0.8108108108108102,59.1,0.48
78618,Tilly,78,247800550,CC du Pays Houdanais (CCPH),CC,529,2.01,7.886982263808678,3.195587641370757,7.615017358160103,7.683008584572247,52.8,0.6892442772028851,0.349729589646841,0.8108108108108102,61.7,0.19
78620,Toussus-le-Noble,78,247800584,CA Versailles Grand Parc (CAVGP),CA,1176,3.534,7.886982263808678,3.195587641370757,7.615017358160103,7.683008584572247,52.8,0.21135152085293207,0.349729589646841,0.8108108108108102,45.7,0.11
78621,Trappes,78,200058782,CA de Saint Quentin en Yvelines,CA,34276,3.744,7.886982263808678,3.195587641370757,7.615017358160103,7.683008584572247,52.8,0.145500156788962,0.349729589646841,0.8108108108108102,43.5,0.17
78623,Le Tremblay-sur-Mauldre,78,247800618,CC Coeur d'Yvelines,CC,956,2.411,7.886982263808678,3.195587641370757,7.615017358160103,7.683008584572247,52.8,0.5634995296331139,0.349729589646841,0.8108108108108102,57.5,0.23
78624,Triel-sur-Seine,78,200059889,CU Grand Paris Seine et Oise,CU,12386,2.962,7.886982263808678,3.195587641370757,7.615017358160103,7.683008584572247,52.8,0.3907180934462213,0.349729589646841,0.8108108108108102,51.7,0.21
78638,Vaux-sur-Seine,78,200059889,CU Grand Paris Seine et Oise,CU,5143,1.758,7.886982263808678,3.195587641370757,7.615017358160103,7.683008584572247,52.8,0.7682659140796488,0.349729589646841,0.8108108108108102,64.3,0.84
78640,Vélizy-Villacoublay,78,247800584,CA Versailles Grand Parc (CAVGP),CA,22481,1.535,7.886982263808678,3.195587641370757,7.615017358160103,7.683008584572247,52.8,0.8381937911571026,0.349729589646841,0.8108108108108102,66.6,1.0
78642,Verneuil-sur-Seine,78,200059889,CU Grand Paris Seine et Oise,CU,16112,1.573,7.886982263808678,3.195587641370757,7.615017358160103,7.683008584572247,52.8,0.8262778300407652,0.349729589646841,0.8108108108108102,66.2,0.9
78643,Vernouillet,78,200059889,CU Grand Paris Seine et Oise,CU,9953,2.178,7.886982263808678,3.195587641370757,7.615017358160103,7.683008584572247,52.8,0.6365631859517091,0.349729589646841,0.8108108108108102,59.9,0.55
78644,La Verrière,78,200058782,CA de Saint Quentin en Yvelines,CA,6142,3.314,7.886982263808678,3.195587641370757,7.615017358160103,7.683008584572247,52.8,0.2803386641580433,0.349729589646841,0.8108108108108102,48.0,0.25
78646,Versailles,78,247800584,CA Versailles Grand Parc (CAVGP),CA,83918,2.626,7.886982263808678,3.195587641370757,7.615017358160103,7.683008584572247,52.8,0.4960802759485733,0.349729589646841,0.8108108108108102,55.2,0.72
78647,Vert,78,200059889,CU Grand Paris Seine et Oise,CU,852,2.623,7.886982263808678,3.195587641370757,7.615017358160103,7.683008584572247,52.8,0.4970210097209157,0.349729589646841,0.8108108108108102,55.3,0.44
78650,Le Vésinet,78,200058519,CA Saint Germain Boucles de Seine,CA,15712,2.452,7.886982263808678,3.195587641370757,7.615017358160103,7.683008584572247,52.8,0.5506428347444341,0.349729589646841,0.8108108108108102,57.0,0.47
78653,Vicq,78,247800618,CC Coeur d'Yvelines,CC,391,2.598,7.886982263808678,3.195587641370757,7.615017358160103,7.683008584572247,52.8,0.5048604578237693,0.349729589646841,0.8108108108108102,55.5,0.1
78655,Vieille-Église-en-Yvelines,78,200073344,CA Rambouillet Territoires,CA,618,2.918,7.886982263808678,3.195587641370757,7.615017358160103,7.683008584572247,52.8,0.4045155221072436,0.349729589646841,0.8108108108108102,52.2,0.5
78668,La Villeneuve-en-Chevrie,78,200071074,CC Les Portes de l'Ile de France,CC,662,2.334,7.886982263808678,3.195587641370757,7.615017358160103,7.683008584572247,52.8,0.5876450297899027,0.349729589646841,0.8108108108108102,58.3,0.28
78672,Villennes-sur-Seine,78,200059889,CU Grand Paris Seine et Oise,CU,5792,3.929,7.886982263808678,3.195587641370757,7.615017358160103,7.683008584572247,52.8,0.08748824082784579,0.349729589646841,0.8108108108108102,41.6,0.03
78674,Villepreux,78,200058782,CA de Saint Quentin en Yvelines,CA,11568,2.334,7.886982263808678,3.195587641370757,7.615017358160103,7.683008584572247,52.8,0.5876450297899027,0.349729589646841,0.8108108108108102,58.3,0.92
78677,Villette,78,247800550,CC du Pays Houdanais (CCPH),CC,537,2.227,7.886982263808678,3.195587641370757,7.615017358160103,7.683008584572247,52.8,0.6211978676701161,0.349729589646841,0.8108108108108102,59.4,0.03
78681,Villiers-le-Mahieu,78,247800618,CC Coeur d'Yvelines,CC,872,1.972,7.886982263808678,3.195587641370757,7.615017358160103,7.683008584572247,52.8,0.7011602383192224,0.349729589646841,0.8108108108108102,62.1,0.81
78683,Villiers-Saint-Frédéric,78,247800618,CC Coeur d'Yvelines,CC,3231,2.025,7.886982263808678,3.195587641370757,7.615017358160103,7.683008584572247,52.8,0.6845406083411729,0.349729589646841,0.8108108108108102,61.5,0.71
78686,Viroflay,78,247800584,CA Versailles Grand Parc (CAVGP),CA,16943,1.695,7.886982263808678,3.195587641370757,7.615017358160103,7.683008584572247,52.8,0.7880213232988398,0.349729589646841,0.8108108108108102,65.0,0.94
78688,Voisins-le-Bretonneux,78,200058782,CA de Saint Quentin en Yvelines,CA,10740,3.811,7.886982263808678,3.195587641370757,7.615017358160103,7.683008584572247,52.8,0.12449043587331454,0.349729589646841,0.8108108108108102,42.8,0.08
91001,Abbéville-la-Rivière,91,200017846,CA Étampois Sud Essonne,CA,331,1.978,8.380229905190156,2.566917268256444,5.133834536512888,6.26629803721426,53.5,0.6992787707745376,0.552489729890592,1.0,75.1,0.73
91016,Angerville,91,200017846,CA Étampois Sud Essonne,CA,4416,2.236,8.380229905190156,2.566917268256444,5.133834536512888,6.26629803721426,53.5,0.6183756663530887,0.552489729890592,1.0,72.4,0.51
91017,Angervilliers,91,249100074,CC du Pays de Limours (CCPL),CC,1720,2.592,8.380229905190156,2.566917268256444,5.133834536512888,6.26629803721426,53.5,0.5067419253684541,0.552489729890592,1.0,68.6,0.5
91021,Arpajon,91,200057859,CA Coeur d'Essonne Agglomération,CA,11503,2.172,8.380229905190156,2.566917268256444,5.133834536512888,6.26629803721426,53.5,0.6384446534963939,0.552489729890592,1.0,73.0,0.57
91022,Arrancourt,91,200017846,CA Étampois Sud Essonne,CA,119,1.895,8.380229905190156,2.566917268256444,5.133834536512888,6.26629803721426,53.5,0.7253057384760113,0.552489729890592,1.0,75.9,0.84
91027,Athis-Mons,91,200054781,Métropole du Grand Paris,METRO,36451,2.246,8.380229905190156,2.566917268256444,5.133834536512888,6.26629803721426,53.5,0.6152398871119473,0.552489729890592,1.0,72.3,0.98
91035,Authon-la-Plaine,91,200017846,CA Étampois Sud Essonne,CA,371,2.193,8.380229905190156,2.566917268256444,5.133834536512888,6.26629803721426,53.5,0.6318595170899969,0.552489729890592,1.0,72.8,0.57
91037,Auvernaux,91,249100546,CC du Val d'Essonne (CCVE),CC,330,2.549,8.380229905190156,2.566917268256444,5.133834536512888,6.26629803721426,53.5,0.5202257761053622,0.552489729890592,1.0,69.1,0.29
91038,Auvers-Saint-Georges,91,249100553,CC Entre Juine et Renarde (CCEJR),CC,1250,2.285,8.380229905190156,2.566917268256444,5.133834536512888,6.26629803721426,53.5,0.6030103480714958,0.552489729890592,1.0,71.9,0.56
91041,Avrainville,91,200057859,CA Coeur d'Essonne Agglomération,CA,1045,2.526,8.380229905190156,2.566917268256444,5.133834536512888,6.26629803721426,53.5,0.5274380683599875,0.552489729890592,1.0,69.3,0.21
91044,Ballainvilliers,91,200056232,CA Communauté Paris-Saclay,CA,4838,2.369,8.380229905190156,2.566917268256444,5.133834536512888,6.26629803721426,53.5,0.5766698024459078,0.552489729890592,1.0,71.0,0.85
91045,Ballancourt-sur-Essonne,91,249100546,CC du Val d'Essonne (CCVE),CC,7795,1.833,8.380229905190156,2.566917268256444,5.133834536512888,6.26629803721426,53.5,0.7447475697710881,0.552489729890592,1.0,76.6,0.81
91047,Baulne,91,249100546,CC du Val d'Essonne (CCVE),CC,1468,2.268,8.380229905190156,2.566917268256444,5.133834536512888,6.26629803721426,53.5,0.6083411727814363,0.552489729890592,1.0,72.0,0.48
91064,Bièvres,91,247800584,CA Versailles Grand Parc (CAVGP),CA,4700,3.129,8.380229905190156,2.566917268256444,5.133834536512888,6.26629803721426,53.5,0.33835058011915964,0.552489729890592,1.0,63.0,0.89
91067,Blandy,91,200017846,CA Étampois Sud Essonne,CA,115,1.57,8.380229905190156,2.566917268256444,5.133834536512888,6.26629803721426,53.5,0.8272185638131075,0.552489729890592,1.0,79.3,0.97
91069,Boigneville,91,249100157,CC des 2 Vallées,CC,376,2.199,8.380229905190156,2.566917268256444,5.133834536512888,6.26629803721426,53.5,0.6299780495453121,0.552489729890592,1.0,72.7,0.6
91075,Bois-Herpin,91,200017846,CA Étampois Sud Essonne,CA,83,2.12,8.380229905190156,2.566917268256444,5.133834536512888,6.26629803721426,53.5,0.6547507055503292,0.552489729890592,1.0,73.6,0.65
91079,Boissy-la-Rivière,91,200017846,CA Étampois Sud Essonne,CA,533,2.851,8.380229905190156,2.566917268256444,5.133834536512888,6.26629803721426,53.5,0.4255252430228913,0.552489729890592,1.0,65.9,0.11
91080,Boissy-le-Cutté,91,249100553,CC Entre Juine et Renarde (CCEJR),CC,1343,2.654,8.380229905190156,2.566917268256444,5.133834536512888,6.26629803721426,53.5,0.48730009407337727,0.552489729890592,1.0,68.0,0.06
91081,Boissy-le-Sec,91,200017846,CA Étampois Sud Essonne,CA,693,2.18,8.380229905190156,2.566917268256444,5.133834536512888,6.26629803721426,53.5,0.6359360301034807,0.552489729890592,1.0,72.9,0.59
91085,Boissy-sous-Saint-Yon,91,249100553,CC Entre Juine et Renarde (CCEJR),CC,3855,2.526,8.380229905190156,2.566917268256444,5.133834536512888,6.26629803721426,53.5,0.5274380683599875,0.552489729890592,1.0,69.3,0.19
91086,Bondoufle,91,200059228,CA Grand Paris Sud Seine Essonne Sénart,CA,10833,2.328,8.380229905190156,2.566917268256444,5.133834536512888,6.26629803721426,53.5,0.5895264973345877,0.552489729890592,1.0,71.4,0.48
91093,Boullay-les-Troux,91,249100074,CC du Pays de Limours (CCPL),CC,632,2.813,8.380229905190156,2.566917268256444,5.133834536512888,6.26629803721426,53.5,0.4374412041392286,0.552489729890592,1.0,66.3,0.29
91095,Bouray-sur-Juine,91,249100553,CC Entre Juine et Renarde (CCEJR),CC,2077,1.514,8.380229905190156,2.566917268256444,5.133834536512888,6.26629803721426,53.5,0.8447789275634996,0.552489729890592,1.0,79.9,1.0
91097,Boussy-Saint-Antoine,91,200058477,CA Val d'Yerres Val de Seine,CA,7986,2.607,8.380229905190156,2.566917268256444,5.133834536512888,6.26629803721426,53.5,0.5020382565067418,0.552489729890592,1.0,68.5,0.56
91098,Boutervilliers,91,200017846,CA Étampois Sud Essonne,CA,429,1.906,8.380229905190156,2.566917268256444,5.133834536512888,6.26629803721426,53.5,0.7218563813107558,0.552489729890592,1.0,75.8,0.8
91099,Boutigny-sur-Essonne,91,249100157,CC des 2 Vallées,CC,3048,2.339,8.380229905190156,2.566917268256444,5.133834536512888,6.26629803721426,53.5,0.5860771401693321,0.552489729890592,1.0,71.3,0.17
91100,Bouville,91,200017846,CA Étampois Sud Essonne,CA,658,2.592,8.380229905190156,2.566917268256444,5.133834536512888,6.26629803721426,53.5,0.5067419253684541,0.552489729890592,1.0,68.6,0.24
91103,Brétigny-sur-Orge,91,200057859,CA Coeur d'Essonne Agglomération,CA,26658,1.521,8.380229905190156,2.566917268256444,5.133834536512888,6.26629803721426,53.5,0.8425838820947006,0.552489729890592,1.0,79.8,0.95
91105,Breuillet,91,200057859,CA Coeur d'Essonne Agglomération,CA,9023,1.922,8.380229905190156,2.566917268256444,5.133834536512888,6.26629803721426,53.5,0.7168391345249295,0.552489729890592,1.0,75.6,0.86
91106,Breux-Jouy,91,249100595,CC le Dourdannais en Hurepoix (CCDH),CC,1283,1.954,8.380229905190156,2.566917268256444,5.133834536512888,6.26629803721426,53.5,0.7068046409532769,0.552489729890592,1.0,75.3,0.82
91109,Brières-les-Scellés,91,200017846,CA Étampois Sud Essonne,CA,1218,2.657,8.380229905190156,2.566917268256444,5.133834536512888,6.26629803721426,53.5,0.4863593603010349,0.552489729890592,1.0,68.0,0.19
91111,Briis-sous-Forges,91,249100074,CC du Pays de Limours (CCPL),CC,3375,2.569,8.380229905190156,2.566917268256444,5.133834536512888,6.26629803721426,53.5,0.5139542176230794,0.552489729890592,1.0,68.9,0.57
91112,Brouy,91,200017846,CA Étampois Sud Essonne,CA,129,1.733,8.380229905190156,2.566917268256444,5.133834536512888,6.26629803721426,53.5,0.7761053621825024,0.552489729890592,1.0,77.6,0.89
91114,Brunoy,91,200058477,CA Val d'Yerres Val de Seine,CA,25792,2.729,8.380229905190156,2.566917268256444,5.133834536512888,6.26629803721426,53.5,0.46378174976481656,0.552489729890592,1.0,67.2,0.22
91115,Bruyères-le-Châtel,91,200057859,CA Coeur d'Essonne Agglomération,CA,3738,1.971,8.380229905190156,2.566917268256444,5.133834536512888,6.26629803721426,53.5,0.7014738162433365,0.552489729890592,1.0,75.1,0.81
91121,Buno-Bonnevaux,91,249100157,CC des 2 Vallées,CC,523,2.337,8.380229905190156,2.566917268256444,5.133834536512888,6.26629803721426,53.5,0.5867042960175604,0.552489729890592,1.0,71.3,0.17
91122,Bures-sur-Yvette,91,200056232,CA Communauté Paris-Saclay,CA,9481,2.616,8.380229905190156,2.566917268256444,5.133834536512888,6.26629803721426,53.5,0.4992160551897147,0.552489729890592,1.0,68.4,0.74
91129,Cerny,91,249100546,CC du Val d'Essonne (CCVE),CC,3425,2.067,8.380229905190156,2.566917268256444,5.133834536512888,6.26629803721426,53.5,0.6713703355283788,0.552489729890592,1.0,74.1,0.62
91130,Chalo-Saint-Mars,91,200017846,CA Étampois Sud Essonne,CA,1042,2.131,8.380229905190156,2.566917268256444,5.133834536512888,6.26629803721426,53.5,0.6513013483850738,0.552489729890592,1.0,73.5,0.62
91131,Chalou-Moulineux,91,200017846,CA Étampois Sud Essonne,CA,380,2.355,8.380229905190156,2.566917268256444,5.133834536512888,6.26629803721426,53.5,0.5810598933835058,0.552489729890592,1.0,71.1,0.43
91132,Chamarande,91,249100553,CC Entre Juine et Renarde (CCEJR),CC,1104,2.378,8.380229905190156,2.566917268256444,5.133834536512888,6.26629803721426,53.5,0.5738476011288806,0.552489729890592,1.0,70.9,0.38
91135,Champcueil,91,249100546,CC du Val d'Essonne (CCVE),CC,2873,1.459,8.380229905190156,2.566917268256444,5.133834536512888,6.26629803721426,53.5,0.8620257133897774,0.552489729890592,1.0,80.5,1.0
91136,Champlan,91,200056232,CA Communauté Paris-Saclay,CA,2606,3.168,8.380229905190156,2.566917268256444,5.133834536512888,6.26629803721426,53.5,0.3261210410787081,0.552489729890592,1.0,62.6,0.41
91137,Champmotteux,91,200017846,CA Étampois Sud Essonne,CA,360,1.911,8.380229905190156,2.566917268256444,5.133834536512888,6.26629803721426,53.5,0.720288491690185,0.552489729890592,1.0,75.8,0.8
91145,Chatignonville,91,200017846,CA Étampois Sud Essonne,CA,71,2.209,8.380229905190156,2.566917268256444,5.133834536512888,6.26629803721426,53.5,0.6268422703041706,0.552489729890592,1.0,72.6,0.54
91148,Chauffour-lès-Étréchy,91,249100553,CC Entre Juine et Renarde (CCEJR),CC,135,2.368,8.380229905190156,2.566917268256444,5.133834536512888,6.26629803721426,53.5,0.5769833803700221,0.552489729890592,1.0,71.0,0.44
91156,Cheptainville,91,200057859,CA Coeur d'Essonne Agglomération,CA,2212,1.361,8.380229905190156,2.566917268256444,5.133834536512888,6.26629803721426,53.5,0.8927563499529634,0.552489729890592,1.0,81.5,1.0
91159,Chevannes,91,249100546,CC du Val d'Essonne (CCVE),CC,1550,1.722,8.380229905190156,2.566917268256444,5.133834536512888,6.26629803721426,53.5,0.779554719347758,0.552489729890592,1.0,77.7,0.9
91161,Chilly-Mazarin,91,200056232,CA Communauté Paris-Saclay,CA,19981,3.509,8.380229905190156,2.566917268256444,5.133834536512888,6.26629803721426,53.5,0.2191909689557856,0.552489729890592,1.0,59.1,0.22
91174,Corbeil-Essonnes,91,200059228,CA Grand Paris Sud Seine Essonne Sénart,CA,53712,1.983,8.380229905190156,2.566917268256444,5.133834536512888,6.26629803721426,53.5,0.6977108811539667,0.552489729890592,1.0,75.0,0.61
91175,Corbreuse,91,249100595,CC le Dourdannais en Hurepoix (CCDH),CC,1675,1.894,8.380229905190156,2.566917268256444,5.133834536512888,6.26629803721426,53.5,0.7256193164001254,0.552489729890592,1.0,75.9,1.0
91179,Le Coudray-Montceaux,91,200059228,CA Grand Paris Sud Seine Essonne Sénart,CA,4738,3.311,8.380229905190156,2.566917268256444,5.133834536512888,6.26629803721426,53.5,0.2812793979303858,0.552489729890592,1.0,61.1,0.28
91180,Courances,91,249100157,CC des 2 Vallées,CC,336,2.487,8.380229905190156,2.566917268256444,5.133834536512888,6.26629803721426,53.5,0.539667607400439,0.552489729890592,1.0,69.7,0.07
91184,Courdimanche-sur-Essonne,91,249100157,CC des 2 Vallées,CC,279,2.167,8.380229905190156,2.566917268256444,5.133834536512888,6.26629803721426,53.5,0.6400125431169646,0.552489729890592,1.0,73.1,0.67
91186,Courson-Monteloup,91,249100074,CC du Pays de Limours (CCPL),CC,570,2.291,8.380229905190156,2.566917268256444,5.133834536512888,6.26629803721426,53.5,0.6011288805268109,0.552489729890592,1.0,71.8,0.93
91191,Crosne,91,200058477,CA Val d'Yerres Val de Seine,CA,9606,2.432,8.380229905190156,2.566917268256444,5.133834536512888,6.26629803721426,53.5,0.5569143932267169,0.552489729890592,1.0,70.3,0.78
91195,Dannemois,91,249100157,CC des 2 Vallées,CC,854,2.328,8.380229905190156,2.566917268256444,5.133834536512888,6.26629803721426,53.5,0.5895264973345877,0.552489729890592,1.0,71.4,0.27
91198,D'Huison-Longueville,91,249100546,CC du Val d'Essonne (CCVE),CC,1532,2.731,8.380229905190156,2.566917268256444,5.133834536512888,6.26629803721426,53.5,0.4631545939165883,0.552489729890592,1.0,67.2,0.14
91200,Dourdan,91,249100595,CC le Dourdannais en Hurepoix (CCDH),CC,11068,2.014,8.380229905190156,2.566917268256444,5.133834536512888,6.26629803721426,53.5,0.6879899655064284,0.552489729890592,1.0,74.7,0.73
91201,Draveil,91,200058477,CA Val d'Yerres Val de Seine,CA,29824,2.332,8.380229905190156,2.566917268256444,5.133834536512888,6.26629803721426,53.5,0.5882721856381312,0.552489729890592,1.0,71.4,0.89
91204,Écharcon,91,249100546,CC du Val d'Essonne (CCVE),CC,720,2.679,8.380229905190156,2.566917268256444,5.133834536512888,6.26629803721426,53.5,0.47946064597052374,0.552489729890592,1.0,67.7,0.19
91207,Égly,91,200057859,CA Coeur d'Essonne Agglomération,CA,7078,2.454,8.380229905190156,2.566917268256444,5.133834536512888,6.26629803721426,53.5,0.5500156788962056,0.552489729890592,1.0,70.1,0.33
91215,Épinay-sous-Sénart,91,200058477,CA Val d'Yerres Val de Seine,CA,11783,2.705,8.380229905190156,2.566917268256444,5.133834536512888,6.26629803721426,53.5,0.47130761994355597,0.552489729890592,1.0,67.5,0.33
91216,Épinay-sur-Orge,91,200056232,CA Communauté Paris-Saclay,CA,10626,2.217,8.380229905190156,2.566917268256444,5.133834536512888,6.26629803721426,53.5,0.6243336469112575,0.552489729890592,1.0,72.6,0.93
91223,Étampes,91,200017846,CA Étampois Sud Essonne,CA,26601,2.364,8.380229905190156,2.566917268256444,5.133834536512888,6.26629803721426,53.5,0.5782376920664787,0.552489729890592,1.0,71.0,0.41
91225,Étiolles,91,200059228,CA Grand Paris Sud Seine Essonne Sénart,CA,3100,4.337,8.380229905190156,2.566917268256444,5.133834536512888,6.26629803721426,53.5,0.0,0.552489729890592,1.0,51.7,0.07
91226,Étréchy,91,249100553,CC Entre Juine et Renarde (CCEJR),CC,6926,2.33,8.380229905190156,2.566917268256444,5.133834536512888,6.26629803721426,53.5,0.5888993414863594,0.552489729890592,1.0,71.4,0.5
91228,Évry-Courcouronnes,91,200059228,CA Grand Paris Sud Seine Essonne Sénart,CA,66700,2.985,8.380229905190156,2.566917268256444,5.133834536512888,6.26629803721426,53.5,0.38350580119159616,0.552489729890592,1.0,64.5,0.35
91232,La Ferté-Alais,91,249100546,CC du Val d'Essonne (CCVE),CC,3663,2.509,8.380229905190156,2.566917268256444,5.133834536512888,6.26629803721426,53.5,0.5327688930699279,0.552489729890592,1.0,69.5,0.33
91235,Fleury-Mérogis,91,200057859,CA Coeur d'Essonne Agglomération,CA,13816,2.96,8.380229905190156,2.566917268256444,5.133834536512888,6.26629803721426,53.5,0.3913452492944497,0.552489729890592,1.0,64.8,0.1
91240,Fontaine-la-Rivière,91,200017846,CA Étampois Sud Essonne,CA,182,2.721,8.380229905190156,2.566917268256444,5.133834536512888,6.26629803721426,53.5,0.4662903731577297,0.552489729890592,1.0,67.3,0.14
91243,Fontenay-lès-Briis,91,249100074,CC du Pays de Limours (CCPL),CC,2322,2.501,8.380229905190156,2.566917268256444,5.133834536512888,6.26629803721426,53.5,0.5352775164628412,0.552489729890592,1.0,69.6,0.64
91244,Fontenay-le-Vicomte,91,249100546,CC du Val d'Essonne (CCVE),CC,1563,2.053,8.380229905190156,2.566917268256444,5.133834536512888,6.26629803721426,53.5,0.6757604264659769,0.552489729890592,1.0,74.3,0.67
91247,La Forêt-le-Roi,91,249100595,CC le Dourdannais en Hurepoix (CCDH),CC,493,2.439,8.380229905190156,2.566917268256444,5.133834536512888,6.26629803721426,53.5,0.5547193477579179,0.552489729890592,1.0,70.2,0.27
91248,La Forêt-Sainte-Croix,91,200017846,CA Étampois Sud Essonne,CA,153,2.407,8.380229905190156,2.566917268256444,5.133834536512888,6.26629803721426,53.5,0.5647538413295705,0.552489729890592,1.0,70.6,0.38
91249,Forges-les-Bains,91,249100074,CC du Pays de Limours (CCPL),CC,4138,2.343,8.380229905190156,2.566917268256444,5.133834536512888,6.26629803721426,53.5,0.5848228284728756,0.552489729890592,1.0,71.2,0.79
91272,Gif-sur-Yvette,91,200056232,CA Communauté Paris-Saclay,CA,22578,2.706,8.380229905190156,2.566917268256444,5.133834536512888,6.26629803721426,53.5,0.47099404201944184,0.552489729890592,1.0,67.4,0.59
91273,Gironville-sur-Essonne,91,249100157,CC des 2 Vallées,CC,762,2.047,8.380229905190156,2.566917268256444,5.133834536512888,6.26629803721426,53.5,0.6776418940106617,0.552489729890592,1.0,74.3,0.8
91274,Gometz-la-Ville,91,249100074,CC du Pays de Limours (CCPL),CC,1512,3.821,8.380229905190156,2.566917268256444,5.133834536512888,6.26629803721426,53.5,0.12135465663217304,0.552489729890592,1.0,55.8,0.14
91275,Gometz-le-Châtel,91,200056232,CA Communauté Paris-Saclay,CA,2635,3.828,8.380229905190156,2.566917268256444,5.133834536512888,6.26629803721426,53.5,0.11915961116337426,0.552489729890592,1.0,55.7,0.04
91284,Les Granges-le-Roi,91,249100595,CC le Dourdannais en Hurepoix (CCDH),CC,1187,2.398,8.380229905190156,2.566917268256444,5.133834536512888,6.26629803721426,53.5,0.5675760426465977,0.552489729890592,1.0,70.7,0.36
91286,Grigny,91,200059228,CA Grand Paris Sud Seine Essonne Sénart,CA,26500,2.419,8.380229905190156,2.566917268256444,5.133834536512888,6.26629803721426,53.5,0.5609909062402008,0.552489729890592,1.0,70.4,0.43
91292,Guibeville,91,200057859,CA Coeur d'Essonne Agglomération,CA,929,2.045,8.380229905190156,2.566917268256444,5.133834536512888,6.26629803721426,53.5,0.67826904985889,0.552489729890592,1.0,74.4,0.76
91293,Guigneville-sur-Essonne,91,249100546,CC du Val d'Essonne (CCVE),CC,876,2.48,8.380229905190156,2.566917268256444,5.133834536512888,6.26629803721426,53.5,0.5418626528692381,0.552489729890592,1.0,69.8,0.38
91294,Guillerval,91,200017846,CA Étampois Sud Essonne,CA,812,3.012,8.380229905190156,2.566917268256444,5.133834536512888,6.26629803721426,53.5,0.37503919724051427,0.552489729890592,1.0,64.3,0.08
91312,Igny,91,200056232,CA Communauté Paris-Saclay,CA,10571,3.138,8.380229905190156,2.566917268256444,5.133834536512888,6.26629803721426,53.5,0.3355283788021324,0.552489729890592,1.0,62.9,0.48
91315,Itteville,91,249100546,CC du Val d'Essonne (CCVE),CC,6674,1.613,8.380229905190156,2.566917268256444,5.133834536512888,6.26629803721426,53.5,0.8137347130761995,0.552489729890592,1.0,78.9,0.95
91318,Janville-sur-Juine,91,249100553,CC Entre Juine et Renarde (CCEJR),CC,1997,1.844,8.380229905190156,2.566917268256444,5.133834536512888,6.26629803721426,53.5,0.7412982126058325,0.552489729890592,1.0,76.5,0.94
91319,Janvry,91,249100074,CC du Pays de Limours (CCPL),CC,649,3.345,8.380229905190156,2.566917268256444,5.133834536512888,6.26629803721426,53.5,0.2706177485105049,0.552489729890592,1.0,60.8,0.21
91326,Juvisy-sur-Orge,91,200054781,Métropole du Grand Paris,METRO,18978,2.258,8.380229905190156,2.566917268256444,5.133834536512888,6.26629803721426,53.5,0.6114769520225777,0.552489729890592,1.0,72.1,0.97
91330,Lardy,91,249100553,CC Entre Juine et Renarde (CCEJR),CC,5572,2.09,8.380229905190156,2.566917268256444,5.133834536512888,6.26629803721426,53.5,0.6641580432737536,0.552489729890592,1.0,73.9,0.88
91332,Leudeville,91,249100546,CC du Val d'Essonne (CCVE),CC,1560,2.045,8.380229905190156,2.566917268256444,5.133834536512888,6.26629803721426,53.5,0.67826904985889,0.552489729890592,1.0,74.4,0.71
91333,Leuville-sur-Orge,91,200057859,CA Coeur d'Essonne Agglomération,CA,4307,2.397,8.380229905190156,2.566917268256444,5.133834536512888,6.26629803721426,53.5,0.5678896205707119,0.552489729890592,1.0,70.7,0.43
91338,Limours,91,249100074,CC du Pays de Limours (CCPL),CC,6408,2.643,8.380229905190156,2.566917268256444,5.133834536512888,6.26629803721426,53.5,0.4907494512386329,0.552489729890592,1.0,68.1,0.43
91339,Linas,91,200056232,CA Communauté Paris-Saclay,CA,7310,3.446,8.380229905190156,2.566917268256444,5.133834536512888,6.26629803721426,53.5,0.23894637817497644,0.552489729890592,1.0,59.7,0.28
91340,Lisses,91,200059228,CA Grand Paris Sud Seine Essonne Sénart,CA,7295,3.311,8.380229905190156,2.566917268256444,5.133834536512888,6.26629803721426,53.5,0.2812793979303858,0.552489729890592,1.0,61.1,0.28
91345,Longjumeau,91,200056232,CA Communauté Paris-Saclay,CA,20470,2.206,8.380229905190156,2.566917268256444,5.133834536512888,6.26629803721426,53.5,0.6277830040765131,0.552489729890592,1.0,72.7,0.96
91347,Longpont-sur-Orge,91,200057859,CA Coeur d'Essonne Agglomération,CA,6456,2.256,8.380229905190156,2.566917268256444,5.133834536512888,6.26629803721426,53.5,0.612104107870806,0.552489729890592,1.0,72.2,0.52
91359,Maisse,91,249100157,CC des 2 Vallées,CC,2804,2.223,8.380229905190156,2.566917268256444,5.133834536512888,6.26629803721426,53.5,0.6224521793665727,0.552489729890592,1.0,72.5,0.53
91363,Marcoussis,91,200056232,CA Communauté Paris-Saclay,CA,8597,1.693,8.380229905190156,2.566917268256444,5.133834536512888,6.26629803721426,53.5,0.788648479147068,0.552489729890592,1.0,78.0,1.0
91374,Marolles-en-Beauce,91,200017846,CA Étampois Sud Essonne,CA,238,2.54,8.380229905190156,2.566917268256444,5.133834536512888,6.26629803721426,53.5,0.5230479774223895,0.552489729890592,1.0,69.2,0.3
91376,Marolles-en-Hurepoix,91,200057859,CA Coeur d'Essonne Agglomération,CA,5688,2.054,8.380229905190156,2.566917268256444,5.133834536512888,6.26629803721426,53.5,0.6754468485418628,0.552489729890592,1.0,74.3,0.69
91377,Massy,91,200056232,CA Communauté Paris-Saclay,CA,50597,3.534,8.380229905190156,2.566917268256444,5.133834536512888,6.26629803721426,53.5,0.21135152085293207,0.552489729890592,1.0,58.8,0.19
91378,Mauchamps,91,249100553,CC Entre Juine et Renarde (CCEJR),CC,379,2.492,8.380229905190156,2.566917268256444,5.133834536512888,6.26629803721426,53.5,0.5380997177798683,0.552489729890592,1.0,69.7,0.25
91386,Mennecy,91,249100546,CC du Val d'Essonne (CCVE),CC,16071,2.585,8.380229905190156,2.566917268256444,5.133834536512888,6.26629803721426,53.5,0.5089369708372531,0.552489729890592,1.0,68.7,0.24
91390,Le Mérévillois,91,200017846,CA Étampois Sud Essonne,CA,3420,2.344,8.380229905190156,2.566917268256444,5.133834536512888,6.26629803721426,53.5,0.5845092505487615,0.552489729890592,1.0,71.2,0.46
91393,Mérobert,91,200017846,CA Étampois Sud Essonne,CA,635,1.79,8.380229905190156,2.566917268256444,5.133834536512888,6.26629803721426,53.5,0.7582314205079963,0.552489729890592,1.0,77.0,0.86
91399,Mespuits,91,200017846,CA Étampois Sud Essonne,CA,188,2.044,8.380229905190156,2.566917268256444,5.133834536512888,6.26629803721426,53.5,0.678582627783004,0.552489729890592,1.0,74.4,0.68
91405,Milly-la-Forêt,91,249100157,CC des 2 Vallées,CC,4582,2.113,8.380229905190156,2.566917268256444,5.133834536512888,6.26629803721426,53.5,0.6569457510191283,0.552489729890592,1.0,73.6,0.73
91408,Moigny-sur-École,91,249100157,CC des 2 Vallées,CC,1311,1.923,8.380229905190156,2.566917268256444,5.133834536512888,6.26629803721426,53.5,0.7165255566008153,0.552489729890592,1.0,75.6,0.93
91411,Les Molières,91,249100074,CC du Pays de Limours (CCPL),CC,1935,2.683,8.380229905190156,2.566917268256444,5.133834536512888,6.26629803721426,53.5,0.4782063342740672,0.552489729890592,1.0,67.7,0.36
91412,Mondeville,91,249100157,CC des 2 Vallées,CC,724,1.938,8.380229905190156,2.566917268256444,5.133834536512888,6.26629803721426,53.5,0.7118218877391032,0.552489729890592,1.0,75.5,0.87
91414,Monnerville,91,200017846,CA Étampois Sud Essonne,CA,377,3.807,8.380229905190156,2.566917268256444,5.133834536512888,6.26629803721426,53.5,0.12574474756977116,0.552489729890592,1.0,55.9,0.03
91421,Montgeron,91,200058477,CA Val d'Yerres Val de Seine,CA,23890,2.67,8.380229905190156,2.566917268256444,5.133834536512888,6.26629803721426,53.5,0.482282847287551,0.552489729890592,1.0,67.8,0.44
91425,Montlhéry,91,200056232,CA Communauté Paris-Saclay,CA,9238,3.337,8.380229905190156,2.566917268256444,5.133834536512888,6.26629803721426,53.5,0.27312637190341804,0.552489729890592,1.0,60.9,0.35
91432,Morangis,91,200054781,Métropole du Grand Paris,METRO,13773,2.574,8.380229905190156,2.566917268256444,5.133834536512888,6.26629803721426,53.5,0.5123863280025087,0.552489729890592,1.0,68.8,0.95
91433,Morigny-Champigny,91,200017846,CA Étampois Sud Essonne,CA,4435,2.329,8.380229905190156,2.566917268256444,5.133834536512888,6.26629803721426,53.5,0.5892129194104735,0.552489729890592,1.0,71.4,0.49
91434,Morsang-sur-Orge,91,200057859,CA Coeur d'Essonne Agglomération,CA,21161,2.15,8.380229905190156,2.566917268256444,5.133834536512888,6.26629803721426,53.5,0.645343367826905,0.552489729890592,1.0,73.3,0.62
91435,Morsang-sur-Seine,91,200059228,CA Grand Paris Sud Seine Essonne Sénart,CA,584,1.452,8.380229905190156,2.566917268256444,5.133834536512888,6.26629803721426,53.5,0.8642207588585764,0.552489729890592,1.0,80.6,0.87
91441,Nainville-les-Roches,91,249100546,CC du Val d'Essonne (CCVE),CC,521,2.086,8.380229905190156,2.566917268256444,5.133834536512888,6.26629803721426,53.5,0.6654123549702102,0.552489729890592,1.0,73.9,0.57
91457,La Norville,91,200057859,CA Coeur d'Essonne Agglomération,CA,4308,1.633,8.380229905190156,2.566917268256444,5.133834536512888,6.26629803721426,53.5,0.8074631545939166,0.552489729890592,1.0,78.7,0.9
91458,Nozay,91,200056232,CA Communauté Paris-Saclay,CA,4465,2.639,8.380229905190156,2.566917268256444,5.133834536512888,6.26629803721426,53.5,0.4920037629350895,0.552489729890592,1.0,68.1,0.7
91461,Ollainville,91,200057859,CA Coeur d'Essonne Agglomération,CA,5361,2.051,8.380229905190156,2.566917268256444,5.133834536512888,6.26629803721426,53.5,0.6763875823142051,0.552489729890592,1.0,74.3,0.69
91463,Oncy-sur-École,91,249100157,CC des 2 Vallées,CC,1037,1.621,8.380229905190156,2.566917268256444,5.133834536512888,6.26629803721426,53.5,0.8112260896832864,0.552489729890592,1.0,78.8,1.0
91468,Ormoy,91,249100546,CC du Val d'Essonne (CCVE),CC,2896,3.581,8.380229905190156,2.566917268256444,5.133834536512888,6.26629803721426,53.5,0.19661335841956729,0.552489729890592,1.0,58.3,0.05
91469,Ormoy-la-Rivière,91,200017846,CA Étampois Sud Essonne,CA,950,3.138,8.380229905190156,2.566917268256444,5.133834536512888,6.26629803721426,53.5,0.3355283788021324,0.552489729890592,1.0,62.9,0.05
91471,Orsay,91,200056232,CA Communauté Paris-Saclay,CA,16655,2.576,8.380229905190156,2.566917268256444,5.133834536512888,6.26629803721426,53.5,0.5117591721542804,0.552489729890592,1.0,68.8,0.78
91473,Orveau,91,249100546,CC du Val d'Essonne (CCVE),CC,145,2.441,8.380229905190156,2.566917268256444,5.133834536512888,6.26629803721426,53.5,0.5540921919096897,0.552489729890592,1.0,70.2,0.43
91477,Palaiseau,91,200056232,CA Communauté Paris-Saclay,CA,36067,2.338,8.380229905190156,2.566917268256444,5.133834536512888,6.26629803721426,53.5,0.5863907180934462,0.552489729890592,1.0,71.3,0.89
91479,Paray-Vieille-Poste,91,200054781,Métropole du Grand Paris,METRO,7956,2.058,8.380229905190156,2.566917268256444,5.133834536512888,6.26629803721426,53.5,0.6741925368454063,0.552489729890592,1.0,74.2,0.98
91482,Pecqueuse,91,249100074,CC du Pays de Limours (CCPL),CC,567,2.49,8.380229905190156,2.566917268256444,5.133834536512888,6.26629803721426,53.5,0.5387268736280966,0.552489729890592,1.0,69.7,0.71
91494,Le Plessis-Pâté,91,200057859,CA Coeur d'Essonne Agglomération,CA,4107,2.732,8.380229905190156,2.566917268256444,5.133834536512888,6.26629803721426,53.5,0.46284101599247407,0.552489729890592,1.0,67.2,0.14
91495,Plessis-Saint-Benoist,91,200017846,CA Étampois Sud Essonne,CA,327,1.673,8.380229905190156,2.566917268256444,5.133834536512888,6.26629803721426,53.5,0.7949200376293509,0.552489729890592,1.0,78.2,0.92
91507,Prunay-sur-Essonne,91,249100157,CC des 2 Vallées,CC,312,2.295,8.380229905190156,2.566917268256444,5.133834536512888,6.26629803721426,53.5,0.5998745688303544,0.552489729890592,1.0,71.7,0.37
91508,Puiselet-le-Marais,91,200017846,CA Étampois Sud Essonne,CA,261,2.461,8.380229905190156,2.566917268256444,5.133834536512888,6.26629803721426,53.5,0.5478206334274067,0.552489729890592,1.0,70.0,0.35
91511,Pussay,91,200017846,CA Étampois Sud Essonne,CA,2182,2.536,8.380229905190156,2.566917268256444,5.133834536512888,6.26629803721426,53.5,0.524302289118846,0.552489729890592,1.0,69.2,0.3
91514,Quincy-sous-Sénart,91,200058477,CA Val d'Yerres Val de Seine,CA,9491,3.567,8.380229905190156,2.566917268256444,5.133834536512888,6.26629803721426,53.5,0.2010034493571653,0.552489729890592,1.0,58.4,0.11
91519,Richarville,91,249100595,CC le Dourdannais en Hurepoix (CCDH),CC,388,1.936,8.380229905190156,2.566917268256444,5.133834536512888,6.26629803721426,53.5,0.7124490435873315,0.552489729890592,1.0,75.5,0.91
91521,Ris-Orangis,91,200059228,CA Grand Paris Sud Seine Essonne Sénart,CA,30283,1.807,8.380229905190156,2.566917268256444,5.133834536512888,6.26629803721426,53.5,0.7529005957980559,0.552489729890592,1.0,76.8,0.76
91525,Roinville,91,249100595,CC le Dourdannais en Hurepoix (CCDH),CC,1314,2.173,8.380229905190156,2.566917268256444,5.133834536512888,6.26629803721426,53.5,0.6381310755722798,0.552489729890592,1.0,73.0,0.64
91526,Roinvilliers,91,200017846,CA Étampois Sud Essonne,CA,110,2.538,8.380229905190156,2.566917268256444,5.133834536512888,6.26629803721426,53.5,0.5236751332706179,0.552489729890592,1.0,69.2,0.3
91533,Saclas,91,200017846,CA Étampois Sud Essonne,CA,1857,2.667,8.380229905190156,2.566917268256444,5.133834536512888,6.26629803721426,53.5,0.4832235810598935,0.552489729890592,1.0,67.9,0.16
91534,Saclay,91,200056232,CA Communauté Paris-Saclay,CA,4380,3.543,8.380229905190156,2.566917268256444,5.133834536512888,6.26629803721426,53.5,0.2085293195359047,0.552489729890592,1.0,58.7,0.15
91538,Saint-Aubin,91,200056232,CA Communauté Paris-Saclay,CA,671,3.63,8.380229905190156,2.566917268256444,5.133834536512888,6.26629803721426,53.5,0.18124804013797435,0.552489729890592,1.0,57.8,0.09
91540,Saint-Chéron,91,249100595,CC le Dourdannais en Hurepoix (CCDH),CC,5176,2.385,8.380229905190156,2.566917268256444,5.133834536512888,6.26629803721426,53.5,0.5716525556600817,0.552489729890592,1.0,70.8,0.45
91544,Saint-Cyr-la-Rivière,91,200017846,CA Étampois Sud Essonne,CA,472,2.632,8.380229905190156,2.566917268256444,5.133834536512888,6.26629803721426,53.5,0.4941988084038884,0.552489729890592,1.0,68.2,0.22
91546,Saint-Cyr-sous-Dourdan,91,249100595,CC le Dourdannais en Hurepoix (CCDH),CC,957,3.036,8.380229905190156,2.566917268256444,5.133834536512888,6.26629803721426,53.5,0.36751332706177486,0.552489729890592,1.0,64.0,0.09
91547,Saint-Escobille,91,200017846,CA Étampois Sud Essonne,CA,465,1.359,8.380229905190156,2.566917268256444,5.133834536512888,6.26629803721426,53.5,0.8933835058011916,0.552489729890592,1.0,81.5,1.0
91549,Sainte-Geneviève-des-Bois,91,200057859,CA Coeur d'Essonne Agglomération,CA,35714,2.531,8.380229905190156,2.566917268256444,5.133834536512888,6.26629803721426,53.5,0.5258701787394168,0.552489729890592,1.0,69.3,0.21
91552,Saint-Germain-lès-Arpajon,91,200057859,CA Coeur d'Essonne Agglomération,CA,11577,2.32,8.380229905190156,2.566917268256444,5.133834536512888,6.26629803721426,53.5,0.5920351207275009,0.552489729890592,1.0,71.5,0.48
91553,Saint-Germain-lès-Corbeil,91,200059228,CA Grand Paris Sud Seine Essonne Sénart,CA,7471,4.082,8.380229905190156,2.566917268256444,5.133834536512888,6.26629803721426,53.5,0.039510818438382,0.552489729890592,1.0,53.1,0.13
91556,Saint-Hilaire,91,200017846,CA Étampois Sud Essonne,CA,402,1.662,8.380229905190156,2.566917268256444,5.133834536512888,6.26629803721426,53.5,0.7983693947946066,0.552489729890592,1.0,78.4,0.95
91560,Saint-Jean-de-Beauregard,91,249100074,CC du Pays de Limours (CCPL),CC,471,4.687,8.380229905190156,2.566917268256444,5.133834536512888,6.26629803721426,53.5,0.0,0.552489729890592,1.0,51.7,0.07
91568,Saint-Maurice-Montcouronne,91,249100074,CC du Pays de Limours (CCPL),CC,1540,2.326,8.380229905190156,2.566917268256444,5.133834536512888,6.26629803721426,53.5,0.590153653182816,0.552489729890592,1.0,71.4,0.86
91570,Saint-Michel-sur-Orge,91,200057859,CA Coeur d'Essonne Agglomération,CA,21536,3.061,8.380229905190156,2.566917268256444,5.133834536512888,6.26629803721426,53.5,0.35967387895892133,0.552489729890592,1.0,63.7,0.05
91573,Saint-Pierre-du-Perray,91,200059228,CA Grand Paris Sud Seine Essonne Sénart,CA,12071,2.122,8.380229905190156,2.566917268256444,5.133834536512888,6.26629803721426,53.5,0.6541235497021011,0.552489729890592,1.0,73.6,0.57
91577,Saintry-sur-Seine,91,200059228,CA Grand Paris Sud Seine Essonne Sénart,CA,5853,1.383,8.380229905190156,2.566917268256444,5.133834536512888,6.26629803721426,53.5,0.8858576356224522,0.552489729890592,1.0,81.3,0.91
91578,Saint-Sulpice-de-Favières,91,249100553,CC Entre Juine et Renarde (CCEJR),CC,271,2.096,8.380229905190156,2.566917268256444,5.133834536512888,6.26629803721426,53.5,0.6622765757290687,0.552489729890592,1.0,73.8,0.81
91579,Saint-Vrain,91,249100546,CC du Val d'Essonne (CCVE),CC,3046,1.77,8.380229905190156,2.566917268256444,5.133834536512888,6.26629803721426,53.5,0.7645029789902791,0.552489729890592,1.0,77.2,0.86
91581,Saint-Yon,91,249100553,CC Entre Juine et Renarde (CCEJR),CC,914,2.23,8.380229905190156,2.566917268256444,5.133834536512888,6.26629803721426,53.5,0.6202571338977736,0.552489729890592,1.0,72.4,0.72
91587,Saulx-les-Chartreux,91,200056232,CA Communauté Paris-Saclay,CA,6611,2.979,8.380229905190156,2.566917268256444,5.133834536512888,6.26629803721426,53.5,0.38538726873628104,0.552489729890592,1.0,64.6,0.52
91589,Savigny-sur-Orge,91,200054781,Métropole du Grand Paris,METRO,37775,1.687,8.380229905190156,2.566917268256444,5.133834536512888,6.26629803721426,53.5,0.7905299466917529,0.552489729890592,1.0,78.1,1.0
91593,Sermaise,91,249100595,CC le Dourdannais en Hurepoix (CCDH),CC,1606,2.204,8.380229905190156,2.566917268256444,5.133834536512888,6.26629803721426,53.5,0.6284101599247414,0.552489729890592,1.0,72.7,0.55
91599,Soisy-sur-École,91,249100157,CC des 2 Vallées,CC,1169,2.298,8.380229905190156,2.566917268256444,5.133834536512888,6.26629803721426,53.5,0.598933835058012,0.552489729890592,1.0,71.7,0.37
91600,Soisy-sur-Seine,91,200059228,CA Grand Paris Sud Seine Essonne Sénart,CA,7370,2.867,8.380229905190156,2.566917268256444,5.133834536512888,6.26629803721426,53.5,0.4205079962370649,0.552489729890592,1.0,65.8,0.39
91602,Souzy-la-Briche,91,249100553,CC Entre Juine et Renarde (CCEJR),CC,484,2.234,8.380229905190156,2.566917268256444,5.133834536512888,6.26629803721426,53.5,0.6190028222013171,0.552489729890592,1.0,72.4,0.72
91613,Congerville-Thionville,91,200017846,CA Étampois Sud Essonne,CA,212,2.006,8.380229905190156,2.566917268256444,5.133834536512888,6.26629803721426,53.5,0.6904985888993416,0.552489729890592,1.0,74.8,0.7
91617,Tigery,91,200059228,CA Grand Paris Sud Seine Essonne Sénart,CA,4359,4.208,8.380229905190156,2.566917268256444,5.133834536512888,6.26629803721426,53.5,0.0,0.552489729890592,1.0,51.7,0.07
91619,Torfou,91,249100553,CC Entre Juine et Renarde (CCEJR),CC,277,2.238,8.380229905190156,2.566917268256444,5.133834536512888,6.26629803721426,53.5,0.6177485105048606,0.552489729890592,1.0,72.3,0.62
91629,Valpuiseaux,91,200017846,CA Étampois Sud Essonne,CA,621,1.944,8.380229905190156,2.566917268256444,5.133834536512888,6.26629803721426,53.5,0.7099404201944184,0.552489729890592,1.0,75.4,0.76
91630,Le Val-Saint-Germain,91,249100595,CC le Dourdannais en Hurepoix (CCDH),CC,1550,2.55,8.380229905190156,2.566917268256444,5.133834536512888,6.26629803721426,53.5,0.5199121981812481,0.552489729890592,1.0,69.1,0.18
91631,Varennes-Jarcy,91,247700644,CC l'Orée de la Brie,CC,2381,2.16,8.380229905190156,2.566917268256444,5.133834536512888,6.26629803721426,53.5,0.6422075885857635,0.552489729890592,1.0,73.2,0.5
91634,Vaugrigneuse,91,249100074,CC du Pays de Limours (CCPL),CC,1451,2.226,8.380229905190156,2.566917268256444,5.133834536512888,6.26629803721426,53.5,0.6215114455942302,0.552489729890592,1.0,72.5,1.0
91635,Vauhallan,91,200056232,CA Communauté Paris-Saclay,CA,1954,2.47,8.380229905190156,2.566917268256444,5.133834536512888,6.26629803721426,53.5,0.5449984321103793,0.552489729890592,1.0,69.9,0.81
91639,Vayres-sur-Essonne,91,249100546,CC du Val d'Essonne (CCVE),CC,974,2.868,8.380229905190156,2.566917268256444,5.133834536512888,6.26629803721426,53.5,0.4201944183129509,0.552489729890592,1.0,65.8,0.1
91645,Verrières-le-Buisson,91,200056232,CA Communauté Paris-Saclay,CA,14772,2.752,8.380229905190156,2.566917268256444,5.133834536512888,6.26629803721426,53.5,0.4565694575101914,0.552489729890592,1.0,67.0,0.56
91648,Vert-le-Grand,91,249100546,CC du Val d'Essonne (CCVE),CC,2348,2.162,8.380229905190156,2.566917268256444,5.133834536512888,6.26629803721426,53.5,0.6415804327375354,0.552489729890592,1.0,73.1,0.52
91649,Vert-le-Petit,91,249100546,CC du Val d'Essonne (CCVE),CC,2716,1.843,8.380229905190156,2.566917268256444,5.133834536512888,6.26629803721426,53.5,0.7416117905299467,0.552489729890592,1.0,76.5,0.76
91654,Videlles,91,249100157,CC des 2 Vallées,CC,584,2.279,8.380229905190156,2.566917268256444,5.133834536512888,6.26629803721426,53.5,0.6048918156161807,0.552489729890592,1.0,71.9,0.47
91657,Vigneux-sur-Seine,91,200058477,CA Val d'Yerres Val de Seine,CA,31233,1.675,8.380229905190156,2.566917268256444,5.133834536512888,6.26629803721426,53.5,0.7942928817811227,0.552489729890592,1.0,78.2,1.0
91659,Villabé,91,200059228,CA Grand Paris Sud Seine Essonne Sénart,CA,5654,3.55,8.380229905190156,2.566917268256444,5.133834536512888,6.26629803721426,53.5,0.2063342740671058,0.552489729890592,1.0,58.6,0.17
91661,Villebon-sur-Yvette,91,200056232,CA Communauté Paris-Saclay,CA,10353,3.16,8.380229905190156,2.566917268256444,5.133834536512888,6.26629803721426,53.5,0.32862966447162123,0.552489729890592,1.0,62.7,0.44
91662,Villeconin,91,249100553,CC Entre Juine et Renarde (CCEJR),CC,768,2.387,8.380229905190156,2.566917268256444,5.133834536512888,6.26629803721426,53.5,0.5710253998118533,0.552489729890592,1.0,70.8,0.31
91665,La Ville-du-Bois,91,200056232,CA Communauté Paris-Saclay,CA,8140,2.688,8.380229905190156,2.566917268256444,5.133834536512888,6.26629803721426,53.5,0.47663844465349636,0.552489729890592,1.0,67.6,0.65
91666,Villejust,91,200056232,CA Communauté Paris-Saclay,CA,2502,3.627,8.380229905190156,2.566917268256444,5.133834536512888,6.26629803721426,53.5,0.18218877391031685,0.552489729890592,1.0,57.8,0.09
91667,Villemoisson-sur-Orge,91,200057859,CA Coeur d'Essonne Agglomération,CA,7226,2.436,8.380229905190156,2.566917268256444,5.133834536512888,6.26629803721426,53.5,0.5556600815302604,0.552489729890592,1.0,70.3,0.38
91671,Villeneuve-sur-Auvers,91,249100553,CC Entre Juine et Renarde (CCEJR),CC,595,2.6,8.380229905190156,2.566917268256444,5.133834536512888,6.26629803721426,53.5,0.504233301975541,0.552489729890592,1.0,68.6,0.12
91679,Villiers-le-Bâcle,91,200056232,CA Communauté Paris-Saclay,CA,1040,3.336,8.380229905190156,2.566917268256444,5.133834536512888,6.26629803721426,53.5,0.2734399498275323,0.552489729890592,1.0,60.9,0.35
91685,Villiers-sur-Orge,91,200057859,CA Coeur d'Essonne Agglomération,CA,4576,2.517,8.380229905190156,2.566917268256444,5.133834536512888,6.26629803721426,53.5,0.5302602696770149,0.552489729890592,1.0,69.4,0.29
91687,Viry-Châtillon,91,200054781,Métropole du Grand Paris,METRO,31112,3.343,8.380229905190156,2.566917268256444,5.133834536512888,6.26629803721426,53.5,0.27124490435873316,0.552489729890592,1.0,60.8,0.86
91689,Wissous,91,200056232,CA Communauté Paris-Saclay,CA,6924,3.447,8.380229905190156,2.566917268256444,5.133834536512888,6.26629803721426,53.5,0.23863280025086242,0.552489729890592,1.0,59.7,0.28
91691,Yerres,91,200058477,CA Val d'Yerres Val de Seine,CA,28349,2.563,8.380229905190156,2.566917268256444,5.133834536512888,6.26629803721426,53.5,0.5158356851677641,0.552489729890592,1.0,68.9,0.67
91692,Les Ulis,91,200056232,CA Communauté Paris-Saclay,CA,25633,2.69,8.380229905190156,2.566917268256444,5.133834536512888,6.26629803721426,53.5,0.4760112888052682,0.552489729890592,1.0,67.6,0.65
92002,Antony,92,200054781,Métropole du Grand Paris,METRO,64026,2.453,10.258371346972718,6.252143483657929,6.434244750172238,9.8941688139441,51.5,0.55032925682032,0.06278911982397606,0.4594594594594599,35.8,0.55
92004,Asnières-sur-Seine,92,200054781,Métropole du Grand Paris,METRO,91457,3.631,10.258371346972718,6.252143483657929,6.434244750172238,9.8941688139441,51.5,0.18093446221386023,0.06278911982397606,0.4594594594594599,23.4,0.25
92007,Bagneux,92,200054781,Métropole du Grand Paris,METRO,43647,3.941,10.258371346972718,6.252143483657929,6.434244750172238,9.8941688139441,51.5,0.08372530573847614,0.06278911982397606,0.4594594594594599,20.2,0.15
92009,Bois-Colombes,92,200054781,Métropole du Grand Paris,METRO,29376,3.782,10.258371346972718,6.252143483657929,6.434244750172238,9.8941688139441,51.5,0.1335841956726247,0.06278911982397606,0.4594594594594599,21.9,0.22
92012,Boulogne-Billancourt,92,200054781,Métropole du Grand Paris,METRO,120205,3.031,10.258371346972718,6.252143483657929,6.434244750172238,9.8941688139441,51.5,0.3690812166823456,0.06278911982397606,0.4594594594594599,29.7,0.43
92014,Bourg-la-Reine,92,200054781,Métropole du Grand Paris,METRO,21140,2.869,10.258371346972718,6.252143483657929,6.434244750172238,9.8941688139441,51.5,0.41988084038883666,0.06278911982397606,0.4594594594594599,31.4,0.47
92019,Châtenay-Malabry,92,200054781,Métropole du Grand Paris,METRO,35490,1.984,10.258371346972718,6.252143483657929,6.434244750172238,9.8941688139441,51.5,0.6973973032298526,0.06278911982397606,0.4594594594594599,40.7,0.62
92020,Châtillon,92,200054781,Métropole du Grand Paris,METRO,36224,3.921,10.258371346972718,6.252143483657929,6.434244750172238,9.8941688139441,51.5,0.08999686422075892,0.06278911982397606,0.4594594594594599,20.4,0.16
92022,Chaville,92,200054781,Métropole du Grand Paris,METRO,20198,3.5,10.258371346972718,6.252143483657929,6.434244750172238,9.8941688139441,51.5,0.22201317027281287,0.06278911982397606,0.4594594594594599,24.8,0.27
92023,Clamart,92,200054781,Métropole du Grand Paris,METRO,56882,2.429,10.258371346972718,6.252143483657929,6.434244750172238,9.8941688139441,51.5,0.5578551269990594,0.06278911982397606,0.4594594594594599,36.0,0.56
92024,Clichy,92,200054781,Métropole du Grand Paris,METRO,65102,4.113,10.258371346972718,6.252143483657929,6.434244750172238,9.8941688139441,51.5,0.02978990279084348,0.06278911982397606,0.4594594594594599,18.4,0.13
92025,Colombes,92,200054781,Métropole du Grand Paris,METRO,90692,2.617,10.258371346972718,6.252143483657929,6.434244750172238,9.8941688139441,51.5,0.49890247726560055,0.06278911982397606,0.4594594594594599,34.0,0.5
92026,Courbevoie,92,200054781,Métropole du Grand Paris,METRO,81945,3.842,10.258371346972718,6.252143483657929,6.434244750172238,9.8941688139441,51.5,0.11476952022577613,0.06278911982397606,0.4594594594594599,21.2,0.2
92032,Fontenay-aux-Roses,92,200054781,Métropole du Grand Paris,METRO,24586,3.072,10.258371346972718,6.252143483657929,6.434244750172238,9.8941688139441,51.5,0.3562245217936657,0.06278911982397606,0.4594594594594599,29.3,0.42
92033,Garches,92,200054781,Métropole du Grand Paris,METRO,17705,2.598,10.258371346972718,6.252143483657929,6.434244750172238,9.8941688139441,51.5,0.5048604578237693,0.06278911982397606,0.4594594594594599,34.2,0.51
92035,La Garenne-Colombes,92,200054781,Métropole du Grand Paris,METRO,29828,3.907,10.258371346972718,6.252143483657929,6.434244750172238,9.8941688139441,51.5,0.09438695515835693,0.06278911982397606,0.4594594594594599,20.6,0.17
92036,Gennevilliers,92,200054781,Métropole du Grand Paris,METRO,50874,3.797,10.258371346972718,6.252143483657929,6.434244750172238,9.8941688139441,51.5,0.12888052681091255,0.06278911982397606,0.4594594594594599,21.7,0.22
92040,Issy-les-Moulineaux,92,200054781,Métropole du Grand Paris,METRO,67695,2.99,10.258371346972718,6.252143483657929,6.434244750172238,9.8941688139441,51.5,0.3819379115710254,0.06278911982397606,0.4594594594594599,30.1,0.44
92044,Levallois-Perret,92,200054781,Métropole du Grand Paris,METRO,68412,4.361,10.258371346972718,6.252143483657929,6.434244750172238,9.8941688139441,51.5,0.0,0.06278911982397606,0.4594594594594599,17.4,0.02
92046,Malakoff,92,200054781,Métropole du Grand Paris,METRO,30183,3.47,10.258371346972718,6.252143483657929,6.434244750172238,9.8941688139441,51.5,0.23142050799623703,0.06278911982397606,0.4594594594594599,25.1,0.3
92047,Marnes-la-Coquette,92,200054781,Métropole du Grand Paris,METRO,1758,3.094,10.258371346972718,6.252143483657929,6.434244750172238,9.8941688139441,51.5,0.34932580746315467,0.06278911982397606,0.4594594594594599,29.1,0.4
92048,Meudon,92,200054781,Métropole du Grand Paris,METRO,46722,2.377,10.258371346972718,6.252143483657929,6.434244750172238,9.8941688139441,51.5,0.5741611790529948,0.06278911982397606,0.4594594594594599,36.5,0.57
92049,Montrouge,92,200054781,Métropole du Grand Paris,METRO,46273,3.631,10.258371346972718,6.252143483657929,6.434244750172238,9.8941688139441,51.5,0.18093446221386023,0.06278911982397606,0.4594594594594599,23.4,0.25
92050,Nanterre,92,200054781,Métropole du Grand Paris,METRO,98119,2.754,10.258371346972718,6.252143483657929,6.434244750172238,9.8941688139441,51.5,0.45594230166196303,0.06278911982397606,0.4594594594594599,32.6,0.48
92051,Neuilly-sur-Seine,92,200054781,Métropole du Grand Paris,METRO,59200,3.737,10.258371346972718,6.252143483657929,6.434244750172238,9.8941688139441,51.5,0.14769520225776112,0.06278911982397606,0.4594594594594599,22.3,0.23
92060,Le Plessis-Robinson,92,200054781,Métropole du Grand Paris,METRO,28893,2.463,10.258371346972718,6.252143483657929,6.434244750172238,9.8941688139441,51.5,0.5471934775791785,0.06278911982397606,0.4594594594594599,35.6,0.55
92062,Puteaux,92,200054781,Métropole du Grand Paris,METRO,44198,3.108,10.258371346972718,6.252143483657929,6.434244750172238,9.8941688139441,51.5,0.34493571652555666,0.06278911982397606,0.4594594594594599,28.9,0.39
92063,Rueil-Malmaison,92,200054781,Métropole du Grand Paris,METRO,80842,2.701,10.258371346972718,6.252143483657929,6.434244750172238,9.8941688139441,51.5,0.4725619316400126,0.06278911982397606,0.4594594594594599,33.2,0.49
92064,Saint-Cloud,92,200054781,Métropole du Grand Paris,METRO,29859,2.24,10.258371346972718,6.252143483657929,6.434244750172238,9.8941688139441,51.5,0.6171213546566321,0.06278911982397606,0.4594594594594599,38.0,0.58
92071,Sceaux,92,200054781,Métropole du Grand Paris,METRO,20740,2.519,10.258371346972718,6.252143483657929,6.434244750172238,9.8941688139441,51.5,0.5296331138287864,0.06278911982397606,0.4594594594594599,35.1,0.54
92072,Sèvres,92,200054781,Métropole du Grand Paris,METRO,22782,1.799,10.258371346972718,6.252143483657929,6.434244750172238,9.8941688139441,51.5,0.755409219190969,0.06278911982397606,0.4594594594594599,42.6,0.65
92073,Suresnes,92,200054781,Métropole du Grand Paris,METRO,48932,2.587,10.258371346972718,6.252143483657929,6.434244750172238,9.8941688139441,51.5,0.5083098149890248,0.06278911982397606,0.4594594594594599,34.4,0.52
92075,Vanves,92,200054781,Métropole du Grand Paris,METRO,28507,3.198,10.258371346972718,6.252143483657929,6.434244750172238,9.8941688139441,51.5,0.3167137033552838,0.06278911982397606,0.4594594594594599,28.0,0.36
92076,Vaucresson,92,200054781,Métropole du Grand Paris,METRO,8506,2.943,10.258371346972718,6.252143483657929,6.434244750172238,9.8941688139441,51.5,0.3966760740043901,0.06278911982397606,0.4594594594594599,30.6,0.45
92077,Ville-d'Avray,92,200054781,Métropole du Grand Paris,METRO,10871,3.086,10.258371346972718,6.252143483657929,6.434244750172238,9.8941688139441,51.5,0.3518344308560678,0.06278911982397606,0.4594594594594599,29.1,0.4
92078,Villeneuve-la-Garenne,92,200054781,Métropole du Grand Paris,METRO,25566,2.592,10.258371346972718,6.252143483657929,6.434244750172238,9.8941688139441,51.5,0.5067419253684541,0.06278911982397606,0.4594594594594599,34.3,0.52
93001,Aubervilliers,93,200054781,Métropole du Grand Paris,METRO,89489,4.145,7.551769760216445,1.129792326331594,2.9136749468551635,4.162392781221662,51.9,0.019755409219191167,0.8688256938384521,0.5675675675675675,48.5,0.66
93005,Aulnay-sous-Bois,93,200054781,Métropole du Grand Paris,METRO,86360,2.722,7.551769760216445,1.129792326331594,2.9136749468551635,4.162392781221662,51.9,0.46597679523361557,0.8688256938384521,0.5675675675675675,63.4,0.88
93006,Bagnolet,93,200054781,Métropole du Grand Paris,METRO,41776,3.227,7.551769760216445,1.129792326331594,2.9136749468551635,4.162392781221662,51.9,0.3076199435559738,0.8688256938384521,0.5675675675675675,58.1,0.77
93007,Le Blanc-Mesnil,93,200054781,Métropole du Grand Paris,METRO,59912,2.505,7.551769760216445,1.129792326331594,2.9136749468551635,4.162392781221662,51.9,0.5340232047663845,0.8688256938384521,0.5675675675675675,65.7,0.9
93008,Bobigny,93,200054781,Métropole du Grand Paris,METRO,55270,2.433,7.551769760216445,1.129792326331594,2.9136749468551635,4.162392781221662,51.9,0.5566008153026027,0.8688256938384521,0.5675675675675675,66.4,0.91
93010,Bondy,93,200054781,Métropole du Grand Paris,METRO,51066,3.136,7.551769760216445,1.129792326331594,2.9136749468551635,4.162392781221662,51.9,0.33615553465036063,0.8688256938384521,0.5675675675675675,59.1,0.8
93013,Le Bourget,93,200054781,Métropole du Grand Paris,METRO,15052,2.242,7.551769760216445,1.129792326331594,2.9136749468551635,4.162392781221662,51.9,0.616494198808404,0.8688256938384521,0.5675675675675675,68.4,0.94
93014,Clichy-sous-Bois,93,200054781,Métropole du Grand Paris,METRO,29551,2.982,7.551769760216445,1.129792326331594,2.9136749468551635,4.162392781221662,51.9,0.38444653496393855,0.8688256938384521,0.5675675675675675,60.7,0.85
93015,Coubron,93,200054781,Métropole du Grand Paris,METRO,5156,2.341,7.551769760216445,1.129792326331594,2.9136749468551635,4.162392781221662,51.9,0.5854499843211038,0.8688256938384521,0.5675675675675675,67.4,0.93
93027,La Courneuve,93,200054781,Métropole du Grand Paris,METRO,47086,3.052,7.551769760216445,1.129792326331594,2.9136749468551635,4.162392781221662,51.9,0.3624960802759486,0.8688256938384521,0.5675675675675675,60.0,0.83
93029,Drancy,93,200054781,Métropole du Grand Paris,METRO,71312,2.883,7.551769760216445,1.129792326331594,2.9136749468551635,4.162392781221662,51.9,0.41549074945123865,0.8688256938384521,0.5675675675675675,61.7,0.87
93030,Dugny,93,200054781,Métropole du Grand Paris,METRO,11723,3.042,7.551769760216445,1.129792326331594,2.9136749468551635,4.162392781221662,51.9,0.3656318595170901,0.8688256938384521,0.5675675675675675,60.1,0.85
93031,Épinay-sur-Seine,93,200054781,Métropole du Grand Paris,METRO,53564,3.699,7.551769760216445,1.129792326331594,2.9136749468551635,4.162392781221662,51.9,0.15961116337409853,0.8688256938384521,0.5675675675675675,53.2,0.71
93032,Gagny,93,200054781,Métropole du Grand Paris,METRO,40790,3.209,7.551769760216445,1.129792326331594,2.9136749468551635,4.162392781221662,51.9,0.3132643461900283,0.8688256938384521,0.5675675675675675,58.3,0.78
93033,Gournay-sur-Marne,93,200054781,Métropole du Grand Paris,METRO,7101,2.839,7.551769760216445,1.129792326331594,2.9136749468551635,4.162392781221662,51.9,0.42928817811226094,0.8688256938384521,0.5675675675675675,62.2,0.88
93039,L'Île-Saint-Denis,93,200054781,Métropole du Grand Paris,METRO,8682,3.622,7.551769760216445,1.129792326331594,2.9136749468551635,4.162392781221662,51.9,0.1837566635308875,0.8688256938384521,0.5675675675675675,54.0,0.73
93045,Les Lilas,93,200054781,Métropole du Grand Paris,METRO,23262,3.458,7.551769760216445,1.129792326331594,2.9136749468551635,4.162392781221662,51.9,0.2351834430856068,0.8688256938384521,0.5675675675675675,55.7,0.76
93046,Livry-Gargan,93,200054781,Métropole du Grand Paris,METRO,46507,3.165,7.551769760216445,1.129792326331594,2.9136749468551635,4.162392781221662,51.9,0.3270617748510505,0.8688256938384521,0.5675675675675675,58.8,0.79
93047,Montfermeil,93,200054781,Métropole du Grand Paris,METRO,28257,3.046,7.551769760216445,1.129792326331594,2.9136749468551635,4.162392781221662,51.9,0.3643775478206336,0.8688256938384521,0.5675675675675675,60.0,0.83
93048,Montreuil,93,200054781,Métropole du Grand Paris,METRO,110758,3.701,7.551769760216445,1.129792326331594,2.9136749468551635,4.162392781221662,51.9,0.15898400752587016,0.8688256938384521,0.5675675675675675,53.2,0.71
93049,Neuilly-Plaisance,93,200054781,Métropole du Grand Paris,METRO,21914,3.912,7.551769760216445,1.129792326331594,2.9136749468551635,4.162392781221662,51.9,0.09281906553778618,0.8688256938384521,0.5675675675675675,51.0,0.68
93050,Neuilly-sur-Marne,93,200054781,Métropole du Grand Paris,METRO,38799,3.072,7.551769760216445,1.129792326331594,2.9136749468551635,4.162392781221662,51.9,0.3562245217936657,0.8688256938384521,0.5675675675675675,59.8,0.82
93051,Noisy-le-Grand,93,200054781,Métropole du Grand Paris,METRO,71632,3.133,7.551769760216445,1.129792326331594,2.9136749468551635,4.162392781221662,51.9,0.3370962684227031,0.8688256938384521,0.5675675675675675,59.1,0.8
93053,Noisy-le-Sec,93,200054781,Métropole du Grand Paris,METRO,45915,3.476,7.551769760216445,1.129792326331594,2.9136749468551635,4.162392781221662,51.9,0.22953904045155227,0.8688256938384521,0.5675675675675675,55.5,0.75
93055,Pantin,93,200054781,Métropole du Grand Paris,METRO,60954,3.878,7.551769760216445,1.129792326331594,2.9136749468551635,4.162392781221662,51.9,0.10348071495766697,0.8688256938384521,0.5675675675675675,51.3,0.69
93057,Les Pavillons-sous-Bois,93,200054781,Métropole du Grand Paris,METRO,24872,3.204,7.551769760216445,1.129792326331594,2.9136749468551635,4.162392781221662,51.9,0.31483223581059894,0.8688256938384521,0.5675675675675675,58.4,0.78
93061,Le Pré-Saint-Gervais,93,200054781,Métropole du Grand Paris,METRO,16733,4.092,7.551769760216445,1.129792326331594,2.9136749468551635,4.162392781221662,51.9,0.03637503919724072,0.8688256938384521,0.5675675675675675,49.1,0.67
93062,Le Raincy,93,200054781,Métropole du Grand Paris,METRO,14778,3.081,7.551769760216445,1.129792326331594,2.9136749468551635,4.162392781221662,51.9,0.35340232047663855,0.8688256938384521,0.5675675675675675,59.7,0.82
93063,Romainville,93,200054781,Métropole du Grand Paris,METRO,35314,3.655,7.551769760216445,1.129792326331594,2.9136749468551635,4.162392781221662,51.9,0.17340859203512082,0.8688256938384521,0.5675675675675675,53.7,0.72
93064,Rosny-sous-Bois,93,200054781,Métropole du Grand Paris,METRO,45947,2.597,7.551769760216445,1.129792326331594,2.9136749468551635,4.162392781221662,51.9,0.5051740357478833,0.8688256938384521,0.5675675675675675,64.7,0.89
93066,Saint-Denis,93,200054781,Métropole du Grand Paris,METRO,148907,3.75,7.551769760216445,1.129792326331594,2.9136749468551635,4.162392781221662,51.9,0.14361868924427723,0.8688256938384521,0.5675675675675675,52.7,0.7
93070,Saint-Ouen-sur-Seine,93,200054781,Métropole du Grand Paris,METRO,53041,4.745,7.551769760216445,1.129792326331594,2.9136749468551635,4.162392781221662,51.9,0.0,0.8688256938384521,0.5675675675675675,47.9,0.65
93071,Sevran,93,200054781,Métropole du Grand Paris,METRO,51640,2.377,7.551769760216445,1.129792326331594,2.9136749468551635,4.162392781221662,51.9,0.5741611790529948,0.8688256938384521,0.5675675675675675,67.0,0.92
93072,Stains,93,200054781,Métropole du Grand Paris,METRO,40600,3.541,7.551769760216445,1.129792326331594,2.9136749468551635,4.162392781221662,51.9,0.20915647538413307,0.8688256938384521,0.5675675675675675,54.9,0.75
93073,Tremblay-en-France,93,200054781,Métropole du Grand Paris,METRO,38210,2.061,7.551769760216445,1.129792326331594,2.9136749468551635,4.162392781221662,51.9,0.6732518030730636,0.8688256938384521,0.5675675675675675,70.3,0.96
93074,Vaujours,93,200054781,Métropole du Grand Paris,METRO,7743,2.407,7.551769760216445,1.129792326331594,2.9136749468551635,4.162392781221662,51.9,0.5647538413295705,0.8688256938384521,0.5675675675675675,66.7,0.92
93077,Villemomble,93,200054781,Métropole du Grand Paris,METRO,29973,3.574,7.551769760216445,1.129792326331594,2.9136749468551635,4.162392781221662,51.9,0.1988084038883664,0.8688256938384521,0.5675675675675675,54.5,0.74
93078,Villepinte,93,200054781,Métropole du Grand Paris,METRO,39647,2.12,7.551769760216445,1.129792326331594,2.9136749468551635,4.162392781221662,51.9,0.6547507055503292,0.8688256938384521,0.5675675675675675,69.7,0.95
93079,Villetaneuse,93,200054781,Métropole du Grand Paris,METRO,12432,3.995,7.551769760216445,1.129792326331594,2.9136749468551635,4.162392781221662,51.9,0.06679209783631235,0.8688256938384521,0.5675675675675675,50.1,0.68
94001,Ablon-sur-Seine,94,200054781,Métropole du Grand Paris,METRO,6029,3.861,6.903688612647417,3.5927359106634515,5.424326767080113,6.833242810477545,49.8,0.10881153966760737,0.5270718443696616,0.0,21.2,0.2
94002,Alfortville,94,200054781,Métropole du Grand Paris,METRO,45569,4.882,6.903688612647417,3.5927359106634515,5.424326767080113,6.833242810477545,49.8,0.0,0.5270718443696616,0.0,17.6,0.07
94003,Arcueil,94,200054781,Métropole du Grand Paris,METRO,21868,3.148,6.903688612647417,3.5927359106634515,5.424326767080113,6.833242810477545,49.8,0.3323925995609909,0.5270718443696616,0.0,28.6,0.38
94004,Boissy-Saint-Léger,94,200054781,Métropole du Grand Paris,METRO,17335,3.684,6.903688612647417,3.5927359106634515,5.424326767080113,6.833242810477545,49.8,0.16431483223581056,0.5270718443696616,0.0,23.0,0.24
94011,Bonneuil-sur-Marne,94,200054781,Métropole du Grand Paris,METRO,18340,5.073,6.903688612647417,3.5927359106634515,5.424326767080113,6.833242810477545,49.8,0.0,0.5270718443696616,0.0,17.6,0.07
94015,Bry-sur-Marne,94,200054781,Métropole du Grand Paris,METRO,18095,4.531,6.903688612647417,3.5927359106634515,5.424326767080113,6.833242810477545,49.8,0.0,0.5270718443696616,0.0,17.6,0.07
94016,Cachan,94,200054781,Métropole du Grand Paris,METRO,30526,2.007,6.903688612647417,3.5927359106634515,5.424326767080113,6.833242810477545,49.8,0.6901850109752273,0.5270718443696616,0.0,40.6,0.62
94017,Champigny-sur-Marne,94,200054781,Métropole du Grand Paris,METRO,78367,4.898,6.903688612647417,3.5927359106634515,5.424326767080113,6.833242810477545,49.8,0.0,0.5270718443696616,0.0,17.6,0.07
94018,Charenton-le-Pont,94,200054781,Métropole du Grand Paris,METRO,28756,3.472,6.903688612647417,3.5927359106634515,5.424326767080113,6.833242810477545,49.8,0.2307933521480089,0.5270718443696616,0.0,25.3,0.31
94019,Chennevières-sur-Marne,94,200054781,Métropole du Grand Paris,METRO,18295,5.368,6.903688612647417,3.5927359106634515,5.424326767080113,6.833242810477545,49.8,0.0,0.5270718443696616,0.0,17.6,0.07
94021,Chevilly-Larue,94,200054781,Métropole du Grand Paris,METRO,19813,2.3,6.903688612647417,3.5927359106634515,5.424326767080113,6.833242810477545,49.8,0.5983066792097838,0.5270718443696616,0.0,37.5,0.58
94022,Choisy-le-Roi,94,200054781,Métropole du Grand Paris,METRO,46122,4.055,6.903688612647417,3.5927359106634515,5.424326767080113,6.833242810477545,49.8,0.0479774223894639,0.5270718443696616,0.0,19.2,0.14
94028,Créteil,94,200054781,Métropole du Grand Paris,METRO,92859,5.125,6.903688612647417,3.5927359106634515,5.424326767080113,6.833242810477545,49.8,0.0,0.5270718443696616,0.0,17.6,0.07
94033,Fontenay-sous-Bois,94,200054781,Métropole du Grand Paris,METRO,52646,3.515,6.903688612647417,3.5927359106634515,5.424326767080113,6.833242810477545,49.8,0.21730950141110073,0.5270718443696616,0.0,24.8,0.27
94034,Fresnes,94,200054781,Métropole du Grand Paris,METRO,29298,3.424,6.903688612647417,3.5927359106634515,5.424326767080113,6.833242810477545,49.8,0.2458450925054877,0.5270718443696616,0.0,25.8,0.32
94037,Gentilly,94,200054781,Métropole du Grand Paris,METRO,18883,3.443,6.903688612647417,3.5927359106634515,5.424326767080113,6.833242810477545,49.8,0.23988711194731893,0.5270718443696616,0.0,25.6,0.32
94038,L'Haÿ-les-Roses,94,200054781,Métropole du Grand Paris,METRO,31338,1.911,6.903688612647417,3.5927359106634515,5.424326767080113,6.833242810477545,49.8,0.720288491690185,0.5270718443696616,0.0,41.6,0.64
94041,Ivry-sur-Seine,94,200054781,Métropole du Grand Paris,METRO,64526,4.45,6.903688612647417,3.5927359106634515,5.424326767080113,6.833242810477545,49.8,0.0,0.5270718443696616,0.0,17.6,0.07
94042,Joinville-le-Pont,94,200054781,Métropole du Grand Paris,METRO,20784,4.912,6.903688612647417,3.5927359106634515,5.424326767080113,6.833242810477545,49.8,0.0,0.5270718443696616,0.0,17.6,0.07
94043,Le Kremlin-Bicêtre,94,200054781,Métropole du Grand Paris,METRO,23678,3.081,6.903688612647417,3.5927359106634515,5.424326767080113,6.833242810477545,49.8,0.35340232047663855,0.5270718443696616,0.0,29.3,0.42
94044,Limeil-Brévannes,94,200054781,Métropole du Grand Paris,METRO,27806,4.047,6.903688612647417,3.5927359106634515,5.424326767080113,6.833242810477545,49.8,0.05048604578237703,0.5270718443696616,0.0,19.3,0.15
94046,Maisons-Alfort,94,200054781,Métropole du Grand Paris,METRO,57422,4.486,6.903688612647417,3.5927359106634515,5.424326767080113,6.833242810477545,49.8,0.0,0.5270718443696616,0.0,17.6,0.07
94047,Mandres-les-Roses,94,200054781,Métropole du Grand Paris,METRO,4876,3.343,6.903688612647417,3.5927359106634515,5.424326767080113,6.833242810477545,49.8,0.27124490435873316,0.5270718443696616,0.0,26.6,0.34
94048,Marolles-en-Brie,94,200054781,Métropole du Grand Paris,METRO,4685,2.196,6.903688612647417,3.5927359106634515,5.424326767080113,6.833242810477545,49.8,0.6309187833176544,0.5270718443696616,0.0,38.6,0.6
94052,Nogent-sur-Marne,94,200054781,Métropole du Grand Paris,METRO,32998,3.888,6.903688612647417,3.5927359106634515,5.424326767080113,6.833242810477545,49.8,0.1003449357165257,0.5270718443696616,0.0,20.9,0.18
94053,Noiseau,94,200054781,Métropole du Grand Paris,METRO,4619,3.859,6.903688612647417,3.5927359106634515,5.424326767080113,6.833242810477545,49.8,0.10943869551583574,0.5270718443696616,0.0,21.2,0.2
94054,Orly,94,200054781,Métropole du Grand Paris,METRO,24488,1.966,6.903688612647417,3.5927359106634515,5.424326767080113,6.833242810477545,49.8,0.7030417058639072,0.5270718443696616,0.0,41.0,0.63
94055,Ormesson-sur-Marne,94,200054781,Métropole du Grand Paris,METRO,10589,4.819,6.903688612647417,3.5927359106634515,5.424326767080113,6.833242810477545,49.8,0.0,0.5270718443696616,0.0,17.6,0.07
94056,Périgny,94,200054781,Métropole du Grand Paris,METRO,2744,3.282,6.903688612647417,3.5927359106634515,5.424326767080113,6.833242810477545,49.8,0.29037315772969585,0.5270718443696616,0.0,27.2,0.35
94058,Le Perreux-sur-Marne,94,200054781,Métropole du Grand Paris,METRO,34654,4.142,6.903688612647417,3.5927359106634515,5.424326767080113,6.833242810477545,49.8,0.02069614299153333,0.5270718443696616,0.0,18.3,0.12
94059,Le Plessis-Trévise,94,200054781,Métropole du Grand Paris,METRO,21096,2.991,6.903688612647417,3.5927359106634515,5.424326767080113,6.833242810477545,49.8,0.3816243336469113,0.5270718443696616,0.0,30.3,0.45
94060,La Queue-en-Brie,94,200054781,Métropole du Grand Paris,METRO,12074,2.714,6.903688612647417,3.5927359106634515,5.424326767080113,6.833242810477545,49.8,0.4684854186265287,0.5270718443696616,0.0,33.2,0.49
94065,Rungis,94,200054781,Métropole du Grand Paris,METRO,5669,2.561,6.903688612647417,3.5927359106634515,5.424326767080113,6.833242810477545,49.8,0.5164628410159926,0.5270718443696616,0.0,34.8,0.53
94067,Saint-Mandé,94,200054781,Métropole du Grand Paris,METRO,21223,3.496,6.903688612647417,3.5927359106634515,5.424326767080113,6.833242810477545,49.8,0.22326748196926938,0.5270718443696616,0.0,25.0,0.28
94068,Saint-Maur-des-Fossés,94,200054781,Métropole du Grand Paris,METRO,76010,6.226,6.903688612647417,3.5927359106634515,5.424326767080113,6.833242810477545,49.8,0.0,0.5270718443696616,0.0,17.6,0.07
94069,Saint-Maurice,94,200054781,Métropole du Grand Paris,METRO,14411,4.342,6.903688612647417,3.5927359106634515,5.424326767080113,6.833242810477545,49.8,0.0,0.5270718443696616,0.0,17.6,0.07
94070,Santeny,94,200054781,Métropole du Grand Paris,METRO,3958,2.243,6.903688612647417,3.5927359106634515,5.424326767080113,6.833242810477545,49.8,0.6161806208842898,0.5270718443696616,0.0,38.1,0.59
94071,Sucy-en-Brie,94,200054781,Métropole du Grand Paris,METRO,27593,5.226,6.903688612647417,3.5927359106634515,5.424326767080113,6.833242810477545,49.8,0.0,0.5270718443696616,0.0,17.6,0.07
94073,Thiais,94,200054781,Métropole du Grand Paris,METRO,32006,3.127,6.903688612647417,3.5927359106634515,5.424326767080113,6.833242810477545,49.8,0.338977735967388,0.5270718443696616,0.0,28.9,0.39
94074,Valenton,94,200054781,Métropole du Grand Paris,METRO,14453,3.36,6.903688612647417,3.5927359106634515,5.424326767080113,6.833242810477545,49.8,0.26591407964879277,0.5270718443696616,0.0,26.4,0.33
94075,Villecresnes,94,200054781,Métropole du Grand Paris,METRO,11650,3.182,6.903688612647417,3.5927359106634515,5.424326767080113,6.833242810477545,49.8,0.3217309501411101,0.5270718443696616,0.0,28.3,0.37
94076,Villejuif,94,200054781,Métropole du Grand Paris,METRO,58142,2.115,6.903688612647417,3.5927359106634515,5.424326767080113,6.833242810477545,49.8,0.6563185951709,0.5270718443696616,0.0,39.4,0.61
94077,Villeneuve-le-Roi,94,200054781,Métropole du Grand Paris,METRO,20871,3.227,6.903688612647417,3.5927359106634515,5.424326767080113,6.833242810477545,49.8,0.3076199435559738,0.5270718443696616,0.0,27.8,0.35
94078,Villeneuve-Saint-Georges,94,200054781,Métropole du Grand Paris,METRO,36170,3.483,6.903688612647417,3.5927359106634515,5.424326767080113,6.833242810477545,49.8,0.22734399498275326,0.5270718443696616,0.0,25.1,0.3
94079,Villiers-sur-Marne,94,200054781,Métropole du Grand Paris,METRO,32547,3.92,6.903688612647417,3.5927359106634515,5.424326767080113,6.833242810477545,49.8,0.09031044214487305,0.5270718443696616,0.0,20.6,0.17
94080,Vincennes,94,200054781,Métropole du Grand Paris,METRO,48368,3.645,6.903688612647417,3.5927359106634515,5.424326767080113,6.833242810477545,49.8,0.1765443712762622,0.5270718443696616,0.0,23.5,0.26
94081,Vitry-sur-Seine,94,200054781,Métropole du Grand Paris,METRO,95282,2.929,6.903688612647417,3.5927359106634515,5.424326767080113,6.833242810477545,49.8,0.4010661649419882,0.5270718443696616,0.0,30.9,0.46
95002,Ableiges,95,200035970,CC Vexin Centre,CC,1109,2.944,4.563892528199741,1.8098194508378285,4.563892528199741,6.295024176827228,52.5,0.39636249608027596,0.7860404104837009,0.7297297297297299,63.7,0.03
95008,Aincourt,95,249500513,CC du Vexin-Val de Seine,CC,870,1.772,4.563892528199741,1.8098194508378285,4.563892528199741,6.295024176827228,52.5,0.7638758231420508,0.7860404104837009,0.7297297297297299,76.0,0.42
95011,Ambleville,95,249500513,CC du Vexin-Val de Seine,CC,390,1.869,4.563892528199741,1.8098194508378285,4.563892528199741,6.295024176827228,52.5,0.7334587645029791,0.7860404104837009,0.7297297297297299,75.0,0.25
95012,Amenucourt,95,249500513,CC du Vexin-Val de Seine,CC,208,2.165,4.563892528199741,1.8098194508378285,4.563892528199741,6.295024176827228,52.5,0.6406396989651929,0.7860404104837009,0.7297297297297299,71.9,0.08
95014,Andilly,95,200056380,CA Plaine Vallée,CA,2691,2.584,4.563892528199741,1.8098194508378285,4.563892528199741,6.295024176827228,52.5,0.5092505487613672,0.7860404104837009,0.7297297297297299,67.5,0.5
95018,Argenteuil,95,200054781,Métropole du Grand Paris,METRO,107135,1.737,4.563892528199741,1.8098194508378285,4.563892528199741,6.295024176827228,52.5,0.7748510504860457,0.7860404104837009,0.7297297297297299,76.4,0.99
95019,Arnouville,95,200055655,CA Roissy Pays de France,CA,14898,1.906,4.563892528199741,1.8098194508378285,4.563892528199741,6.295024176827228,52.5,0.7218563813107558,0.7860404104837009,0.7297297297297299,74.6,0.62
95023,Arronville,95,249500430,CC Sausseron Impressionnistes,CC,619,1.337,4.563892528199741,1.8098194508378285,4.563892528199741,6.295024176827228,52.5,0.9002822201317028,0.7860404104837009,0.7297297297297299,80.5,0.83
95024,Arthies,95,249500513,CC du Vexin-Val de Seine,CC,267,1.647,4.563892528199741,1.8098194508378285,4.563892528199741,6.295024176827228,52.5,0.8030730636563186,0.7860404104837009,0.7297297297297299,77.3,0.58
95026,Asnières-sur-Oise,95,200073013,CC Carnelle Pays-de-France,CC,3128,2.544,4.563892528199741,1.8098194508378285,4.563892528199741,6.295024176827228,52.5,0.521793665725933,0.7860404104837009,0.7297297297297299,67.9,0.63
95028,Attainville,95,200056380,CA Plaine Vallée,CA,1834,4.223,4.563892528199741,1.8098194508378285,4.563892528199741,6.295024176827228,52.5,0.0,0.7860404104837009,0.7297297297297299,50.5,0.06
95039,Auvers-sur-Oise,95,249500430,CC Sausseron Impressionnistes,CC,6820,2.044,4.563892528199741,1.8098194508378285,4.563892528199741,6.295024176827228,52.5,0.678582627783004,0.7860404104837009,0.7297297297297299,73.1,0.2
95040,Avernes,95,200035970,CC Vexin Centre,CC,866,1.847,4.563892528199741,1.8098194508378285,4.563892528199741,6.295024176827228,52.5,0.7403574788334901,0.7860404104837009,0.7297297297297299,75.2,0.55
95042,Baillet-en-France,95,200073013,CC Carnelle Pays-de-France,CC,1947,3.74,4.563892528199741,1.8098194508378285,4.563892528199741,6.295024176827228,52.5,0.14675446848541862,0.7860404104837009,0.7297297297297299,55.4,0.21
95046,Banthelu,95,249500513,CC du Vexin-Val de Seine,CC,148,1.287,4.563892528199741,1.8098194508378285,4.563892528199741,6.295024176827228,52.5,0.91596111633741,0.7860404104837009,0.7297297297297299,81.1,0.88
95051,Beauchamp,95,200058485,CA Val Parisis,CA,9506,3.271,4.563892528199741,1.8098194508378285,4.563892528199741,6.295024176827228,52.5,0.2938225148949515,0.7860404104837009,0.7297297297297299,60.3,0.33
95052,Beaumont-sur-Oise,95,249500489,CC du Haut Val d'Oise,CC,9931,2.281,4.563892528199741,1.8098194508378285,4.563892528199741,6.295024176827228,52.5,0.6042646597679524,0.7860404104837009,0.7297297297297299,70.7,0.78
95054,Le Bellay-en-Vexin,95,200035970,CC Vexin Centre,CC,219,1.608,4.563892528199741,1.8098194508378285,4.563892528199741,6.295024176827228,52.5,0.8153026026967701,0.7860404104837009,0.7297297297297299,77.7,0.61
95055,Bellefontaine,95,200073013,CC Carnelle Pays-de-France,CC,471,2.29,4.563892528199741,1.8098194508378285,4.563892528199741,6.295024176827228,52.5,0.601442458450925,0.7860404104837009,0.7297297297297299,70.6,0.95
95056,Belloy-en-France,95,200073013,CC Carnelle Pays-de-France,CC,2239,3.097,4.563892528199741,1.8098194508378285,4.563892528199741,6.295024176827228,52.5,0.3483850736908122,0.7860404104837009,0.7297297297297299,62.1,0.26
95058,Bernes-sur-Oise,95,249500489,CC du Haut Val d'Oise,CC,2703,2.444,4.563892528199741,1.8098194508378285,4.563892528199741,6.295024176827228,52.5,0.5531514581373471,0.7860404104837009,0.7297297297297299,69.0,0.56
95059,Berville,95,200035970,CC Vexin Centre,CC,370,1.128,4.563892528199741,1.8098194508378285,4.563892528199741,6.295024176827228,52.5,0.9658200062715585,0.7860404104837009,0.7297297297297299,82.7,0.86
95060,Bessancourt,95,200058485,CA Val Parisis,CA,8521,3.573,4.563892528199741,1.8098194508378285,4.563892528199741,6.295024176827228,52.5,0.19912198181248042,0.7860404104837009,0.7297297297297299,57.2,0.27
95061,Béthemont-la-Forêt,95,249500455,CC de la Vallée de l'Oise et des Trois Forêts,CC,426,3.663,4.563892528199741,1.8098194508378285,4.563892528199741,6.295024176827228,52.5,0.1708999686422077,0.7860404104837009,0.7297297297297299,56.2,0.22
95063,Bezons,95,200058519,CA Saint Germain Boucles de Seine,CA,34314,2.071,4.563892528199741,1.8098194508378285,4.563892528199741,6.295024176827228,52.5,0.6701160238319221,0.7860404104837009,0.7297297297297299,72.9,1.0
95074,Boisemont,95,249500109,CA de Cergy-Pontoise,CA,883,2.232,4.563892528199741,1.8098194508378285,4.563892528199741,6.295024176827228,52.5,0.6196299780495453,0.7860404104837009,0.7297297297297299,71.2,0.69
95078,Boissy-l'Aillerie,95,200035970,CC Vexin Centre,CC,2114,2.19,4.563892528199741,1.8098194508378285,4.563892528199741,6.295024176827228,52.5,0.6328002508623394,0.7860404104837009,0.7297297297297299,71.6,0.33
95088,Bonneuil-en-France,95,200055655,CA Roissy Pays de France,CA,1179,2.747,4.563892528199741,1.8098194508378285,4.563892528199741,6.295024176827228,52.5,0.45813734713076204,0.7860404104837009,0.7297297297297299,65.8,0.21
95091,Bouffémont,95,200056380,CA Plaine Vallée,CA,6565,2.992,4.563892528199741,1.8098194508378285,4.563892528199741,6.295024176827228,52.5,0.38131075572279716,0.7860404104837009,0.7297297297297299,63.2,0.22
95094,Bouqueval,95,200055655,CA Roissy Pays de France,CA,306,2.772,4.563892528199741,1.8098194508378285,4.563892528199741,6.295024176827228,52.5,0.4502978990279085,0.7860404104837009,0.7297297297297299,65.5,0.17
95101,Bray-et-Lû,95,249500513,CC du Vexin-Val de Seine,CC,957,1.844,4.563892528199741,1.8098194508378285,4.563892528199741,6.295024176827228,52.5,0.7412982126058325,0.7860404104837009,0.7297297297297299,75.2,0.31
95102,Bréançon,95,200035970,CC Vexin Centre,CC,425,1.128,4.563892528199741,1.8098194508378285,4.563892528199741,6.295024176827228,52.5,0.9658200062715585,0.7860404104837009,0.7297297297297299,82.7,0.86
95110,Brignancourt,95,200035970,CC Vexin Centre,CC,243,1.361,4.563892528199741,1.8098194508378285,4.563892528199741,6.295024176827228,52.5,0.8927563499529634,0.7860404104837009,0.7297297297297299,80.3,0.76
95116,Bruyères-sur-Oise,95,249500489,CC du Haut Val d'Oise,CC,4907,2.464,4.563892528199741,1.8098194508378285,4.563892528199741,6.295024176827228,52.5,0.5468798996550643,0.7860404104837009,0.7297297297297299,68.8,0.44
95119,Buhy,95,249500513,CC du Vexin-Val de Seine,CC,327,2.118,4.563892528199741,1.8098194508378285,4.563892528199741,6.295024176827228,52.5,0.6553778613985577,0.7860404104837009,0.7297297297297299,72.4,0.12
95120,Butry-sur-Oise,95,249500430,CC Sausseron Impressionnistes,CC,2242,2.112,4.563892528199741,1.8098194508378285,4.563892528199741,6.295024176827228,52.5,0.6572593289432425,0.7860404104837009,0.7297297297297299,72.4,0.07
95127,Cergy,95,249500109,CA de Cergy-Pontoise,CA,69578,3.056,4.563892528199741,1.8098194508378285,4.563892528199741,6.295024176827228,52.5,0.3612417685794921,0.7860404104837009,0.7297297297297299,62.6,0.38
95134,Champagne-sur-Oise,95,249500489,CC du Haut Val d'Oise,CC,5022,2.342,4.563892528199741,1.8098194508378285,4.563892528199741,6.295024176827228,52.5,0.5851364063969897,0.7860404104837009,0.7297297297297299,70.0,0.67
95139,La Chapelle-en-Vexin,95,249500513,CC du Vexin-Val de Seine,CC,316,1.938,4.563892528199741,1.8098194508378285,4.563892528199741,6.295024176827228,52.5,0.7118218877391032,0.7860404104837009,0.7297297297297299,74.3,0.15
95141,Charmont,95,249500513,CC du Vexin-Val de Seine,CC,33,1.667,4.563892528199741,1.8098194508378285,4.563892528199741,6.295024176827228,52.5,0.7968015051740358,0.7860404104837009,0.7297297297297299,77.1,0.54
95142,Chars,95,200035970,CC Vexin Centre,CC,2017,1.324,4.563892528199741,1.8098194508378285,4.563892528199741,6.295024176827228,52.5,0.9043587331451866,0.7860404104837009,0.7297297297297299,80.7,0.79
95144,Châtenay-en-France,95,200073013,CC Carnelle Pays-de-France,CC,73,2.42,4.563892528199741,1.8098194508378285,4.563892528199741,6.295024176827228,52.5,0.5606773283160866,0.7860404104837009,0.7297297297297299,69.2,0.84
95149,Chaumontel,95,200073013,CC Carnelle Pays-de-France,CC,3340,2.691,4.563892528199741,1.8098194508378285,4.563892528199741,6.295024176827228,52.5,0.4756977108811541,0.7860404104837009,0.7297297297297299,66.4,0.58
95150,Chaussy,95,249500513,CC du Vexin-Val de Seine,CC,634,1.498,4.563892528199741,1.8098194508378285,4.563892528199741,6.295024176827228,52.5,0.8497961743493259,0.7860404104837009,0.7297297297297299,78.9,0.81
95151,Chauvry,95,249500455,CC de la Vallée de l'Oise et des Trois Forêts,CC,297,3.602,4.563892528199741,1.8098194508378285,4.563892528199741,6.295024176827228,52.5,0.19002822201317038,0.7860404104837009,0.7297297297297299,56.9,0.33
95154,Chennevières-lès-Louvres,95,200055655,CA Roissy Pays de France,CA,294,2.317,4.563892528199741,1.8098194508378285,4.563892528199741,6.295024176827228,52.5,0.5929758544998431,0.7860404104837009,0.7297297297297299,70.3,0.32
95157,Chérence,95,249500513,CC du Vexin-Val de Seine,CC,128,1.608,4.563892528199741,1.8098194508378285,4.563892528199741,6.295024176827228,52.5,0.8153026026967701,0.7860404104837009,0.7297297297297299,77.7,0.62
95166,Cléry-en-Vexin,95,200035970,CC Vexin Centre,CC,467,2.105,4.563892528199741,1.8098194508378285,4.563892528199741,6.295024176827228,52.5,0.6594543744120415,0.7860404104837009,0.7297297297297299,72.5,0.39
95169,Commeny,95,200035970,CC Vexin Centre,CC,648,1.989,4.563892528199741,1.8098194508378285,4.563892528199741,6.295024176827228,52.5,0.695829413609282,0.7860404104837009,0.7297297297297299,73.7,0.48
95170,Condécourt,95,200035970,CC Vexin Centre,CC,557,2.415,4.563892528199741,1.8098194508378285,4.563892528199741,6.295024176827228,52.5,0.5622452179366573,0.7860404104837009,0.7297297297297299,69.3,0.24
95176,Cormeilles-en-Parisis,95,200058485,CA Val Parisis,CA,27086,2.738,4.563892528199741,1.8098194508378285,4.563892528199741,6.295024176827228,52.5,0.4609595484477893,0.7860404104837009,0.7297297297297299,65.9,0.53
95177,Cormeilles-en-Vexin,95,200035970,CC Vexin Centre,CC,1294,1.393,4.563892528199741,1.8098194508378285,4.563892528199741,6.295024176827228,52.5,0.8827218563813108,0.7860404104837009,0.7297297297297299,79.9,0.7
95181,Courcelles-sur-Viosne,95,200035970,CC Vexin Centre,CC,307,2.72,4.563892528199741,1.8098194508378285,4.563892528199741,6.295024176827228,52.5,0.4666039510818438,0.7860404104837009,0.7297297297297299,66.1,0.09
95183,Courdimanche,95,249500109,CA de Cergy-Pontoise,CA,7111,2.079,4.563892528199741,1.8098194508378285,4.563892528199741,6.295024176827228,52.5,0.6676074004390091,0.7860404104837009,0.7297297297297299,72.8,0.85
95197,Deuil-la-Barre,95,200056380,CA Plaine Vallée,CA,22903,2.156,4.563892528199741,1.8098194508378285,4.563892528199741,6.295024176827228,52.5,0.6434619002822202,0.7860404104837009,0.7297297297297299,72.0,0.83
95199,Domont,95,200056380,CA Plaine Vallée,CA,16075,1.871,4.563892528199741,1.8098194508378285,4.563892528199741,6.295024176827228,52.5,0.7328316086547508,0.7860404104837009,0.7297297297297299,75.0,0.94
95203,Eaubonne,95,200058485,CA Val Parisis,CA,25934,2.266,4.563892528199741,1.8098194508378285,4.563892528199741,6.295024176827228,52.5,0.6089683286296645,0.7860404104837009,0.7297297297297299,70.8,0.9
95205,Écouen,95,200055655,CA Roissy Pays de France,CA,7173,1.845,4.563892528199741,1.8098194508378285,4.563892528199741,6.295024176827228,52.5,0.7409846346817184,0.7860404104837009,0.7297297297297299,75.2,0.76
95210,Enghien-les-Bains,95,200056380,CA Plaine Vallée,CA,11594,1.897,4.563892528199741,1.8098194508378285,4.563892528199741,6.295024176827228,52.5,0.7246785826277831,0.7860404104837009,0.7297297297297299,74.7,0.89
95211,Ennery,95,249500430,CC Sausseron Impressionnistes,CC,2313,2.009,4.563892528199741,1.8098194508378285,4.563892528199741,6.295024176827228,52.5,0.6895578551269992,0.7860404104837009,0.7297297297297299,73.5,0.27
95212,Épiais-lès-Louvres,95,200055655,CA Roissy Pays de France,CA,141,2.761,4.563892528199741,1.8098194508378285,4.563892528199741,6.295024176827228,52.5,0.45374725619316403,0.7860404104837009,0.7297297297297299,65.7,0.19
95213,Épiais-Rhus,95,249500430,CC Sausseron Impressionnistes,CC,607,1.342,4.563892528199741,1.8098194508378285,4.563892528199741,6.295024176827228,52.5,0.898714330511132,0.7860404104837009,0.7297297297297299,80.5,0.83
95214,Épinay-Champlâtreux,95,200073013,CC Carnelle Pays-de-France,CC,58,4.072,4.563892528199741,1.8098194508378285,4.563892528199741,6.295024176827228,52.5,0.04264659767952339,0.7860404104837009,0.7297297297297299,51.9,0.11
95218,Éragny-sur-Oise,95,249500109,CA de Cergy-Pontoise,CA,18723,3.352,4.563892528199741,1.8098194508378285,4.563892528199741,6.295024176827228,52.5,0.268422703041706,0.7860404104837009,0.7297297297297299,59.5,0.23
95219,Ermont,95,200058485,CA Val Parisis,CA,29189,2.762,4.563892528199741,1.8098194508378285,4.563892528199741,6.295024176827228,52.5,0.4534336782690499,0.7860404104837009,0.7297297297297299,65.6,0.43
95229,Ézanville,95,200056380,CA Plaine Vallée,CA,9789,1.522,4.563892528199741,1.8098194508378285,4.563892528199741,6.295024176827228,52.5,0.8422703041705865,0.7860404104837009,0.7297297297297299,78.6,1.0
95241,Fontenay-en-Parisis,95,200055655,CA Roissy Pays de France,CA,2220,3.737,4.563892528199741,1.8098194508378285,4.563892528199741,6.295024176827228,52.5,0.14769520225776112,0.7860404104837009,0.7297297297297299,55.4,0.02
95250,Fosses,95,200055655,CA Roissy Pays de France,CA,10249,1.87,4.563892528199741,1.8098194508378285,4.563892528199741,6.295024176827228,52.5,0.7331451865788648,0.7860404104837009,0.7297297297297299,75.0,0.65
95252,Franconville,95,200058485,CA Val Parisis,CA,38024,2.499,4.563892528199741,1.8098194508378285,4.563892528199741,6.295024176827228,52.5,0.5359046723110693,0.7860404104837009,0.7297297297297299,68.4,0.67
95253,Frémainville,95,200035970,CC Vexin Centre,CC,502,2.537,4.563892528199741,1.8098194508378285,4.563892528199741,6.295024176827228,52.5,0.5239887111947319,0.7860404104837009,0.7297297297297299,68.0,0.15
95254,Frémécourt,95,200035970,CC Vexin Centre,CC,535,1.551,4.563892528199741,1.8098194508378285,4.563892528199741,6.295024176827228,52.5,0.8331765443712763,0.7860404104837009,0.7297297297297299,78.3,0.64
95256,Frépillon,95,200058485,CA Val Parisis,CA,3327,4.2,4.563892528199741,1.8098194508378285,4.563892528199741,6.295024176827228,52.5,0.002508623392913134,0.7860404104837009,0.7297297297297299,50.6,0.2
95257,La Frette-sur-Seine,95,200058485,CA Val Parisis,CA,4587,2.633,4.563892528199741,1.8098194508378285,4.563892528199741,6.295024176827228,52.5,0.4938852304797743,0.7860404104837009,0.7297297297297299,67.0,0.6
95258,Frouville,95,249500430,CC Sausseron Impressionnistes,CC,347,1.304,4.563892528199741,1.8098194508378285,4.563892528199741,6.295024176827228,52.5,0.9106302916274694,0.7860404104837009,0.7297297297297299,80.9,0.93
95268,Garges-lès-Gonesse,95,200055655,CA Roissy Pays de France,CA,42388,2.149,4.563892528199741,1.8098194508378285,4.563892528199741,6.295024176827228,52.5,0.6456569457510192,0.7860404104837009,0.7297297297297299,72.0,0.4
95270,Genainville,95,249500513,CC du Vexin-Val de Seine,CC,521,1.528,4.563892528199741,1.8098194508378285,4.563892528199741,6.295024176827228,52.5,0.8403888366259016,0.7860404104837009,0.7297297297297299,78.5,0.73
95271,Génicourt,95,249500430,CC Sausseron Impressionnistes,CC,515,1.972,4.563892528199741,1.8098194508378285,4.563892528199741,6.295024176827228,52.5,0.7011602383192224,0.7860404104837009,0.7297297297297299,73.9,0.33
95277,Gonesse,95,200055655,CA Roissy Pays de France,CA,26959,3.028,4.563892528199741,1.8098194508378285,4.563892528199741,6.295024176827228,52.5,0.370021950454688,0.7860404104837009,0.7297297297297299,62.9,0.14
95280,Goussainville,95,200055655,CA Roissy Pays de France,CA,30952,1.737,4.563892528199741,1.8098194508378285,4.563892528199741,6.295024176827228,52.5,0.7748510504860457,0.7860404104837009,0.7297297297297299,76.4,0.81
95287,Grisy-les-Plâtres,95,200035970,CC Vexin Centre,CC,706,1.403,4.563892528199741,1.8098194508378285,4.563892528199741,6.295024176827228,52.5,0.8795860771401693,0.7860404104837009,0.7297297297297299,79.8,0.67
95288,Groslay,95,200056380,CA Plaine Vallée,CA,8378,2.688,4.563892528199741,1.8098194508378285,4.563892528199741,6.295024176827228,52.5,0.47663844465349636,0.7860404104837009,0.7297297297297299,66.4,0.39
95295,Guiry-en-Vexin,95,200035970,CC Vexin Centre,CC,151,1.38,4.563892528199741,1.8098194508378285,4.563892528199741,6.295024176827228,52.5,0.8867983693947947,0.7860404104837009,0.7297297297297299,80.1,0.73
95298,Haravilliers,95,200035970,CC Vexin Centre,CC,582,1.106,4.563892528199741,1.8098194508378285,4.563892528199741,6.295024176827228,52.5,0.9727187206020697,0.7860404104837009,0.7297297297297299,82.9,0.91
95301,Haute-Isle,95,249500513,CC du Vexin-Val de Seine,CC,291,1.107,4.563892528199741,1.8098194508378285,4.563892528199741,6.295024176827228,52.5,0.9724051426779555,0.7860404104837009,0.7297297297297299,82.9,1.0
95303,Le Heaulme,95,200035970,CC Vexin Centre,CC,206,1.033,4.563892528199741,1.8098194508378285,4.563892528199741,6.295024176827228,52.5,0.9956099090624021,0.7860404104837009,0.7297297297297299,83.7,1.0
95304,Hédouville,95,249500430,CC Sausseron Impressionnistes,CC,280,1.54,4.563892528199741,1.8098194508378285,4.563892528199741,6.295024176827228,52.5,0.8366259015365318,0.7860404104837009,0.7297297297297299,78.4,0.67
95306,Herblay-sur-Seine,95,200058485,CA Val Parisis,CA,31818,2.267,4.563892528199741,1.8098194508378285,4.563892528199741,6.295024176827228,52.5,0.6086547507055504,0.7860404104837009,0.7297297297297299,70.8,0.9
95308,Hérouville-en-Vexin,95,249500430,CC Sausseron Impressionnistes,CC,569,1.958,4.563892528199741,1.8098194508378285,4.563892528199741,6.295024176827228,52.5,0.7055503292568204,0.7860404104837009,0.7297297297297299,74.0,0.4
95309,Hodent,95,249500513,CC du Vexin-Val de Seine,CC,225,1.811,4.563892528199741,1.8098194508378285,4.563892528199741,6.295024176827228,52.5,0.7516462841015993,0.7860404104837009,0.7297297297297299,75.6,0.35
95313,L'Isle-Adam,95,249500455,CC de la Vallée de l'Oise et des Trois Forêts,CC,12302,2.368,4.563892528199741,1.8098194508378285,4.563892528199741,6.295024176827228,52.5,0.5769833803700221,0.7860404104837009,0.7297297297297299,69.8,0.89
95316,Jagny-sous-Bois,95,200073013,CC Carnelle Pays-de-France,CC,272,2.434,4.563892528199741,1.8098194508378285,4.563892528199741,6.295024176827228,52.5,0.5562872373784886,0.7860404104837009,0.7297297297297299,69.1,0.76
95323,Jouy-le-Moutier,95,249500109,CA de Cergy-Pontoise,CA,17411,2.17,4.563892528199741,1.8098194508378285,4.563892528199741,6.295024176827228,52.5,0.6390718093446222,0.7860404104837009,0.7297297297297299,71.8,0.77
95328,Labbeville,95,249500430,CC Sausseron Impressionnistes,CC,641,1.744,4.563892528199741,1.8098194508378285,4.563892528199741,6.295024176827228,52.5,0.7726560050172468,0.7860404104837009,0.7297297297297299,76.3,0.53
95331,Lassy,95,200073013,CC Carnelle Pays-de-France,CC,194,2.811,4.563892528199741,1.8098194508378285,4.563892528199741,6.295024176827228,52.5,0.43806835998745697,0.7860404104837009,0.7297297297297299,65.1,0.47
95341,Livilliers,95,249500430,CC Sausseron Impressionnistes,CC,386,2.07,4.563892528199741,1.8098194508378285,4.563892528199741,6.295024176827228,52.5,0.6704296017560365,0.7860404104837009,0.7297297297297299,72.9,0.13
95348,Longuesse,95,200035970,CC Vexin Centre,CC,505,2.307,4.563892528199741,1.8098194508378285,4.563892528199741,6.295024176827228,52.5,0.5961116337409846,0.7860404104837009,0.7297297297297299,70.4,0.3
95351,Louvres,95,200055655,CA Roissy Pays de France,CA,12226,2.05,4.563892528199741,1.8098194508378285,4.563892528199741,6.295024176827228,52.5,0.6767011602383193,0.7860404104837009,0.7297297297297299,73.1,0.44
95352,Luzarches,95,200073013,CC Carnelle Pays-de-France,CC,4909,2.831,4.563892528199741,1.8098194508378285,4.563892528199741,6.295024176827228,52.5,0.4317968015051741,0.7860404104837009,0.7297297297297299,64.9,0.39
95353,Maffliers,95,200073013,CC Carnelle Pays-de-France,CC,1768,2.429,4.563892528199741,1.8098194508378285,4.563892528199741,6.295024176827228,52.5,0.5578551269990594,0.7860404104837009,0.7297297297297299,69.1,0.76
95355,Magny-en-Vexin,95,249500513,CC du Vexin-Val de Seine,CC,5755,1.781,4.563892528199741,1.8098194508378285,4.563892528199741,6.295024176827228,52.5,0.7610536218250236,0.7860404104837009,0.7297297297297299,75.9,0.38
95365,Mareil-en-France,95,200073013,CC Carnelle Pays-de-France,CC,721,3.087,4.563892528199741,1.8098194508378285,4.563892528199741,6.295024176827228,52.5,0.35152085293195356,0.7860404104837009,0.7297297297297299,62.2,0.32
95369,Margency,95,200056380,CA Plaine Vallée,CA,2954,2.72,4.563892528199741,1.8098194508378285,4.563892528199741,6.295024176827228,52.5,0.4666039510818438,0.7860404104837009,0.7297297297297299,66.1,0.33
95370,Marines,95,200035970,CC Vexin Centre,CC,3508,1.148,4.563892528199741,1.8098194508378285,4.563892528199741,6.295024176827228,52.5,0.9595484477892757,0.7860404104837009,0.7297297297297299,82.5,0.82
95371,Marly-la-Ville,95,200055655,CA Roissy Pays de France,CA,5852,2.318,4.563892528199741,1.8098194508378285,4.563892528199741,6.295024176827228,52.5,0.5926622765757291,0.7860404104837009,0.7297297297297299,70.3,0.32
95379,Maudétour-en-Vexin,95,249500513,CC du Vexin-Val de Seine,CC,203,1.247,4.563892528199741,1.8098194508378285,4.563892528199741,6.295024176827228,52.5,0.9285042333019755,0.7860404104837009,0.7297297297297299,81.5,0.92
95387,Menouville,95,249500430,CC Sausseron Impressionnistes,CC,62,1.215,4.563892528199741,1.8098194508378285,4.563892528199741,6.295024176827228,52.5,0.9385387268736282,0.7860404104837009,0.7297297297297299,81.8,1.0
95388,Menucourt,95,249500109,CA de Cergy-Pontoise,CA,6189,2.578,4.563892528199741,1.8098194508378285,4.563892528199741,6.295024176827228,52.5,0.5111320163060522,0.7860404104837009,0.7297297297297299,67.6,0.62
95392,Mériel,95,249500455,CC de la Vallée de l'Oise et des Trois Forêts,CC,5337,2.722,4.563892528199741,1.8098194508378285,4.563892528199741,6.295024176827228,52.5,0.46597679523361557,0.7860404104837009,0.7297297297297299,66.1,0.67
95394,Méry-sur-Oise,95,249500455,CC de la Vallée de l'Oise et des Trois Forêts,CC,10015,3.531,4.563892528199741,1.8098194508378285,4.563892528199741,6.295024176827228,52.5,0.21229225462527435,0.7860404104837009,0.7297297297297299,57.6,0.44
95395,Le Mesnil-Aubry,95,200055655,CA Roissy Pays de France,CA,901,3.705,4.563892528199741,1.8098194508378285,4.563892528199741,6.295024176827228,52.5,0.15772969582941365,0.7860404104837009,0.7297297297297299,55.8,0.05
95409,Moisselles,95,200056380,CA Plaine Vallée,CA,1259,3.917,4.563892528199741,1.8098194508378285,4.563892528199741,6.295024176827228,52.5,0.09125117591721554,0.7860404104837009,0.7297297297297299,53.6,0.11
95422,Montgeroult,95,200035970,CC Vexin Centre,CC,350,2.675,4.563892528199741,1.8098194508378285,4.563892528199741,6.295024176827228,52.5,0.48071495766698036,0.7860404104837009,0.7297297297297299,66.5,0.12
95424,Montigny-lès-Cormeilles,95,200058485,CA Val Parisis,CA,22390,4.256,4.563892528199741,1.8098194508378285,4.563892528199741,6.295024176827228,52.5,0.0,0.7860404104837009,0.7297297297297299,50.5,0.1
95426,Montlignon,95,200056380,CA Plaine Vallée,CA,2966,2.297,4.563892528199741,1.8098194508378285,4.563892528199741,6.295024176827228,52.5,0.5992474129821261,0.7860404104837009,0.7297297297297299,70.5,0.78
95427,Montmagny,95,200056380,CA Plaine Vallée,CA,14632,2.303,4.563892528199741,1.8098194508378285,4.563892528199741,6.295024176827228,52.5,0.5973659454374413,0.7860404104837009,0.7297297297297299,70.4,0.72
95428,Montmorency,95,200056380,CA Plaine Vallée,CA,21677,2.407,4.563892528199741,1.8098194508378285,4.563892528199741,6.295024176827228,52.5,0.5647538413295705,0.7860404104837009,0.7297297297297299,69.4,0.67
95429,Montreuil-sur-Epte,95,249500513,CC du Vexin-Val de Seine,CC,382,1.599,4.563892528199741,1.8098194508378285,4.563892528199741,6.295024176827228,52.5,0.8181248040137975,0.7860404104837009,0.7297297297297299,77.8,0.67
95430,Montsoult,95,200073013,CC Carnelle Pays-de-France,CC,4095,2.356,4.563892528199741,1.8098194508378285,4.563892528199741,6.295024176827228,52.5,0.5807463154593917,0.7860404104837009,0.7297297297297299,69.9,0.89
95436,Mours,95,249500489,CC du Haut Val d'Oise,CC,1680,2.908,4.563892528199741,1.8098194508378285,4.563892528199741,6.295024176827228,52.5,0.4076513013483851,0.7860404104837009,0.7297297297297299,64.1,0.11
95438,Moussy,95,200035970,CC Vexin Centre,CC,111,1.79,4.563892528199741,1.8098194508378285,4.563892528199741,6.295024176827228,52.5,0.7582314205079963,0.7860404104837009,0.7297297297297299,75.8,0.58
95445,Nerville-la-Forêt,95,249500455,CC de la Vallée de l'Oise et des Trois Forêts,CC,779,2.918,4.563892528199741,1.8098194508378285,4.563892528199741,6.295024176827228,52.5,0.4045155221072436,0.7860404104837009,0.7297297297297299,64.0,0.56
95446,Nesles-la-Vallée,95,249500430,CC Sausseron Impressionnistes,CC,1823,1.952,4.563892528199741,1.8098194508378285,4.563892528199741,6.295024176827228,52.5,0.7074317968015053,0.7860404104837009,0.7297297297297299,74.1,0.47
95447,Neuilly-en-Vexin,95,200035970,CC Vexin Centre,CC,238,1.045,4.563892528199741,1.8098194508378285,4.563892528199741,6.295024176827228,52.5,0.9918469739730323,0.7860404104837009,0.7297297297297299,83.6,0.97
95450,Neuville-sur-Oise,95,249500109,CA de Cergy-Pontoise,CA,2089,3.023,4.563892528199741,1.8098194508378285,4.563892528199741,6.295024176827228,52.5,0.37158984007525875,0.7860404104837009,0.7297297297297299,62.9,0.46
95452,Nointel,95,249500489,CC du Haut Val d'Oise,CC,887,2.108,4.563892528199741,1.8098194508378285,4.563892528199741,6.295024176827228,52.5,0.658513640639699,0.7860404104837009,0.7297297297297299,72.5,1.0
95456,Noisy-sur-Oise,95,249500489,CC du Haut Val d'Oise,CC,582,2.469,4.563892528199741,1.8098194508378285,4.563892528199741,6.295024176827228,52.5,0.5453120100344937,0.7860404104837009,0.7297297297297299,68.7,0.33
95459,Nucourt,95,200035970,CC Vexin Centre,CC,719,2.161,4.563892528199741,1.8098194508378285,4.563892528199741,6.295024176827228,52.5,0.6418940106616495,0.7860404104837009,0.7297297297297299,71.9,0.36
95462,Omerville,95,249500513,CC du Vexin-Val de Seine,CC,325,1.599,4.563892528199741,1.8098194508378285,4.563892528199741,6.295024176827228,52.5,0.8181248040137975,0.7860404104837009,0.7297297297297299,77.8,0.67
95476,Osny,95,249500109,CA de Cergy-Pontoise,CA,17471,2.888,4.563892528199741,1.8098194508378285,4.563892528199741,6.295024176827228,52.5,0.413922859830668,0.7860404104837009,0.7297297297297299,64.3,0.54
95480,Parmain,95,249500455,CC de la Vallée de l'Oise et des Trois Forêts,CC,5683,2.257,4.563892528199741,1.8098194508378285,4.563892528199741,6.295024176827228,52.5,0.6117905299466917,0.7860404104837009,0.7297297297297299,70.9,1.0
95483,Le Perchay,95,200035970,CC Vexin Centre,CC,513,2.35,4.563892528199741,1.8098194508378285,4.563892528199741,6.295024176827228,52.5,0.5826277830040765,0.7860404104837009,0.7297297297297299,69.9,0.27
95487,Persan,95,249500489,CC du Haut Val d'Oise,CC,14348,2.554,4.563892528199741,1.8098194508378285,4.563892528199741,6.295024176827228,52.5,0.5186578864847915,0.7860404104837009,0.7297297297297299,67.8,0.22
95488,Pierrelaye,95,200058485,CA Val Parisis,CA,10230,4.208,4.563892528199741,1.8098194508378285,4.563892528199741,6.295024176827228,52.5,0.0,0.7860404104837009,0.7297297297297299,50.5,0.1
95489,Piscop,95,200056380,CA Plaine Vallée,CA,737,2.973,4.563892528199741,1.8098194508378285,4.563892528199741,6.295024176827228,52.5,0.3872687362809659,0.7860404104837009,0.7297297297297299,63.4,0.28
95491,Le Plessis-Bouchard,95,200058485,CA Val Parisis,CA,8333,2.77,4.563892528199741,1.8098194508378285,4.563892528199741,6.295024176827228,52.5,0.45092505487613677,0.7860404104837009,0.7297297297297299,65.6,0.43
95492,Le Plessis-Gassot,95,200055655,CA Roissy Pays de France,CA,97,3.383,4.563892528199741,1.8098194508378285,4.563892528199741,6.295024176827228,52.5,0.2587017873941675,0.7860404104837009,0.7297297297297299,59.1,0.07
95493,Le Plessis-Luzarches,95,200073013,CC Carnelle Pays-de-France,CC,140,2.83,4.563892528199741,1.8098194508378285,4.563892528199741,6.295024176827228,52.5,0.4321103794292882,0.7860404104837009,0.7297297297297299,64.9,0.39
95500,Pontoise,95,249500109,CA de Cergy-Pontoise,CA,31623,1.671,4.563892528199741,1.8098194508378285,4.563892528199741,6.295024176827228,52.5,0.7955471934775792,0.7860404104837009,0.7297297297297299,77.0,1.0
95504,Presles,95,249500455,CC de la Vallée de l'Oise et des Trois Forêts,CC,3994,2.384,4.563892528199741,1.8098194508378285,4.563892528199741,6.295024176827228,52.5,0.5719661335841957,0.7860404104837009,0.7297297297297299,69.6,0.78
95509,Puiseux-en-France,95,200055655,CA Roissy Pays de France,CA,3755,1.856,4.563892528199741,1.8098194508378285,4.563892528199741,6.295024176827228,52.5,0.7375352775164629,0.7860404104837009,0.7297297297297299,75.1,0.71
95510,Puiseux-Pontoise,95,249500109,CA de Cergy-Pontoise,CA,593,3.216,4.563892528199741,1.8098194508378285,4.563892528199741,6.295024176827228,52.5,0.3110693007212292,0.7860404104837009,0.7297297297297299,60.9,0.31
95523,La Roche-Guyon,95,249500513,CC du Vexin-Val de Seine,CC,423,1.874,4.563892528199741,1.8098194508378285,4.563892528199741,6.295024176827228,52.5,0.7318908748824082,0.7860404104837009,0.7297297297297299,74.9,0.19
95527,Roissy-en-France,95,200055655,CA Roissy Pays de France,CA,2682,3.037,4.563892528199741,1.8098194508378285,4.563892528199741,6.295024176827228,52.5,0.36719974913766074,0.7860404104837009,0.7297297297297299,62.8,0.12
95529,Ronquerolles,95,249500489,CC du Haut Val d'Oise,CC,890,2.237,4.563892528199741,1.8098194508378285,4.563892528199741,6.295024176827228,52.5,0.6180620884289747,0.7860404104837009,0.7297297297297299,71.1,0.89
95535,Sagy,95,200035970,CC Vexin Centre,CC,1100,2.757,4.563892528199741,1.8098194508378285,4.563892528199741,6.295024176827228,52.5,0.45500156788962054,0.7860404104837009,0.7297297297297299,65.7,0.06
95539,Saint-Brice-sous-Forêt,95,200056380,CA Plaine Vallée,CA,15209,2.667,4.563892528199741,1.8098194508378285,4.563892528199741,6.295024176827228,52.5,0.4832235810598935,0.7860404104837009,0.7297297297297299,66.6,0.44
95541,Saint-Clair-sur-Epte,95,249500513,CC du Vexin-Val de Seine,CC,979,2.276,4.563892528199741,1.8098194508378285,4.563892528199741,6.295024176827228,52.5,0.6058325493885232,0.7860404104837009,0.7297297297297299,70.7,0.04
95543,Saint-Cyr-en-Arthies,95,249500513,CC du Vexin-Val de Seine,CC,237,1.724,4.563892528199741,1.8098194508378285,4.563892528199741,6.295024176827228,52.5,0.7789275634995296,0.7860404104837009,0.7297297297297299,76.5,0.46
95554,Saint-Gervais,95,249500513,CC du Vexin-Val de Seine,CC,883,1.863,4.563892528199741,1.8098194508378285,4.563892528199741,6.295024176827228,52.5,0.7353402320476639,0.7860404104837009,0.7297297297297299,75.0,0.25
95555,Saint-Gratien,95,200056380,CA Plaine Vallée,CA,21297,2.518,4.563892528199741,1.8098194508378285,4.563892528199741,6.295024176827228,52.5,0.5299466917529008,0.7860404104837009,0.7297297297297299,68.2,0.56
95563,Saint-Leu-la-Forêt,95,200058485,CA Val Parisis,CA,16047,2.166,4.563892528199741,1.8098194508378285,4.563892528199741,6.295024176827228,52.5,0.6403261210410788,0.7860404104837009,0.7297297297297299,71.9,1.0
95566,Saint-Martin-du-Tertre,95,200073013,CC Carnelle Pays-de-France,CC,2662,1.486,4.563892528199741,1.8098194508378285,4.563892528199741,6.295024176827228,52.5,0.8535591094386956,0.7860404104837009,0.7297297297297299,79.0,1.0
95572,Saint-Ouen-l'Aumône,95,249500109,CA de Cergy-Pontoise,CA,25614,3.398,4.563892528199741,1.8098194508378285,4.563892528199741,6.295024176827228,52.5,0.25399811853245535,0.7860404104837009,0.7297297297297299,59.0,0.15
95574,Saint-Prix,95,200056380,CA Plaine Vallée,CA,7588,3.186,4.563892528199741,1.8098194508378285,4.563892528199741,6.295024176827228,52.5,0.32047663844465357,0.7860404104837009,0.7297297297297299,61.2,0.17
95580,Saint-Witz,95,200055655,CA Roissy Pays de France,CA,2511,1.926,4.563892528199741,1.8098194508378285,4.563892528199741,6.295024176827228,52.5,0.7155848228284729,0.7860404104837009,0.7297297297297299,74.4,0.6
95582,Sannois,95,200058485,CA Val Parisis,CA,26772,2.413,4.563892528199741,1.8098194508378285,4.563892528199741,6.295024176827228,52.5,0.5628723737848856,0.7860404104837009,0.7297297297297299,69.3,0.73
95584,Santeuil,95,200035970,CC Vexin Centre,CC,660,1.853,4.563892528199741,1.8098194508378285,4.563892528199741,6.295024176827228,52.5,0.7384760112888054,0.7860404104837009,0.7297297297297299,75.1,0.52
95585,Sarcelles,95,200055655,CA Roissy Pays de France,CA,58576,2.301,4.563892528199741,1.8098194508378285,4.563892528199741,6.295024176827228,52.5,0.5979931012856694,0.7860404104837009,0.7297297297297299,70.5,0.36
95592,Seraincourt,95,200035970,CC Vexin Centre,CC,1310,2.482,4.563892528199741,1.8098194508378285,4.563892528199741,6.295024176827228,52.5,0.5412354970210097,0.7860404104837009,0.7297297297297299,68.6,0.18
95594,Seugy,95,200073013,CC Carnelle Pays-de-France,CC,1039,2.446,4.563892528199741,1.8098194508378285,4.563892528199741,6.295024176827228,52.5,0.5525243022891189,0.7860404104837009,0.7297297297297299,68.9,0.68
95598,Soisy-sous-Montmorency,95,200056380,CA Plaine Vallée,CA,18068,2.478,4.563892528199741,1.8098194508378285,4.563892528199741,6.295024176827228,52.5,0.5424898087174663,0.7860404104837009,0.7297297297297299,68.6,0.61
95604,Survilliers,95,200055655,CA Roissy Pays de France,CA,4154,2.439,4.563892528199741,1.8098194508378285,4.563892528199741,6.295024176827228,52.5,0.5547193477579179,0.7860404104837009,0.7297297297297299,69.0,0.26
95607,Taverny,95,200058485,CA Val Parisis,CA,27065,2.315,4.563892528199741,1.8098194508378285,4.563892528199741,6.295024176827228,52.5,0.5936030103480716,0.7860404104837009,0.7297297297297299,70.3,0.8
95610,Théméricourt,95,200035970,CC Vexin Centre,CC,289,2.428,4.563892528199741,1.8098194508378285,4.563892528199741,6.295024176827228,52.5,0.5581687049231735,0.7860404104837009,0.7297297297297299,69.1,0.21
95611,Theuville,95,200035970,CC Vexin Centre,CC,53,1.088,4.563892528199741,1.8098194508378285,4.563892528199741,6.295024176827228,52.5,0.9783631232361242,0.7860404104837009,0.7297297297297299,83.1,0.94
95612,Le Thillay,95,200055655,CA Roissy Pays de France,CA,4575,2.71,4.563892528199741,1.8098194508378285,4.563892528199741,6.295024176827228,52.5,0.4697397303229853,0.7860404104837009,0.7297297297297299,66.2,0.24
95625,Us,95,200035970,CC Vexin Centre,CC,1331,2.012,4.563892528199741,1.8098194508378285,4.563892528199741,6.295024176827228,52.5,0.6886171213546567,0.7860404104837009,0.7297297297297299,73.5,0.45
95627,Vallangoujard,95,249500430,CC Sausseron Impressionnistes,CC,616,1.639,4.563892528199741,1.8098194508378285,4.563892528199741,6.295024176827228,52.5,0.8055816870492318,0.7860404104837009,0.7297297297297299,77.4,0.6
95628,Valmondois,95,249500430,CC Sausseron Impressionnistes,CC,1209,1.485,4.563892528199741,1.8098194508378285,4.563892528199741,6.295024176827228,52.5,0.8538726873628096,0.7860404104837009,0.7297297297297299,79.0,0.73
95633,Vaudherland,95,200055655,CA Roissy Pays de France,CA,102,3.235,4.563892528199741,1.8098194508378285,4.563892528199741,6.295024176827228,52.5,0.30511132016306064,0.7860404104837009,0.7297297297297299,60.7,0.1
95637,Vauréal,95,249500109,CA de Cergy-Pontoise,CA,16079,1.685,4.563892528199741,1.8098194508378285,4.563892528199741,6.295024176827228,52.5,0.7911571025399812,0.7860404104837009,0.7297297297297299,76.9,0.92
95641,Vémars,95,200055655,CA Roissy Pays de France,CA,2986,2.415,4.563892528199741,1.8098194508378285,4.563892528199741,6.295024176827228,52.5,0.5622452179366573,0.7860404104837009,0.7297297297297299,69.3,0.29
95651,Vétheuil,95,249500513,CC du Vexin-Val de Seine,CC,867,1.717,4.563892528199741,1.8098194508378285,4.563892528199741,6.295024176827228,52.5,0.7811226089683286,0.7860404104837009,0.7297297297297299,76.6,0.5
95652,Viarmes,95,200073013,CC Carnelle Pays-de-France,CC,5509,2.714,4.563892528199741,1.8098194508378285,4.563892528199741,6.295024176827228,52.5,0.4684854186265287,0.7860404104837009,0.7297297297297299,66.1,0.53
95656,Vienne-en-Arthies,95,249500513,CC du Vexin-Val de Seine,CC,360,1.218,4.563892528199741,1.8098194508378285,4.563892528199741,6.295024176827228,52.5,0.9375979931012857,0.7860404104837009,0.7297297297297299,81.8,0.96
95658,Vigny,95,200035970,CC Vexin Centre,CC,1132,2.024,4.563892528199741,1.8098194508378285,4.563892528199741,6.295024176827228,52.5,0.684854186265287,0.7860404104837009,0.7297297297297299,73.4,0.42
95660,Villaines-sous-Bois,95,200073013,CC Carnelle Pays-de-France,CC,776,3.8,4.563892528199741,1.8098194508378285,4.563892528199741,6.295024176827228,52.5,0.12793979303857017,0.7860404104837009,0.7297297297297299,54.8,0.16
95675,Villeron,95,200055655,CA Roissy Pays de France,CA,1672,1.868,4.563892528199741,1.8098194508378285,4.563892528199741,6.295024176827228,52.5,0.7337723424270932,0.7860404104837009,0.7297297297297299,75.0,0.65
95676,Villers-en-Arthies,95,249500513,CC du Vexin-Val de Seine,CC,487,1.524,4.563892528199741,1.8098194508378285,4.563892528199741,6.295024176827228,52.5,0.8416431483223581,0.7860404104837009,0.7297297297297299,78.6,0.77
95678,Villiers-Adam,95,249500455,CC de la Vallée de l'Oise et des Trois Forêts,CC,848,3.788,4.563892528199741,1.8098194508378285,4.563892528199741,6.295024176827228,52.5,0.13170272812793993,0.7860404104837009,0.7297297297297299,54.9,0.11
95680,Villiers-le-Bel,95,200055655,CA Roissy Pays de France,CA,29238,2.049,4.563892528199741,1.8098194508378285,4.563892528199741,6.295024176827228,52.5,0.6770147381624334,0.7860404104837009,0.7297297297297299,73.1,0.44
95682,Villiers-le-Sec,95,200073013,CC Carnelle Pays-de-France,CC,198,4.592,4.563892528199741,1.8098194508378285,4.563892528199741,6.295024176827228,52.5,0.0,0.7860404104837009,0.7297297297297299,50.5,0.05
95690,Wy-dit-Joli-Village,95,249500513,CC du Vexin-Val de Seine,CC,329,1.401,4.563892528199741,1.8098194508378285,4.563892528199741,6.295024176827228,52.5,0.8802132329883976,0.7860404104837009,0.7297297297297299,79.9,0.85
