code_insee,dep,nom_commune,epci_siren,epci_nom,epci_nature,epci_nb_communes,pop_commune,apl_generaliste,apl_gen_moins60,densite_cardio_100k,densite_dermato_100k,densite_gyneco_100k,densite_ophtalmo_100k
75056,75,Paris,200054781,Métropole du Grand Paris,METRO,130,2113705,4.9569494503268805,3.4446525590773818,15.848947700838103,14.760810993019366,25.35831632134096,17.64673878332123
77001,77,Achères-la-Forêt,200072346,CA du Pays de Fontainebleau,CA,26,1183,1.693,1.052,4.819612241539687,1.1704772586596384,4.6819090346385535,4.8884638449902535
77002,77,Amillis,200090504,CA Coulommiers Pays de Brie,CA,54,821,2.694,1.417,4.819612241539687,1.1704772586596384,4.6819090346385535,4.8884638449902535
77003,77,Amponville,200023240,CC Pays de Nemours,CC,21,351,1.614,0.545,4.819612241539687,1.1704772586596384,4.6819090346385535,4.8884638449902535
77004,77,Andrezel,200070779,CC Brie des Rivières et Châteaux,CC,31,324,1.413,1.069,4.819612241539687,1.1704772586596384,4.6819090346385535,4.8884638449902535
77005,77,Annet-sur-Marne,200033090,CC Plaines et Monts de France,CC,20,3329,2.466,1.909,4.819612241539687,1.1704772586596384,4.6819090346385535,4.8884638449902535
77006,77,Arbonne-la-Forêt,200072346,CA du Pays de Fontainebleau,CA,26,1007,1.356,0.911,4.819612241539687,1.1704772586596384,4.6819090346385535,4.8884638449902535
77007,77,Argentières,200070779,CC Brie des Rivières et Châteaux,CC,31,352,1.513,1.124,4.819612241539687,1.1704772586596384,4.6819090346385535,4.8884638449902535
77008,77,Armentières-en-Brie,247700065,CC du Pays de l'Ourcq,CC,22,1196,1.426,0.341,4.819612241539687,1.1704772586596384,4.6819090346385535,4.8884638449902535
77009,77,Arville,200023919,CC Gâtinais Val de Loing,CC,20,140,1.941,0.696,4.819612241539687,1.1704772586596384,4.6819090346385535,4.8884638449902535
77010,77,Aubepierre-Ozouer-le-Repos,247700701,CC Brie Nangissienne,CC,20,965,1.861,1.342,4.819612241539687,1.1704772586596384,4.6819090346385535,4.8884638449902535
77011,77,Aufferville,200023919,CC Gâtinais Val de Loing,CC,20,482,2.93,1.224,4.819612241539687,1.1704772586596384,4.6819090346385535,4.8884638449902535
77012,77,Augers-en-Brie,200037133,CC du Provinois,CC,39,275,0.546,0.294,4.819612241539687,1.1704772586596384,4.6819090346385535,4.8884638449902535
77013,77,Aulnoy,200090504,CA Coulommiers Pays de Brie,CA,54,363,2.661,1.225,4.819612241539687,1.1704772586596384,4.6819090346385535,4.8884638449902535
77014,77,Avon,200072346,CA du Pays de Fontainebleau,CA,26,13526,3.481,2.347,4.819612241539687,1.1704772586596384,4.6819090346385535,4.8884638449902535
77015,77,Baby,200040251,CC Bassée-Montois,CC,42,112,1.247,0.465,4.819612241539687,1.1704772586596384,4.6819090346385535,4.8884638449902535
77016,77,Bagneaux-sur-Loing,200023240,CC Pays de Nemours,CC,21,1582,2.208,1.003,4.819612241539687,1.1704772586596384,4.6819090346385535,4.8884638449902535
77018,77,Bailly-Romainvilliers,247700339,CA Val d'Europe Agglomération,CA,10,7049,2.297,1.658,4.819612241539687,1.1704772586596384,4.6819090346385535,4.8884638449902535
77019,77,Balloy,200040251,CC Bassée-Montois,CC,42,351,1.026,0.229,4.819612241539687,1.1704772586596384,4.6819090346385535,4.8884638449902535
77020,77,Bannost-Villegagnon,200037133,CC du Provinois,CC,39,658,1.443,0.733,4.819612241539687,1.1704772586596384,4.6819090346385535,4.8884638449902535
77021,77,Barbey,247700107,CC Pays de Montereau,CC,21,151,1.633,0.729,4.819612241539687,1.1704772586596384,4.6819090346385535,4.8884638449902535
77022,77,Barbizon,200072346,CA du Pays de Fontainebleau,CA,26,1265,2.239,1.455,4.819612241539687,1.1704772586596384,4.6819090346385535,4.8884638449902535
77023,77,Barcy,200072130,CA du Pays de Meaux,CA,26,375,3.127,1.679,4.819612241539687,1.1704772586596384,4.6819090346385535,4.8884638449902535
77024,77,Bassevelle,200090504,CA Coulommiers Pays de Brie,CA,54,385,1.631,0.765,4.819612241539687,1.1704772586596384,4.6819090346385535,4.8884638449902535
77025,77,Bazoches-lès-Bray,200040251,CC Bassée-Montois,CC,42,889,1.193,0.319,4.819612241539687,1.1704772586596384,4.6819090346385535,4.8884638449902535
77026,77,Beauchery-Saint-Martin,200037133,CC du Provinois,CC,39,374,1.494,0.828,4.819612241539687,1.1704772586596384,4.6819090346385535,4.8884638449902535
77027,77,Beaumont-du-Gâtinais,200023919,CC Gâtinais Val de Loing,CC,20,1136,1.792,0.484,4.819612241539687,1.1704772586596384,4.6819090346385535,4.8884638449902535
77029,77,Beauvoir,200070779,CC Brie des Rivières et Châteaux,CC,31,185,1.732,1.243,4.819612241539687,1.1704772586596384,4.6819090346385535,4.8884638449902535
77030,77,Bellot,200072544,CC des Deux Morin,CC,31,776,0.84,0.648,4.819612241539687,1.1704772586596384,4.6819090346385535,4.8884638449902535
77031,77,Bernay-Vilbert,200072874,CC Val Briard,CC,21,991,2.789,1.933,4.819612241539687,1.1704772586596384,4.6819090346385535,4.8884638449902535
77032,77,Beton-Bazoches,200037133,CC du Provinois,CC,39,912,1.781,1.076,4.819612241539687,1.1704772586596384,4.6819090346385535,4.8884638449902535
77033,77,Bezalles,200037133,CC du Provinois,CC,39,224,1.384,0.77,4.819612241539687,1.1704772586596384,4.6819090346385535,4.8884638449902535
77034,77,Blandy,200070779,CC Brie des Rivières et Châteaux,CC,31,769,1.519,1.021,4.819612241539687,1.1704772586596384,4.6819090346385535,4.8884638449902535
77035,77,Blennes,247700107,CC Pays de Montereau,CC,21,546,1.183,0.575,4.819612241539687,1.1704772586596384,4.6819090346385535,4.8884638449902535
77036,77,Boisdon,200037133,CC du Provinois,CC,39,135,1.467,0.853,4.819612241539687,1.1704772586596384,4.6819090346385535,4.8884638449902535
77037,77,Bois-le-Roi,200072346,CA du Pays de Fontainebleau,CA,26,6026,2.548,1.684,4.819612241539687,1.1704772586596384,4.6819090346385535,4.8884638449902535
77038,77,Boissettes,247700057,CA Melun Val de Seine,CA,20,432,2.088,1.502,4.819612241539687,1.1704772586596384,4.6819090346385535,4.8884638449902535
77039,77,Boissise-la-Bertrand,247700057,CA Melun Val de Seine,CA,20,1194,2.363,1.684,4.819612241539687,1.1704772586596384,4.6819090346385535,4.8884638449902535
77040,77,Boissise-le-Roi,247700057,CA Melun Val de Seine,CA,20,3828,1.729,1.105,4.819612241539687,1.1704772586596384,4.6819090346385535,4.8884638449902535
77041,77,Boissy-aux-Cailles,200072346,CA du Pays de Fontainebleau,CA,26,274,1.829,0.575,4.819612241539687,1.1704772586596384,4.6819090346385535,4.8884638449902535
77042,77,Boissy-le-Châtel,200090504,CA Coulommiers Pays de Brie,CA,54,3313,2.015,1.106,4.819612241539687,1.1704772586596384,4.6819090346385535,4.8884638449902535
77043,77,Boitron,200072544,CC des Deux Morin,CC,31,326,1.154,0.507,4.819612241539687,1.1704772586596384,4.6819090346385535,4.8884638449902535
77044,77,Bombon,200070779,CC Brie des Rivières et Châteaux,CC,31,936,1.595,1.094,4.819612241539687,1.1704772586596384,4.6819090346385535,4.8884638449902535
77045,77,Bougligny,200023919,CC Gâtinais Val de Loing,CC,20,730,2.121,0.773,4.819612241539687,1.1704772586596384,4.6819090346385535,4.8884638449902535
77046,77,Boulancourt,200023240,CC Pays de Nemours,CC,21,341,1.952,0.215,4.819612241539687,1.1704772586596384,4.6819090346385535,4.8884638449902535
77047,77,Bouleurs,200090504,CA Coulommiers Pays de Brie,CA,54,1731,2.515,1.783,4.819612241539687,1.1704772586596384,4.6819090346385535,4.8884638449902535
77048,77,Bourron-Marlotte,200072346,CA du Pays de Fontainebleau,CA,26,2782,3.195,1.863,4.819612241539687,1.1704772586596384,4.6819090346385535,4.8884638449902535
77049,77,Boutigny,200072130,CA du Pays de Meaux,CA,26,850,2.01,1.402,4.819612241539687,1.1704772586596384,4.6819090346385535,4.8884638449902535
77050,77,Bransles,200023919,CC Gâtinais Val de Loing,CC,20,529,0.869,0.26,4.819612241539687,1.1704772586596384,4.6819090346385535,4.8884638449902535
77051,77,Bray-sur-Seine,200040251,CC Bassée-Montois,CC,42,2378,1.561,0.543,4.819612241539687,1.1704772586596384,4.6819090346385535,4.8884638449902535
77052,77,Bréau,247700701,CC Brie Nangissienne,CC,20,371,1.716,1.184,4.819612241539687,1.1704772586596384,4.6819090346385535,4.8884638449902535
77053,77,Brie-Comte-Robert,247700644,CC l'Orée de la Brie,CC,4,18999,2.295,1.648,4.819612241539687,1.1704772586596384,4.6819090346385535,4.8884638449902535
77054,77,La Brosse-Montceaux,247700107,CC Pays de Montereau,CC,21,736,2.563,1.127,4.819612241539687,1.1704772586596384,4.6819090346385535,4.8884638449902535
77055,77,Brou-sur-Chantereine,200057958,CA Paris - Vallée de la Marne,CA,12,5094,3.103,2.181,4.819612241539687,1.1704772586596384,4.6819090346385535,4.8884638449902535
77056,77,Burcy,200023240,CC Pays de Nemours,CC,21,148,2.303,0.803,4.819612241539687,1.1704772586596384,4.6819090346385535,4.8884638449902535
77057,77,Bussières,200090504,CA Coulommiers Pays de Brie,CA,54,573,1.763,0.6,4.819612241539687,1.1704772586596384,4.6819090346385535,4.8884638449902535
77058,77,Bussy-Saint-Georges,247700594,CA Marne et Gondoire,CA,20,26334,3.35,2.353,4.819612241539687,1.1704772586596384,4.6819090346385535,4.8884638449902535
77059,77,Bussy-Saint-Martin,247700594,CA Marne et Gondoire,CA,20,728,3.4,2.438,4.819612241539687,1.1704772586596384,4.6819090346385535,4.8884638449902535
77060,77,Buthiers,200023240,CC Pays de Nemours,CC,21,771,2.145,0.377,4.819612241539687,1.1704772586596384,4.6819090346385535,4.8884638449902535
77061,77,Cannes-Écluse,247700107,CC Pays de Montereau,CC,21,2742,2.602,1.165,4.819612241539687,1.1704772586596384,4.6819090346385535,4.8884638449902535
77062,77,Carnetin,247700594,CA Marne et Gondoire,CA,20,457,1.976,1.509,4.819612241539687,1.1704772586596384,4.6819090346385535,4.8884638449902535
77063,77,La Celle-sur-Morin,200090504,CA Coulommiers Pays de Brie,CA,54,1246,1.907,1.171,4.819612241539687,1.1704772586596384,4.6819090346385535,4.8884638449902535
77065,77,Cély,200072346,CA du Pays de Fontainebleau,CA,26,1256,2.463,1.581,4.819612241539687,1.1704772586596384,4.6819090346385535,4.8884638449902535
77066,77,Cerneux,200037133,CC du Provinois,CC,39,277,0.75,0.416,4.819612241539687,1.1704772586596384,4.6819090346385535,4.8884638449902535
77067,77,Cesson,200059228,CA Grand Paris Sud Seine Essonne Sénart,CA,23,11141,2.53,1.775,4.819612241539687,1.1704772586596384,4.6819090346385535,4.8884638449902535
77068,77,Cessoy-en-Montois,200040251,CC Bassée-Montois,CC,42,213,1.883,0.971,4.819612241539687,1.1704772586596384,4.6819090346385535,4.8884638449902535
77069,77,Chailly-en-Bière,200072346,CA du Pays de Fontainebleau,CA,26,2172,2.233,1.412,4.819612241539687,1.1704772586596384,4.6819090346385535,4.8884638449902535
77070,77,Chailly-en-Brie,200090504,CA Coulommiers Pays de Brie,CA,54,1557,3.0,1.603,4.819612241539687,1.1704772586596384,4.6819090346385535,4.8884638449902535
77071,77,Chaintreaux,200023919,CC Gâtinais Val de Loing,CC,20,831,1.579,0.643,4.819612241539687,1.1704772586596384,4.6819090346385535,4.8884638449902535
77072,77,Chalautre-la-Grande,200037133,CC du Provinois,CC,39,657,2.312,1.94,4.819612241539687,1.1704772586596384,4.6819090346385535,4.8884638449902535
77073,77,Chalautre-la-Petite,200037133,CC du Provinois,CC,39,545,3.292,1.928,4.819612241539687,1.1704772586596384,4.6819090346385535,4.8884638449902535
77075,77,Chalifert,247700594,CA Marne et Gondoire,CA,20,1581,1.876,1.467,4.819612241539687,1.1704772586596384,4.6819090346385535,4.8884638449902535
77076,77,Chalmaison,200040251,CC Bassée-Montois,CC,42,758,1.852,0.849,4.819612241539687,1.1704772586596384,4.6819090346385535,4.8884638449902535
77077,77,Chambry,200072130,CA du Pays de Meaux,CA,26,1051,2.919,1.749,4.819612241539687,1.1704772586596384,4.6819090346385535,4.8884638449902535
77078,77,Chamigny,200090504,CA Coulommiers Pays de Brie,CA,54,1431,2.427,0.584,4.819612241539687,1.1704772586596384,4.6819090346385535,4.8884638449902535
77079,77,Champagne-sur-Seine,247700032,CC Moret Seine et Loing,CC,18,6491,2.579,1.843,4.819612241539687,1.1704772586596384,4.6819090346385535,4.8884638449902535
77080,77,Champcenest,200037133,CC du Provinois,CC,39,197,1.759,0.946,4.819612241539687,1.1704772586596384,4.6819090346385535,4.8884638449902535
77081,77,Champdeuil,200070779,CC Brie des Rivières et Châteaux,CC,31,735,2.016,1.443,4.819612241539687,1.1704772586596384,4.6819090346385535,4.8884638449902535
77082,77,Champeaux,200070779,CC Brie des Rivières et Châteaux,CC,31,814,1.273,0.737,4.819612241539687,1.1704772586596384,4.6819090346385535,4.8884638449902535
77083,77,Champs-sur-Marne,200057958,CA Paris - Vallée de la Marne,CA,12,26661,2.811,1.864,4.819612241539687,1.1704772586596384,4.6819090346385535,4.8884638449902535
77084,77,Changis-sur-Marne,200090504,CA Coulommiers Pays de Brie,CA,54,1352,2.139,0.542,4.819612241539687,1.1704772586596384,4.6819090346385535,4.8884638449902535
77085,77,Chanteloup-en-Brie,247700594,CA Marne et Gondoire,CA,20,4166,2.597,1.937,4.819612241539687,1.1704772586596384,4.6819090346385535,4.8884638449902535
77086,77,La Chapelle-Gauthier,247700701,CC Brie Nangissienne,CC,20,1398,1.835,1.257,4.819612241539687,1.1704772586596384,4.6819090346385535,4.8884638449902535
77087,77,La Chapelle-Iger,200072874,CC Val Briard,CC,21,191,1.566,1.035,4.819612241539687,1.1704772586596384,4.6819090346385535,4.8884638449902535
77088,77,La Chapelle-la-Reine,200072346,CA du Pays de Fontainebleau,CA,26,2236,2.18,1.008,4.819612241539687,1.1704772586596384,4.6819090346385535,4.8884638449902535
77089,77,La Chapelle-Rablais,247700701,CC Brie Nangissienne,CC,20,907,1.661,1.214,4.819612241539687,1.1704772586596384,4.6819090346385535,4.8884638449902535
77090,77,La Chapelle-Saint-Sulpice,200037133,CC du Provinois,CC,39,239,2.404,1.338,4.819612241539687,1.1704772586596384,4.6819090346385535,4.8884638449902535
77091,77,Les Chapelles-Bourbon,200072874,CC Val Briard,CC,21,464,1.861,1.468,4.819612241539687,1.1704772586596384,4.6819090346385535,4.8884638449902535
77093,77,La Chapelle-Moutils,200072544,CC des Deux Morin,CC,31,405,0.543,0.388,4.819612241539687,1.1704772586596384,4.6819090346385535,4.8884638449902535
77094,77,Charmentray,200033090,CC Plaines et Monts de France,CC,20,294,3.072,2.349,4.819612241539687,1.1704772586596384,4.6819090346385535,4.8884638449902535
77095,77,Charny,200033090,CC Plaines et Monts de France,CC,20,1584,2.441,1.942,4.819612241539687,1.1704772586596384,4.6819090346385535,4.8884638449902535
77096,77,Chartrettes,200072346,CA du Pays de Fontainebleau,CA,26,2593,2.187,1.5,4.819612241539687,1.1704772586596384,4.6819090346385535,4.8884638449902535
77097,77,Chartronges,200072544,CC des Deux Morin,CC,31,302,1.704,1.094,4.819612241539687,1.1704772586596384,4.6819090346385535,4.8884638449902535
77098,77,Châteaubleau,247700701,CC Brie Nangissienne,CC,20,363,2.033,1.301,4.819612241539687,1.1704772586596384,4.6819090346385535,4.8884638449902535
77099,77,Château-Landon,200023919,CC Gâtinais Val de Loing,CC,20,3150,1.457,0.326,4.819612241539687,1.1704772586596384,4.6819090346385535,4.8884638449902535
77100,77,Le Châtelet-en-Brie,200070779,CC Brie des Rivières et Châteaux,CC,31,4231,1.639,1.406,4.819612241539687,1.1704772586596384,4.6819090346385535,4.8884638449902535
77101,77,Châtenay-sur-Seine,200040251,CC Bassée-Montois,CC,42,1049,1.491,0.276,4.819612241539687,1.1704772586596384,4.6819090346385535,4.8884638449902535
77102,77,Châtenoy,200023240,CC Pays de Nemours,CC,21,157,2.92,1.516,4.819612241539687,1.1704772586596384,4.6819090346385535,4.8884638449902535
77103,77,Châtillon-la-Borde,200070779,CC Brie des Rivières et Châteaux,CC,31,224,1.871,1.293,4.819612241539687,1.1704772586596384,4.6819090346385535,4.8884638449902535
77104,77,Châtres,200072874,CC Val Briard,CC,21,712,2.003,1.616,4.819612241539687,1.1704772586596384,4.6819090346385535,4.8884638449902535
77106,77,Chauffry,200090504,CA Coulommiers Pays de Brie,CA,54,1004,2.145,1.302,4.819612241539687,1.1704772586596384,4.6819090346385535,4.8884638449902535
77107,77,Chaumes-en-Brie,200070779,CC Brie des Rivières et Châteaux,CC,31,3452,1.903,1.484,4.819612241539687,1.1704772586596384,4.6819090346385535,4.8884638449902535
77108,77,Chelles,200057958,CA Paris - Vallée de la Marne,CA,12,54372,2.044,1.336,4.819612241539687,1.1704772586596384,4.6819090346385535,4.8884638449902535
77109,77,Chenoise-Cucharmoy,200037133,CC du Provinois,CC,39,1629,2.094,1.116,4.819612241539687,1.1704772586596384,4.6819090346385535,4.8884638449902535
77110,77,Chenou,200023919,CC Gâtinais Val de Loing,CC,20,295,2.001,0.707,4.819612241539687,1.1704772586596384,4.6819090346385535,4.8884638449902535
77111,77,Chessy,247700339,CA Val d'Europe Agglomération,CA,10,7242,2.301,1.752,4.819612241539687,1.1704772586596384,4.6819090346385535,4.8884638449902535
77112,77,Chevrainvilliers,200023240,CC Pays de Nemours,CC,21,255,2.92,1.516,4.819612241539687,1.1704772586596384,4.6819090346385535,4.8884638449902535
77113,77,Chevru,200090504,CA Coulommiers Pays de Brie,CA,54,1026,2.455,1.399,4.819612241539687,1.1704772586596384,4.6819090346385535,4.8884638449902535
77114,77,Chevry-Cossigny,247700644,CC l'Orée de la Brie,CC,4,4019,1.926,1.389,4.819612241539687,1.1704772586596384,4.6819090346385535,4.8884638449902535
77115,77,Chevry-en-Sereine,247700107,CC Pays de Montereau,CC,21,504,1.128,0.633,4.819612241539687,1.1704772586596384,4.6819090346385535,4.8884638449902535
77116,77,Choisy-en-Brie,200072544,CC des Deux Morin,CC,31,1331,2.137,1.219,4.819612241539687,1.1704772586596384,4.6819090346385535,4.8884638449902535
77117,77,Citry,200090504,CA Coulommiers Pays de Brie,CA,54,924,1.479,0.621,4.819612241539687,1.1704772586596384,4.6819090346385535,4.8884638449902535
77118,77,Claye-Souilly,200055655,CA Roissy Pays de France,CA,42,12381,3.054,2.274,4.819612241539687,1.1704772586596384,4.6819090346385535,4.8884638449902535
77119,77,Clos-Fontaine,247700701,CC Brie Nangissienne,CC,20,235,1.577,1.06,4.819612241539687,1.1704772586596384,4.6819090346385535,4.8884638449902535
77120,77,Cocherel,247700065,CC du Pays de l'Ourcq,CC,22,619,1.944,0.215,4.819612241539687,1.1704772586596384,4.6819090346385535,4.8884638449902535
77121,77,Collégien,247700594,CA Marne et Gondoire,CA,20,3332,4.073,2.879,4.819612241539687,1.1704772586596384,4.6819090346385535,4.8884638449902535
77122,77,Combs-la-Ville,200059228,CA Grand Paris Sud Seine Essonne Sénart,CA,23,22712,2.692,1.875,4.819612241539687,1.1704772586596384,4.6819090346385535,4.8884638449902535
77123,77,Compans,200055655,CA Roissy Pays de France,CA,42,821,2.81,2.034,4.819612241539687,1.1704772586596384,4.6819090346385535,4.8884638449902535
77124,77,Conches-sur-Gondoire,247700594,CA Marne et Gondoire,CA,20,1751,2.527,1.869,4.819612241539687,1.1704772586596384,4.6819090346385535,4.8884638449902535
77125,77,Condé-Sainte-Libiaire,200090504,CA Coulommiers Pays de Brie,CA,54,1470,1.104,0.743,4.819612241539687,1.1704772586596384,4.6819090346385535,4.8884638449902535
77126,77,Congis-sur-Thérouanne,247700065,CC du Pays de l'Ourcq,CC,22,1776,1.68,0.547,4.819612241539687,1.1704772586596384,4.6819090346385535,4.8884638449902535
77127,77,Coubert,200070779,CC Brie des Rivières et Châteaux,CC,31,1942,1.45,1.121,4.819612241539687,1.1704772586596384,4.6819090346385535,4.8884638449902535
77128,77,Couilly-Pont-aux-Dames,200090504,CA Coulommiers Pays de Brie,CA,54,2131,2.65,1.859,4.819612241539687,1.1704772586596384,4.6819090346385535,4.8884638449902535
77129,77,Coulombs-en-Valois,247700065,CC du Pays de l'Ourcq,CC,22,579,1.125,0.0,4.819612241539687,1.1704772586596384,4.6819090346385535,4.8884638449902535
77130,77,Coulommes,200090504,CA Coulommiers Pays de Brie,CA,54,534,2.211,1.575,4.819612241539687,1.1704772586596384,4.6819090346385535,4.8884638449902535
77131,77,Coulommiers,200090504,CA Coulommiers Pays de Brie,CA,54,15696,2.518,1.286,4.819612241539687,1.1704772586596384,4.6819090346385535,4.8884638449902535
77132,77,Coupvray,247700339,CA Val d'Europe Agglomération,CA,10,3008,1.844,1.406,4.819612241539687,1.1704772586596384,4.6819090346385535,4.8884638449902535
77133,77,Courcelles-en-Bassée,247700107,CC Pays de Montereau,CC,21,214,1.444,0.504,4.819612241539687,1.1704772586596384,4.6819090346385535,4.8884638449902535
77134,77,Courchamp,200037133,CC du Provinois,CC,39,151,1.822,0.939,4.819612241539687,1.1704772586596384,4.6819090346385535,4.8884638449902535
77135,77,Courpalay,200072874,CC Val Briard,CC,21,1497,2.228,1.652,4.819612241539687,1.1704772586596384,4.6819090346385535,4.8884638449902535
77136,77,Courquetaine,200070779,CC Brie des Rivières et Châteaux,CC,31,187,1.471,1.201,4.819612241539687,1.1704772586596384,4.6819090346385535,4.8884638449902535
77137,77,Courtacon,200037133,CC du Provinois,CC,39,244,1.277,0.758,4.819612241539687,1.1704772586596384,4.6819090346385535,4.8884638449902535
77138,77,Courtomer,200072874,CC Val Briard,CC,21,568,1.795,1.31,4.819612241539687,1.1704772586596384,4.6819090346385535,4.8884638449902535
77139,77,Courtry,200057958,CA Paris - Vallée de la Marne,CA,12,7107,3.371,2.397,4.819612241539687,1.1704772586596384,4.6819090346385535,4.8884638449902535
77140,77,Coutençon,200040251,CC Bassée-Montois,CC,42,265,1.844,0.981,4.819612241539687,1.1704772586596384,4.6819090346385535,4.8884638449902535
77141,77,Coutevroult,200090504,CA Coulommiers Pays de Brie,CA,54,1191,2.446,1.7,4.819612241539687,1.1704772586596384,4.6819090346385535,4.8884638449902535
77142,77,Crécy-la-Chapelle,200090504,CA Coulommiers Pays de Brie,CA,54,4881,2.448,1.722,4.819612241539687,1.1704772586596384,4.6819090346385535,4.8884638449902535
77143,77,Crégy-lès-Meaux,200072130,CA du Pays de Meaux,CA,26,5419,2.821,1.984,4.819612241539687,1.1704772586596384,4.6819090346385535,4.8884638449902535
77144,77,Crèvecœur-en-Brie,200072874,CC Val Briard,CC,21,450,1.408,0.939,4.819612241539687,1.1704772586596384,4.6819090346385535,4.8884638449902535
77145,77,Crisenoy,200070779,CC Brie des Rivières et Châteaux,CC,31,595,2.164,1.463,4.819612241539687,1.1704772586596384,4.6819090346385535,4.8884638449902535
77146,77,Croissy-Beaubourg,200057958,CA Paris - Vallée de la Marne,CA,12,1969,3.878,2.705,4.819612241539687,1.1704772586596384,4.6819090346385535,4.8884638449902535
77147,77,La Croix-en-Brie,247700701,CC Brie Nangissienne,CC,20,672,1.682,1.242,4.819612241539687,1.1704772586596384,4.6819090346385535,4.8884638449902535
77148,77,Crouy-sur-Ourcq,247700065,CC du Pays de l'Ourcq,CC,22,1806,1.533,0.0,4.819612241539687,1.1704772586596384,4.6819090346385535,4.8884638449902535
77150,77,Cuisy,200033090,CC Plaines et Monts de France,CC,20,471,2.333,1.833,4.819612241539687,1.1704772586596384,4.6819090346385535,4.8884638449902535
77151,77,Dagny,200090504,CA Coulommiers Pays de Brie,CA,54,293,2.377,1.226,4.819612241539687,1.1704772586596384,4.6819090346385535,4.8884638449902535
77152,77,Dammarie-les-Lys,247700057,CA Melun Val de Seine,CA,20,23252,1.682,0.981,4.819612241539687,1.1704772586596384,4.6819090346385535,4.8884638449902535
77153,77,Dammartin-en-Goële,200055655,CA Roissy Pays de France,CA,42,11508,2.827,1.908,4.819612241539687,1.1704772586596384,4.6819090346385535,4.8884638449902535
77154,77,Dammartin-sur-Tigeaux,200090504,CA Coulommiers Pays de Brie,CA,54,1268,1.613,1.144,4.819612241539687,1.1704772586596384,4.6819090346385535,4.8884638449902535
77155,77,Dampmart,247700594,CA Marne et Gondoire,CA,20,3655,0.854,0.754,4.819612241539687,1.1704772586596384,4.6819090346385535,4.8884638449902535
77156,77,Darvault,200023240,CC Pays de Nemours,CC,21,946,2.945,1.608,4.819612241539687,1.1704772586596384,4.6819090346385535,4.8884638449902535
77157,77,Dhuisy,247700065,CC du Pays de l'Ourcq,CC,22,330,1.637,0.32,4.819612241539687,1.1704772586596384,4.6819090346385535,4.8884638449902535
77158,77,Diant,247700107,CC Pays de Montereau,CC,21,196,1.147,0.652,4.819612241539687,1.1704772586596384,4.6819090346385535,4.8884638449902535
77159,77,Donnemarie-Dontilly,200040251,CC Bassée-Montois,CC,42,2726,1.354,0.579,4.819612241539687,1.1704772586596384,4.6819090346385535,4.8884638449902535
77161,77,Dormelles,247700032,CC Moret Seine et Loing,CC,18,803,2.296,1.074,4.819612241539687,1.1704772586596384,4.6819090346385535,4.8884638449902535
77162,77,Doue,200072544,CC des Deux Morin,CC,31,1119,2.021,0.961,4.819612241539687,1.1704772586596384,4.6819090346385535,4.8884638449902535
77163,77,Douy-la-Ramée,247700065,CC du Pays de l'Ourcq,CC,22,388,2.092,0.978,4.819612241539687,1.1704772586596384,4.6819090346385535,4.8884638449902535
77164,77,Échouboulains,200070779,CC Brie des Rivières et Châteaux,CC,31,557,2.211,1.366,4.819612241539687,1.1704772586596384,4.6819090346385535,4.8884638449902535
77165,77,Les Écrennes,200070779,CC Brie des Rivières et Châteaux,CC,31,619,1.944,1.609,4.819612241539687,1.1704772586596384,4.6819090346385535,4.8884638449902535
77167,77,Égligny,200040251,CC Bassée-Montois,CC,42,313,1.256,0.358,4.819612241539687,1.1704772586596384,4.6819090346385535,4.8884638449902535
77168,77,Égreville,200023919,CC Gâtinais Val de Loing,CC,20,2164,0.674,0.258,4.819612241539687,1.1704772586596384,4.6819090346385535,4.8884638449902535
77169,77,Émerainville,200057958,CA Paris - Vallée de la Marne,CA,12,7536,3.542,2.444,4.819612241539687,1.1704772586596384,4.6819090346385535,4.8884638449902535
77171,77,Esbly,247700339,CA Val d'Europe Agglomération,CA,10,6237,1.873,1.367,4.819612241539687,1.1704772586596384,4.6819090346385535,4.8884638449902535
77172,77,Esmans,247700107,CC Pays de Montereau,CC,21,904,2.788,1.322,4.819612241539687,1.1704772586596384,4.6819090346385535,4.8884638449902535
77173,77,Étrépilly,247700065,CC du Pays de l'Ourcq,CC,22,813,2.531,1.123,4.819612241539687,1.1704772586596384,4.6819090346385535,4.8884638449902535
77174,77,Everly,200040251,CC Bassée-Montois,CC,42,570,2.048,0.94,4.819612241539687,1.1704772586596384,4.6819090346385535,4.8884638449902535
77175,77,Évry-Grégy-sur-Yerre,200070779,CC Brie des Rivières et Châteaux,CC,31,3236,3.969,2.758,4.819612241539687,1.1704772586596384,4.6819090346385535,4.8884638449902535
77176,77,Faremoutiers,200090504,CA Coulommiers Pays de Brie,CA,54,3035,2.439,1.405,4.819612241539687,1.1704772586596384,4.6819090346385535,4.8884638449902535
77177,77,Favières,200072874,CC Val Briard,CC,21,1293,2.038,1.582,4.819612241539687,1.1704772586596384,4.6819090346385535,4.8884638449902535
77178,77,Faÿ-lès-Nemours,200023240,CC Pays de Nemours,CC,21,498,2.711,1.4,4.819612241539687,1.1704772586596384,4.6819090346385535,4.8884638449902535
77179,77,Féricy,200070779,CC Brie des Rivières et Châteaux,CC,31,613,2.024,1.713,4.819612241539687,1.1704772586596384,4.6819090346385535,4.8884638449902535
77180,77,Férolles-Attilly,200023125,CC Les Portes Briardes Entre Villes et Forêts,CC,5,1251,2.655,1.855,4.819612241539687,1.1704772586596384,4.6819090346385535,4.8884638449902535
77181,77,Ferrières-en-Brie,247700594,CA Marne et Gondoire,CA,20,3887,4.158,2.929,4.819612241539687,1.1704772586596384,4.6819090346385535,4.8884638449902535
77182,77,La Ferté-Gaucher,200072544,CC des Deux Morin,CC,31,4762,1.377,0.906,4.819612241539687,1.1704772586596384,4.6819090346385535,4.8884638449902535
77183,77,La Ferté-sous-Jouarre,200090504,CA Coulommiers Pays de Brie,CA,54,10004,2.161,0.447,4.819612241539687,1.1704772586596384,4.6819090346385535,4.8884638449902535
77184,77,Flagy,247700032,CC Moret Seine et Loing,CC,18,594,2.024,0.933,4.819612241539687,1.1704772586596384,4.6819090346385535,4.8884638449902535
77185,77,Fleury-en-Bière,200072346,CA du Pays de Fontainebleau,CA,26,683,1.912,1.204,4.819612241539687,1.1704772586596384,4.6819090346385535,4.8884638449902535
77186,77,Fontainebleau,200072346,CA du Pays de Fontainebleau,CA,26,15787,3.057,1.974,4.819612241539687,1.1704772586596384,4.6819090346385535,4.8884638449902535
77187,77,Fontaine-Fourches,200040251,CC Bassée-Montois,CC,42,578,2.223,1.143,4.819612241539687,1.1704772586596384,4.6819090346385535,4.8884638449902535
77188,77,Fontaine-le-Port,200070779,CC Brie des Rivières et Châteaux,CC,31,1014,2.196,1.704,4.819612241539687,1.1704772586596384,4.6819090346385535,4.8884638449902535
77190,77,Fontains,247700701,CC Brie Nangissienne,CC,20,261,1.519,1.097,4.819612241539687,1.1704772586596384,4.6819090346385535,4.8884638449902535
77191,77,Fontenailles,247700701,CC Brie Nangissienne,CC,20,1090,1.553,1.131,4.819612241539687,1.1704772586596384,4.6819090346385535,4.8884638449902535
77192,77,Fontenay-Trésigny,200072874,CC Val Briard,CC,21,5887,2.232,1.664,4.819612241539687,1.1704772586596384,4.6819090346385535,4.8884638449902535
77193,77,Forfry,200072130,CA du Pays de Meaux,CA,26,240,2.234,1.159,4.819612241539687,1.1704772586596384,4.6819090346385535,4.8884638449902535
77194,77,Forges,247700107,CC Pays de Montereau,CC,21,432,2.774,1.408,4.819612241539687,1.1704772586596384,4.6819090346385535,4.8884638449902535
77195,77,Fouju,200070779,CC Brie des Rivières et Châteaux,CC,31,631,1.579,1.077,4.819612241539687,1.1704772586596384,4.6819090346385535,4.8884638449902535
77196,77,Fresnes-sur-Marne,200033090,CC Plaines et Monts de France,CC,20,947,2.57,2.018,4.819612241539687,1.1704772586596384,4.6819090346385535,4.8884638449902535
77197,77,Frétoy,200037133,CC du Provinois,CC,39,173,1.79,0.99,4.819612241539687,1.1704772586596384,4.6819090346385535,4.8884638449902535
77198,77,Fromont,200023240,CC Pays de Nemours,CC,21,230,2.161,0.498,4.819612241539687,1.1704772586596384,4.6819090346385535,4.8884638449902535
77199,77,Fublaines,200072130,CA du Pays de Meaux,CA,26,1381,1.441,0.89,4.819612241539687,1.1704772586596384,4.6819090346385535,4.8884638449902535
77200,77,Garentreville,200023240,CC Pays de Nemours,CC,21,123,2.334,0.834,4.819612241539687,1.1704772586596384,4.6819090346385535,4.8884638449902535
77201,77,Gastins,247700701,CC Brie Nangissienne,CC,20,722,1.759,1.161,4.819612241539687,1.1704772586596384,4.6819090346385535,4.8884638449902535
77202,77,La Genevraye,247700032,CC Moret Seine et Loing,CC,18,827,3.133,1.823,4.819612241539687,1.1704772586596384,4.6819090346385535,4.8884638449902535
77203,77,Germigny-l'Évêque,200072130,CA du Pays de Meaux,CA,26,1350,2.581,1.308,4.819612241539687,1.1704772586596384,4.6819090346385535,4.8884638449902535
77204,77,Germigny-sous-Coulombs,247700065,CC du Pays de l'Ourcq,CC,22,203,1.414,0.117,4.819612241539687,1.1704772586596384,4.6819090346385535,4.8884638449902535
77205,77,Gesvres-le-Chapitre,200072130,CA du Pays de Meaux,CA,26,146,2.383,1.158,4.819612241539687,1.1704772586596384,4.6819090346385535,4.8884638449902535
77206,77,Giremoutiers,200090504,CA Coulommiers Pays de Brie,CA,54,186,2.491,1.294,4.819612241539687,1.1704772586596384,4.6819090346385535,4.8884638449902535
77207,77,Gironville,200023919,CC Gâtinais Val de Loing,CC,20,161,2.115,0.788,4.819612241539687,1.1704772586596384,4.6819090346385535,4.8884638449902535
77208,77,Gouaix,200040251,CC Bassée-Montois,CC,42,1320,2.649,1.271,4.819612241539687,1.1704772586596384,4.6819090346385535,4.8884638449902535
77209,77,Gouvernes,247700594,CA Marne et Gondoire,CA,20,1175,3.121,2.226,4.819612241539687,1.1704772586596384,4.6819090346385535,4.8884638449902535
77210,77,La Grande-Paroisse,247700107,CC Pays de Montereau,CC,21,2899,2.273,1.255,4.819612241539687,1.1704772586596384,4.6819090346385535,4.8884638449902535
77211,77,Grandpuits-Bailly-Carrois,247700701,CC Brie Nangissienne,CC,20,1014,1.666,1.1,4.819612241539687,1.1704772586596384,4.6819090346385535,4.8884638449902535
77212,77,Gravon,200040251,CC Bassée-Montois,CC,42,158,1.68,0.505,4.819612241539687,1.1704772586596384,4.6819090346385535,4.8884638449902535
77214,77,Gressy,200055655,CA Roissy Pays de France,CA,42,803,2.693,2.043,4.819612241539687,1.1704772586596384,4.6819090346385535,4.8884638449902535
77215,77,Gretz-Armainvilliers,200023125,CC Les Portes Briardes Entre Villes et Forêts,CC,5,8682,1.679,1.244,4.819612241539687,1.1704772586596384,4.6819090346385535,4.8884638449902535
77216,77,Grez-sur-Loing,200023240,CC Pays de Nemours,CC,21,1457,3.826,2.14,4.819612241539687,1.1704772586596384,4.6819090346385535,4.8884638449902535
77217,77,Grisy-Suisnes,200070779,CC Brie des Rivières et Châteaux,CC,31,2848,1.306,0.938,4.819612241539687,1.1704772586596384,4.6819090346385535,4.8884638449902535
77218,77,Grisy-sur-Seine,200040251,CC Bassée-Montois,CC,42,115,1.52,0.555,4.819612241539687,1.1704772586596384,4.6819090346385535,4.8884638449902535
77219,77,Guérard,200090504,CA Coulommiers Pays de Brie,CA,54,2669,1.894,1.154,4.819612241539687,1.1704772586596384,4.6819090346385535,4.8884638449902535
77220,77,Guercheville,200023240,CC Pays de Nemours,CC,21,272,2.049,0.793,4.819612241539687,1.1704772586596384,4.6819090346385535,4.8884638449902535
77221,77,Guermantes,247700594,CA Marne et Gondoire,CA,20,1151,3.116,2.248,4.819612241539687,1.1704772586596384,4.6819090346385535,4.8884638449902535
77222,77,Guignes,200070779,CC Brie des Rivières et Châteaux,CC,31,4434,1.601,1.222,4.819612241539687,1.1704772586596384,4.6819090346385535,4.8884638449902535
77223,77,Gurcy-le-Châtel,200040251,CC Bassée-Montois,CC,42,563,1.043,0.359,4.819612241539687,1.1704772586596384,4.6819090346385535,4.8884638449902535
77224,77,Hautefeuille,200090504,CA Coulommiers Pays de Brie,CA,54,254,1.592,1.001,4.819612241539687,1.1704772586596384,4.6819090346385535,4.8884638449902535
77225,77,La Haute-Maison,200090504,CA Coulommiers Pays de Brie,CA,54,342,2.199,1.109,4.819612241539687,1.1704772586596384,4.6819090346385535,4.8884638449902535
77226,77,Héricy,200072346,CA du Pays de Fontainebleau,CA,26,2511,2.26,1.791,4.819612241539687,1.1704772586596384,4.6819090346385535,4.8884638449902535
77227,77,Hermé,200040251,CC Bassée-Montois,CC,42,634,3.084,1.73,4.819612241539687,1.1704772586596384,4.6819090346385535,4.8884638449902535
77228,77,Hondevilliers,200072544,CC des Deux Morin,CC,31,260,0.843,0.525,4.819612241539687,1.1704772586596384,4.6819090346385535,4.8884638449902535
77229,77,La Houssaye-en-Brie,200072874,CC Val Briard,CC,21,1703,1.463,1.142,4.819612241539687,1.1704772586596384,4.6819090346385535,4.8884638449902535
77230,77,Ichy,200023919,CC Gâtinais Val de Loing,CC,20,158,2.0,0.762,4.819612241539687,1.1704772586596384,4.6819090346385535,4.8884638449902535
77231,77,Isles-les-Meldeuses,247700065,CC du Pays de l'Ourcq,CC,22,780,1.45,0.271,4.819612241539687,1.1704772586596384,4.6819090346385535,4.8884638449902535
77232,77,Isles-lès-Villenoy,200072130,CA du Pays de Meaux,CA,26,1136,2.545,1.814,4.819612241539687,1.1704772586596384,4.6819090346385535,4.8884638449902535
77233,77,Iverny,200033090,CC Plaines et Monts de France,CC,20,610,2.68,2.0,4.819612241539687,1.1704772586596384,4.6819090346385535,4.8884638449902535
77234,77,Jablines,247700594,CA Marne et Gondoire,CA,20,665,1.791,1.433,4.819612241539687,1.1704772586596384,4.6819090346385535,4.8884638449902535
77235,77,Jaignes,247700065,CC du Pays de l'Ourcq,CC,22,320,1.999,0.28,4.819612241539687,1.1704772586596384,4.6819090346385535,4.8884638449902535
77236,77,Jaulnes,200040251,CC Bassée-Montois,CC,42,346,1.434,0.543,4.819612241539687,1.1704772586596384,4.6819090346385535,4.8884638449902535
77237,77,Jossigny,247700594,CA Marne et Gondoire,CA,20,639,2.974,2.15,4.819612241539687,1.1704772586596384,4.6819090346385535,4.8884638449902535
77238,77,Jouarre,200090504,CA Coulommiers Pays de Brie,CA,54,4262,2.483,0.775,4.819612241539687,1.1704772586596384,4.6819090346385535,4.8884638449902535
77239,77,Jouy-le-Châtel,200037133,CC du Provinois,CC,39,1581,1.549,0.937,4.819612241539687,1.1704772586596384,4.6819090346385535,4.8884638449902535
77240,77,Jouy-sur-Morin,200072544,CC des Deux Morin,CC,31,2221,1.404,0.906,4.819612241539687,1.1704772586596384,4.6819090346385535,4.8884638449902535
77241,77,Juilly,200055655,CA Roissy Pays de France,CA,42,2031,2.253,1.722,4.819612241539687,1.1704772586596384,4.6819090346385535,4.8884638449902535
77242,77,Jutigny,200040251,CC Bassée-Montois,CC,42,542,2.427,1.129,4.819612241539687,1.1704772586596384,4.6819090346385535,4.8884638449902535
77243,77,Lagny-sur-Marne,247700594,CA Marne et Gondoire,CA,20,21433,2.736,1.97,4.819612241539687,1.1704772586596384,4.6819090346385535,4.8884638449902535
77244,77,Larchant,200023240,CC Pays de Nemours,CC,21,729,2.048,1.165,4.819612241539687,1.1704772586596384,4.6819090346385535,4.8884638449902535
77245,77,Laval-en-Brie,247700107,CC Pays de Montereau,CC,21,394,2.234,0.949,4.819612241539687,1.1704772586596384,4.6819090346385535,4.8884638449902535
77246,77,Léchelle,200037133,CC du Provinois,CC,39,577,2.287,1.494,4.819612241539687,1.1704772586596384,4.6819090346385535,4.8884638449902535
77247,77,Lescherolles,200072544,CC des Deux Morin,CC,31,450,1.056,0.73,4.819612241539687,1.1704772586596384,4.6819090346385535,4.8884638449902535
77248,77,Lesches,247700594,CA Marne et Gondoire,CA,20,767,2.5,1.908,4.819612241539687,1.1704772586596384,4.6819090346385535,4.8884638449902535
77249,77,Lésigny,200023125,CC Les Portes Briardes Entre Villes et Forêts,CC,5,7015,2.799,1.949,4.819612241539687,1.1704772586596384,4.6819090346385535,4.8884638449902535
77250,77,Leudon-en-Brie,200072544,CC des Deux Morin,CC,31,167,1.704,1.094,4.819612241539687,1.1704772586596384,4.6819090346385535,4.8884638449902535
77251,77,Lieusaint,200059228,CA Grand Paris Sud Seine Essonne Sénart,CA,23,14096,2.584,1.75,4.819612241539687,1.1704772586596384,4.6819090346385535,4.8884638449902535
77252,77,Limoges-Fourches,247700057,CA Melun Val de Seine,CA,20,599,2.868,2.086,4.819612241539687,1.1704772586596384,4.6819090346385535,4.8884638449902535
77253,77,Lissy,247700057,CA Melun Val de Seine,CA,20,343,2.16,1.549,4.819612241539687,1.1704772586596384,4.6819090346385535,4.8884638449902535
77254,77,Liverdy-en-Brie,200072874,CC Val Briard,CC,21,1366,1.569,1.298,4.819612241539687,1.1704772586596384,4.6819090346385535,4.8884638449902535
77255,77,Livry-sur-Seine,247700057,CA Melun Val de Seine,CA,20,2224,1.395,0.931,4.819612241539687,1.1704772586596384,4.6819090346385535,4.8884638449902535
77256,77,Lizines,200040251,CC Bassée-Montois,CC,42,178,2.002,1.174,4.819612241539687,1.1704772586596384,4.6819090346385535,4.8884638449902535
77257,77,Lizy-sur-Ourcq,247700065,CC du Pays de l'Ourcq,CC,22,3575,1.902,0.191,4.819612241539687,1.1704772586596384,4.6819090346385535,4.8884638449902535
77258,77,Lognes,200057958,CA Paris - Vallée de la Marne,CA,12,14678,3.572,2.517,4.819612241539687,1.1704772586596384,4.6819090346385535,4.8884638449902535
77259,77,Longperrier,200055655,CA Roissy Pays de France,CA,42,2911,1.794,1.186,4.819612241539687,1.1704772586596384,4.6819090346385535,4.8884638449902535
77260,77,Longueville,200037133,CC du Provinois,CC,39,1802,2.152,1.039,4.819612241539687,1.1704772586596384,4.6819090346385535,4.8884638449902535
77261,77,Lorrez-le-Bocage-Préaux,200023919,CC Gâtinais Val de Loing,CC,20,1244,0.91,0.415,4.819612241539687,1.1704772586596384,4.6819090346385535,4.8884638449902535
77262,77,Louan-Villegruis-Fontaine,200037133,CC du Provinois,CC,39,492,0.575,0.536,4.819612241539687,1.1704772586596384,4.6819090346385535,4.8884638449902535
77263,77,Luisetaines,200040251,CC Bassée-Montois,CC,42,231,1.202,0.44,4.819612241539687,1.1704772586596384,4.6819090346385535,4.8884638449902535
77264,77,Lumigny-Nesles-Ormeaux,200072874,CC Val Briard,CC,21,1482,2.281,1.397,4.819612241539687,1.1704772586596384,4.6819090346385535,4.8884638449902535
77265,77,Luzancy,200090504,CA Coulommiers Pays de Brie,CA,54,1048,1.936,0.719,4.819612241539687,1.1704772586596384,4.6819090346385535,4.8884638449902535
77266,77,Machault,200070779,CC Brie des Rivières et Châteaux,CC,31,790,1.765,1.587,4.819612241539687,1.1704772586596384,4.6819090346385535,4.8884638449902535
77267,77,La Madeleine-sur-Loing,200023919,CC Gâtinais Val de Loing,CC,20,351,2.307,1.024,4.819612241539687,1.1704772586596384,4.6819090346385535,4.8884638449902535
77268,77,Magny-le-Hongre,247700339,CA Val d'Europe Agglomération,CA,10,9058,1.818,1.295,4.819612241539687,1.1704772586596384,4.6819090346385535,4.8884638449902535
77269,77,Maincy,247700057,CA Melun Val de Seine,CA,20,1833,1.51,0.997,4.819612241539687,1.1704772586596384,4.6819090346385535,4.8884638449902535
77270,77,Maisoncelles-en-Brie,200090504,CA Coulommiers Pays de Brie,CA,54,967,1.943,1.2,4.819612241539687,1.1704772586596384,4.6819090346385535,4.8884638449902535
77271,77,Maisoncelles-en-Gâtinais,200023919,CC Gâtinais Val de Loing,CC,20,139,1.814,0.627,4.819612241539687,1.1704772586596384,4.6819090346385535,4.8884638449902535
77272,77,Maison-Rouge,200037133,CC du Provinois,CC,39,853,2.719,1.606,4.819612241539687,1.1704772586596384,4.6819090346385535,4.8884638449902535
77273,77,Marchémoret,200033090,CC Plaines et Monts de France,CC,20,614,2.801,1.865,4.819612241539687,1.1704772586596384,4.6819090346385535,4.8884638449902535
77274,77,Marcilly,247700065,CC du Pays de l'Ourcq,CC,22,463,2.716,1.442,4.819612241539687,1.1704772586596384,4.6819090346385535,4.8884638449902535
77275,77,Les Marêts,200037133,CC du Provinois,CC,39,154,1.193,0.647,4.819612241539687,1.1704772586596384,4.6819090346385535,4.8884638449902535
77276,77,Mareuil-lès-Meaux,200072130,CA du Pays de Meaux,CA,26,3313,2.63,1.809,4.819612241539687,1.1704772586596384,4.6819090346385535,4.8884638449902535
77277,77,Marles-en-Brie,200072874,CC Val Briard,CC,21,1889,2.039,1.46,4.819612241539687,1.1704772586596384,4.6819090346385535,4.8884638449902535
77278,77,Marolles-en-Brie,200090504,CA Coulommiers Pays de Brie,CA,54,413,2.593,1.364,4.819612241539687,1.1704772586596384,4.6819090346385535,4.8884638449902535
77279,77,Marolles-sur-Seine,247700107,CC Pays de Montereau,CC,21,1793,2.33,1.076,4.819612241539687,1.1704772586596384,4.6819090346385535,4.8884638449902535
77280,77,Mary-sur-Marne,247700065,CC du Pays de l'Ourcq,CC,22,1135,1.839,0.237,4.819612241539687,1.1704772586596384,4.6819090346385535,4.8884638449902535
77281,77,Mauperthuis,200090504,CA Coulommiers Pays de Brie,CA,54,487,2.692,1.479,4.819612241539687,1.1704772586596384,4.6819090346385535,4.8884638449902535
77282,77,Mauregard,200055655,CA Roissy Pays de France,CA,42,351,2.697,1.826,4.819612241539687,1.1704772586596384,4.6819090346385535,4.8884638449902535
77283,77,May-en-Multien,247700065,CC du Pays de l'Ourcq,CC,22,884,1.545,0.038,4.819612241539687,1.1704772586596384,4.6819090346385535,4.8884638449902535
77284,77,Meaux,200072130,CA du Pays de Meaux,CA,26,56659,2.743,1.788,4.819612241539687,1.1704772586596384,4.6819090346385535,4.8884638449902535
77285,77,Le Mée-sur-Seine,247700057,CA Melun Val de Seine,CA,20,19527,1.526,1.078,4.819612241539687,1.1704772586596384,4.6819090346385535,4.8884638449902535
77286,77,Meigneux,200040251,CC Bassée-Montois,CC,42,234,1.215,0.74,4.819612241539687,1.1704772586596384,4.6819090346385535,4.8884638449902535
77287,77,Meilleray,200072544,CC des Deux Morin,CC,31,505,1.748,1.267,4.819612241539687,1.1704772586596384,4.6819090346385535,4.8884638449902535
77288,77,Melun,247700057,CA Melun Val de Seine,CA,20,43685,2.183,1.339,4.819612241539687,1.1704772586596384,4.6819090346385535,4.8884638449902535
77289,77,Melz-sur-Seine,200037133,CC du Provinois,CC,39,346,3.188,2.48,4.819612241539687,1.1704772586596384,4.6819090346385535,4.8884638449902535
77290,77,Méry-sur-Marne,200090504,CA Coulommiers Pays de Brie,CA,54,683,1.853,0.728,4.819612241539687,1.1704772586596384,4.6819090346385535,4.8884638449902535
77291,77,Le Mesnil-Amelot,200055655,CA Roissy Pays de France,CA,42,992,2.641,1.78,4.819612241539687,1.1704772586596384,4.6819090346385535,4.8884638449902535
77292,77,Messy,200033090,CC Plaines et Monts de France,CC,20,1204,2.143,1.683,4.819612241539687,1.1704772586596384,4.6819090346385535,4.8884638449902535
77293,77,Misy-sur-Yonne,247700107,CC Pays de Montereau,CC,21,857,1.916,0.632,4.819612241539687,1.1704772586596384,4.6819090346385535,4.8884638449902535
77294,77,Mitry-Mory,200055655,CA Roissy Pays de France,CA,42,20393,2.8,2.102,4.819612241539687,1.1704772586596384,4.6819090346385535,4.8884638449902535
77295,77,Moisenay,200070779,CC Brie des Rivières et Châteaux,CC,31,1363,1.97,1.382,4.819612241539687,1.1704772586596384,4.6819090346385535,4.8884638449902535
77296,77,Moissy-Cramayel,200059228,CA Grand Paris Sud Seine Essonne Sénart,CA,23,18498,2.226,1.533,4.819612241539687,1.1704772586596384,4.6819090346385535,4.8884638449902535
77297,77,Mondreville,200023919,CC Gâtinais Val de Loing,CC,20,330,1.64,0.316,4.819612241539687,1.1704772586596384,4.6819090346385535,4.8884638449902535
77298,77,Mons-en-Montois,200040251,CC Bassée-Montois,CC,42,445,1.135,0.562,4.819612241539687,1.1704772586596384,4.6819090346385535,4.8884638449902535
77300,77,Montceaux-lès-Meaux,200072130,CA du Pays de Meaux,CA,26,646,2.053,0.892,4.819612241539687,1.1704772586596384,4.6819090346385535,4.8884638449902535
77301,77,Montceaux-lès-Provins,200037133,CC du Provinois,CC,39,321,0.146,0.064,4.819612241539687,1.1704772586596384,4.6819090346385535,4.8884638449902535
77302,77,Moncourt-Fromonville,200023240,CC Pays de Nemours,CC,21,1908,3.664,2.15,4.819612241539687,1.1704772586596384,4.6819090346385535,4.8884638449902535
77303,77,Montdauphin,200072544,CC des Deux Morin,CC,31,237,2.996,2.035,4.819612241539687,1.1704772586596384,4.6819090346385535,4.8884638449902535
77304,77,Montenils,200072544,CC des Deux Morin,CC,31,30,4.116,2.802,4.819612241539687,1.1704772586596384,4.6819090346385535,4.8884638449902535
77305,77,Montereau-Fault-Yonne,247700107,CC Pays de Montereau,CC,21,21840,2.835,1.277,4.819612241539687,1.1704772586596384,4.6819090346385535,4.8884638449902535
77306,77,Montereau-sur-le-Jard,247700057,CA Melun Val de Seine,CA,20,498,2.264,1.549,4.819612241539687,1.1704772586596384,4.6819090346385535,4.8884638449902535
77307,77,Montévrain,247700594,CA Marne et Gondoire,CA,20,14847,2.202,1.622,4.819612241539687,1.1704772586596384,4.6819090346385535,4.8884638449902535
77308,77,Montgé-en-Goële,200033090,CC Plaines et Monts de France,CC,20,724,2.608,1.921,4.819612241539687,1.1704772586596384,4.6819090346385535,4.8884638449902535
77309,77,Monthyon,200072130,CA du Pays de Meaux,CA,26,1747,2.796,1.849,4.819612241539687,1.1704772586596384,4.6819090346385535,4.8884638449902535
77310,77,Montigny-le-Guesdier,200040251,CC Bassée-Montois,CC,42,302,1.15,0.272,4.819612241539687,1.1704772586596384,4.6819090346385535,4.8884638449902535
77311,77,Montigny-Lencoup,200040251,CC Bassée-Montois,CC,42,1362,1.611,0.573,4.819612241539687,1.1704772586596384,4.6819090346385535,4.8884638449902535
77312,77,Montigny-sur-Loing,247700032,CC Moret Seine et Loing,CC,18,2634,2.731,1.598,4.819612241539687,1.1704772586596384,4.6819090346385535,4.8884638449902535
77313,77,Montmachoux,247700107,CC Pays de Montereau,CC,21,228,1.913,0.867,4.819612241539687,1.1704772586596384,4.6819090346385535,4.8884638449902535
77314,77,Montolivet,200072544,CC des Deux Morin,CC,31,251,2.996,2.035,4.819612241539687,1.1704772586596384,4.6819090346385535,4.8884638449902535
77315,77,Montry,247700339,CA Val d'Europe Agglomération,CA,10,3872,1.527,1.128,4.819612241539687,1.1704772586596384,4.6819090346385535,4.8884638449902535
77316,77,Moret-Loing-et-Orvanne,247700032,CC Moret Seine et Loing,CC,18,12576,3.064,1.763,4.819612241539687,1.1704772586596384,4.6819090346385535,4.8884638449902535
77317,77,Mormant,247700701,CC Brie Nangissienne,CC,20,5280,1.755,1.265,4.819612241539687,1.1704772586596384,4.6819090346385535,4.8884638449902535
77318,77,Mortcerf,200072874,CC Val Briard,CC,21,1405,1.693,1.083,4.819612241539687,1.1704772586596384,4.6819090346385535,4.8884638449902535
77319,77,Mortery,200037133,CC du Provinois,CC,39,139,1.996,1.068,4.819612241539687,1.1704772586596384,4.6819090346385535,4.8884638449902535
77320,77,Mouroux,200090504,CA Coulommiers Pays de Brie,CA,54,5869,2.566,1.448,4.819612241539687,1.1704772586596384,4.6819090346385535,4.8884638449902535
77321,77,Mousseaux-lès-Bray,200040251,CC Bassée-Montois,CC,42,672,1.335,0.401,4.819612241539687,1.1704772586596384,4.6819090346385535,4.8884638449902535
77322,77,Moussy-le-Neuf,200055655,CA Roissy Pays de France,CA,42,3255,1.43,0.988,4.819612241539687,1.1704772586596384,4.6819090346385535,4.8884638449902535
77323,77,Moussy-le-Vieux,200055655,CA Roissy Pays de France,CA,42,1475,1.472,0.93,4.819612241539687,1.1704772586596384,4.6819090346385535,4.8884638449902535
77325,77,Mouy-sur-Seine,200040251,CC Bassée-Montois,CC,42,357,1.368,0.53,4.819612241539687,1.1704772586596384,4.6819090346385535,4.8884638449902535
77326,77,Nandy,200059228,CA Grand Paris Sud Seine Essonne Sénart,CA,23,6322,2.017,1.41,4.819612241539687,1.1704772586596384,4.6819090346385535,4.8884638449902535
77327,77,Nangis,247700701,CC Brie Nangissienne,CC,20,8883,1.507,0.956,4.819612241539687,1.1704772586596384,4.6819090346385535,4.8884638449902535
77328,77,Nanteau-sur-Essonne,200023240,CC Pays de Nemours,CC,21,410,2.064,0.524,4.819612241539687,1.1704772586596384,4.6819090346385535,4.8884638449902535
77329,77,Nanteau-sur-Lunain,247700032,CC Moret Seine et Loing,CC,18,697,1.487,0.739,4.819612241539687,1.1704772586596384,4.6819090346385535,4.8884638449902535
77330,77,Nanteuil-lès-Meaux,200072130,CA du Pays de Meaux,CA,26,7054,2.448,1.624,4.819612241539687,1.1704772586596384,4.6819090346385535,4.8884638449902535
77331,77,Nanteuil-sur-Marne,200090504,CA Coulommiers Pays de Brie,CA,54,413,1.916,0.728,4.819612241539687,1.1704772586596384,4.6819090346385535,4.8884638449902535
77332,77,Nantouillet,200033090,CC Plaines et Monts de France,CC,20,303,2.332,1.817,4.819612241539687,1.1704772586596384,4.6819090346385535,4.8884638449902535
77333,77,Nemours,200023240,CC Pays de Nemours,CC,21,13118,2.647,1.479,4.819612241539687,1.1704772586596384,4.6819090346385535,4.8884638449902535
77335,77,Chauconin-Neufmontiers,200072130,CA du Pays de Meaux,CA,26,3726,3.136,2.343,4.819612241539687,1.1704772586596384,4.6819090346385535,4.8884638449902535
77336,77,Neufmoutiers-en-Brie,200072874,CC Val Briard,CC,21,1277,1.579,1.204,4.819612241539687,1.1704772586596384,4.6819090346385535,4.8884638449902535
77337,77,Noisiel,200057958,CA Paris - Vallée de la Marne,CA,12,15927,2.934,2.051,4.819612241539687,1.1704772586596384,4.6819090346385535,4.8884638449902535
77338,77,Noisy-Rudignon,247700107,CC Pays de Montereau,CC,21,592,2.634,1.157,4.819612241539687,1.1704772586596384,4.6819090346385535,4.8884638449902535
77339,77,Noisy-sur-École,200072346,CA du Pays de Fontainebleau,CA,26,1822,1.741,0.921,4.819612241539687,1.1704772586596384,4.6819090346385535,4.8884638449902535
77340,77,Nonville,247700032,CC Moret Seine et Loing,CC,18,596,2.348,1.321,4.819612241539687,1.1704772586596384,4.6819090346385535,4.8884638449902535
77341,77,Noyen-sur-Seine,200040251,CC Bassée-Montois,CC,42,376,2.592,1.411,4.819612241539687,1.1704772586596384,4.6819090346385535,4.8884638449902535
77342,77,Obsonville,200023919,CC Gâtinais Val de Loing,CC,20,120,1.944,0.774,4.819612241539687,1.1704772586596384,4.6819090346385535,4.8884638449902535
77343,77,Ocquerre,247700065,CC du Pays de l'Ourcq,CC,22,376,1.84,0.172,4.819612241539687,1.1704772586596384,4.6819090346385535,4.8884638449902535
77344,77,Oissery,200033090,CC Plaines et Monts de France,CC,20,2488,2.035,1.071,4.819612241539687,1.1704772586596384,4.6819090346385535,4.8884638449902535
77345,77,Orly-sur-Morin,200072544,CC des Deux Morin,CC,31,660,1.317,0.547,4.819612241539687,1.1704772586596384,4.6819090346385535,4.8884638449902535
77347,77,Les Ormes-sur-Voulzie,200040251,CC Bassée-Montois,CC,42,862,1.521,0.66,4.819612241539687,1.1704772586596384,4.6819090346385535,4.8884638449902535
77348,77,Ormesson,200023240,CC Pays de Nemours,CC,21,244,2.839,1.477,4.819612241539687,1.1704772586596384,4.6819090346385535,4.8884638449902535
77349,77,Othis,200055655,CA Roissy Pays de France,CA,42,6741,1.826,1.254,4.819612241539687,1.1704772586596384,4.6819090346385535,4.8884638449902535
77350,77,Ozoir-la-Ferrière,200023125,CC Les Portes Briardes Entre Villes et Forêts,CC,5,20969,2.598,1.847,4.819612241539687,1.1704772586596384,4.6819090346385535,4.8884638449902535
77352,77,Ozouer-le-Voulgis,200070779,CC Brie des Rivières et Châteaux,CC,31,2002,1.453,1.171,4.819612241539687,1.1704772586596384,4.6819090346385535,4.8884638449902535
77353,77,Paley,247700032,CC Moret Seine et Loing,CC,18,481,1.456,0.656,4.819612241539687,1.1704772586596384,4.6819090346385535,4.8884638449902535
77354,77,Pamfou,200070779,CC Brie des Rivières et Châteaux,CC,31,966,2.232,1.55,4.819612241539687,1.1704772586596384,4.6819090346385535,4.8884638449902535
77355,77,Paroy,200040251,CC Bassée-Montois,CC,42,184,1.989,0.849,4.819612241539687,1.1704772586596384,4.6819090346385535,4.8884638449902535
77356,77,Passy-sur-Seine,200040251,CC Bassée-Montois,CC,42,46,1.866,1.001,4.819612241539687,1.1704772586596384,4.6819090346385535,4.8884638449902535
77357,77,Pécy,200072874,CC Val Briard,CC,21,844,1.717,1.142,4.819612241539687,1.1704772586596384,4.6819090346385535,4.8884638449902535
77358,77,Penchard,200072130,CA du Pays de Meaux,CA,26,1357,3.065,2.09,4.819612241539687,1.1704772586596384,4.6819090346385535,4.8884638449902535
77359,77,Perthes,200072346,CA du Pays de Fontainebleau,CA,26,2074,2.338,1.424,4.819612241539687,1.1704772586596384,4.6819090346385535,4.8884638449902535
77360,77,Pézarches,200090504,CA Coulommiers Pays de Brie,CA,54,404,2.539,1.555,4.819612241539687,1.1704772586596384,4.6819090346385535,4.8884638449902535
77361,77,Pierre-Levée,200090504,CA Coulommiers Pays de Brie,CA,54,474,2.212,0.935,4.819612241539687,1.1704772586596384,4.6819090346385535,4.8884638449902535
77363,77,Le Pin,200033090,CC Plaines et Monts de France,CC,20,1528,4.248,3.035,4.819612241539687,1.1704772586596384,4.6819090346385535,4.8884638449902535
77364,77,Le Plessis-aux-Bois,200033090,CC Plaines et Monts de France,CC,20,255,2.321,1.869,4.819612241539687,1.1704772586596384,4.6819090346385535,4.8884638449902535
77365,77,Le Plessis-Feu-Aussoux,200072874,CC Val Briard,CC,21,606,1.677,0.997,4.819612241539687,1.1704772586596384,4.6819090346385535,4.8884638449902535
77366,77,Le Plessis-l'Évêque,200033090,CC Plaines et Monts de France,CC,20,291,2.875,2.16,4.819612241539687,1.1704772586596384,4.6819090346385535,4.8884638449902535
77367,77,Le Plessis-Placy,247700065,CC du Pays de l'Ourcq,CC,22,296,1.69,0.388,4.819612241539687,1.1704772586596384,4.6819090346385535,4.8884638449902535
77368,77,Poigny,200037133,CC du Provinois,CC,39,505,2.482,1.301,4.819612241539687,1.1704772586596384,4.6819090346385535,4.8884638449902535
77369,77,Poincy,200072130,CA du Pays de Meaux,CA,26,776,2.886,1.818,4.819612241539687,1.1704772586596384,4.6819090346385535,4.8884638449902535
77370,77,Poligny,200023919,CC Gâtinais Val de Loing,CC,20,802,2.16,1.059,4.819612241539687,1.1704772586596384,4.6819090346385535,4.8884638449902535
77371,77,Pommeuse,200090504,CA Coulommiers Pays de Brie,CA,54,3039,2.335,1.352,4.819612241539687,1.1704772586596384,4.6819090346385535,4.8884638449902535
77372,77,Pomponne,247700594,CA Marne et Gondoire,CA,20,4149,3.309,2.396,4.819612241539687,1.1704772586596384,4.6819090346385535,4.8884638449902535
77373,77,Pontault-Combault,200057958,CA Paris - Vallée de la Marne,CA,12,38941,2.822,1.965,4.819612241539687,1.1704772586596384,4.6819090346385535,4.8884638449902535
77374,77,Pontcarré,247700594,CA Marne et Gondoire,CA,20,2149,3.244,2.279,4.819612241539687,1.1704772586596384,4.6819090346385535,4.8884638449902535
77376,77,Précy-sur-Marne,200033090,CC Plaines et Monts de France,CC,20,760,1.832,1.44,4.819612241539687,1.1704772586596384,4.6819090346385535,4.8884638449902535
77377,77,Presles-en-Brie,200072874,CC Val Briard,CC,21,2342,2.025,1.55,4.819612241539687,1.1704772586596384,4.6819090346385535,4.8884638449902535
77378,77,Pringy,247700057,CA Melun Val de Seine,CA,20,3861,1.99,1.303,4.819612241539687,1.1704772586596384,4.6819090346385535,4.8884638449902535
77379,77,Provins,200037133,CC du Provinois,CC,39,11824,2.421,1.245,4.819612241539687,1.1704772586596384,4.6819090346385535,4.8884638449902535
77380,77,Puisieux,247700065,CC du Pays de l'Ourcq,CC,22,319,1.764,0.648,4.819612241539687,1.1704772586596384,4.6819090346385535,4.8884638449902535
77381,77,Quiers,247700701,CC Brie Nangissienne,CC,20,652,2.032,1.372,4.819612241539687,1.1704772586596384,4.6819090346385535,4.8884638449902535
77382,77,Quincy-Voisins,200072130,CA du Pays de Meaux,CA,26,5506,3.039,2.103,4.819612241539687,1.1704772586596384,4.6819090346385535,4.8884638449902535
77383,77,Rampillon,247700701,CC Brie Nangissienne,CC,20,833,1.456,0.983,4.819612241539687,1.1704772586596384,4.6819090346385535,4.8884638449902535
77384,77,Réau,200059228,CA Grand Paris Sud Seine Essonne Sénart,CA,23,2045,4.262,2.939,4.819612241539687,1.1704772586596384,4.6819090346385535,4.8884638449902535
77385,77,Rebais,200072544,CC des Deux Morin,CC,31,2291,1.533,0.922,4.819612241539687,1.1704772586596384,4.6819090346385535,4.8884638449902535
77386,77,Recloses,200072346,CA du Pays de Fontainebleau,CA,26,624,2.866,1.776,4.819612241539687,1.1704772586596384,4.6819090346385535,4.8884638449902535
77387,77,Remauville,247700032,CC Moret Seine et Loing,CC,18,471,1.551,0.643,4.819612241539687,1.1704772586596384,4.6819090346385535,4.8884638449902535
77388,77,Reuil-en-Brie,200090504,CA Coulommiers Pays de Brie,CA,54,808,2.156,0.574,4.819612241539687,1.1704772586596384,4.6819090346385535,4.8884638449902535
77389,77,La Rochette,247700057,CA Melun Val de Seine,CA,20,3919,1.86,1.097,4.819612241539687,1.1704772586596384,4.6819090346385535,4.8884638449902535
77390,77,Roissy-en-Brie,200057958,CA Paris - Vallée de la Marne,CA,12,23521,2.227,1.519,4.819612241539687,1.1704772586596384,4.6819090346385535,4.8884638449902535
77391,77,Rouilly,200037133,CC du Provinois,CC,39,495,2.265,1.18,4.819612241539687,1.1704772586596384,4.6819090346385535,4.8884638449902535
77392,77,Rouvres,200055655,CA Roissy Pays de France,CA,42,1021,2.804,1.997,4.819612241539687,1.1704772586596384,4.6819090346385535,4.8884638449902535
77393,77,Rozay-en-Brie,200072874,CC Val Briard,CC,21,2840,2.69,1.839,4.819612241539687,1.1704772586596384,4.6819090346385535,4.8884638449902535
77394,77,Rubelles,247700057,CA Melun Val de Seine,CA,20,3450,2.198,1.531,4.819612241539687,1.1704772586596384,4.6819090346385535,4.8884638449902535
77395,77,Rumont,200023240,CC Pays de Nemours,CC,21,126,2.074,0.412,4.819612241539687,1.1704772586596384,4.6819090346385535,4.8884638449902535
77396,77,Rupéreux,200037133,CC du Provinois,CC,39,102,1.478,0.771,4.819612241539687,1.1704772586596384,4.6819090346385535,4.8884638449902535
77397,77,Saâcy-sur-Marne,200090504,CA Coulommiers Pays de Brie,CA,54,1869,1.853,0.728,4.819612241539687,1.1704772586596384,4.6819090346385535,4.8884638449902535
77398,77,Sablonnières,200072544,CC des Deux Morin,CC,31,768,0.985,0.668,4.819612241539687,1.1704772586596384,4.6819090346385535,4.8884638449902535
77400,77,Saint-Augustin,200090504,CA Coulommiers Pays de Brie,CA,54,1865,2.922,1.595,4.819612241539687,1.1704772586596384,4.6819090346385535,4.8884638449902535
77401,77,Sainte-Aulde,200090504,CA Coulommiers Pays de Brie,CA,54,692,2.158,0.679,4.819612241539687,1.1704772586596384,4.6819090346385535,4.8884638449902535
77402,77,Saint-Barthélemy,200072544,CC des Deux Morin,CC,31,340,2.234,1.598,4.819612241539687,1.1704772586596384,4.6819090346385535,4.8884638449902535
77403,77,Saint-Brice,200037133,CC du Provinois,CC,39,812,2.13,1.043,4.819612241539687,1.1704772586596384,4.6819090346385535,4.8884638449902535
77404,77,Sainte-Colombe,200037133,CC du Provinois,CC,39,1778,2.566,1.301,4.819612241539687,1.1704772586596384,4.6819090346385535,4.8884638449902535
77405,77,Saint-Cyr-sur-Morin,200072544,CC des Deux Morin,CC,31,1943,1.581,0.451,4.819612241539687,1.1704772586596384,4.6819090346385535,4.8884638449902535
77406,77,Saint-Denis-lès-Rebais,200072544,CC des Deux Morin,CC,31,989,1.533,0.922,4.819612241539687,1.1704772586596384,4.6819090346385535,4.8884638449902535
77407,77,Saint-Fargeau-Ponthierry,247700057,CA Melun Val de Seine,CA,20,15117,2.255,1.467,4.819612241539687,1.1704772586596384,4.6819090346385535,4.8884638449902535
77408,77,Saint-Fiacre,200072130,CA du Pays de Meaux,CA,26,490,2.419,1.326,4.819612241539687,1.1704772586596384,4.6819090346385535,4.8884638449902535
77409,77,Saint-Germain-Laval,247700107,CC Pays de Montereau,CC,21,2887,2.167,0.83,4.819612241539687,1.1704772586596384,4.6819090346385535,4.8884638449902535
77410,77,Saint-Germain-Laxis,247700057,CA Melun Val de Seine,CA,20,737,2.524,1.714,4.819612241539687,1.1704772586596384,4.6819090346385535,4.8884638449902535
77411,77,Saint-Germain-sous-Doue,200072544,CC des Deux Morin,CC,31,553,1.843,0.846,4.819612241539687,1.1704772586596384,4.6819090346385535,4.8884638449902535
77412,77,Saint-Germain-sur-École,200072346,CA du Pays de Fontainebleau,CA,26,371,2.338,1.479,4.819612241539687,1.1704772586596384,4.6819090346385535,4.8884638449902535
77413,77,Saint-Germain-sur-Morin,247700339,CA Val d'Europe Agglomération,CA,10,3892,2.436,1.683,4.819612241539687,1.1704772586596384,4.6819090346385535,4.8884638449902535
77414,77,Saint-Hilliers,200037133,CC du Provinois,CC,39,479,2.16,1.141,4.819612241539687,1.1704772586596384,4.6819090346385535,4.8884638449902535
77415,77,Saint-Jean-les-Deux-Jumeaux,200090504,CA Coulommiers Pays de Brie,CA,54,1294,2.29,0.732,4.819612241539687,1.1704772586596384,4.6819090346385535,4.8884638449902535
77416,77,Saint-Just-en-Brie,247700701,CC Brie Nangissienne,CC,20,264,1.359,0.965,4.819612241539687,1.1704772586596384,4.6819090346385535,4.8884638449902535
77417,77,Saint-Léger,200072544,CC des Deux Morin,CC,31,244,0.999,0.688,4.819612241539687,1.1704772586596384,4.6819090346385535,4.8884638449902535
77418,77,Saint-Loup-de-Naud,200037133,CC du Provinois,CC,39,859,2.496,1.38,4.819612241539687,1.1704772586596384,4.6819090346385535,4.8884638449902535
77419,77,Saint-Mammès,247700032,CC Moret Seine et Loing,CC,18,3232,2.358,1.731,4.819612241539687,1.1704772586596384,4.6819090346385535,4.8884638449902535
77420,77,Saint-Mard,200055655,CA Roissy Pays de France,CA,42,3853,2.816,1.93,4.819612241539687,1.1704772586596384,4.6819090346385535,4.8884638449902535
77421,77,Saint-Mars-Vieux-Maisons,200072544,CC des Deux Morin,CC,31,248,1.137,0.794,4.819612241539687,1.1704772586596384,4.6819090346385535,4.8884638449902535
77423,77,Saint-Martin-des-Champs,200072544,CC des Deux Morin,CC,31,660,1.114,0.788,4.819612241539687,1.1704772586596384,4.6819090346385535,4.8884638449902535
77424,77,Saint-Martin-du-Boschet,200037133,CC du Provinois,CC,39,264,0.389,0.388,4.819612241539687,1.1704772586596384,4.6819090346385535,4.8884638449902535
77425,77,Saint-Martin-en-Bière,200072346,CA du Pays de Fontainebleau,CA,26,746,1.873,1.196,4.819612241539687,1.1704772586596384,4.6819090346385535,4.8884638449902535
77426,77,Saint-Méry,200070779,CC Brie des Rivières et Châteaux,CC,31,333,1.155,0.692,4.819612241539687,1.1704772586596384,4.6819090346385535,4.8884638449902535
77427,77,Saint-Mesmes,200033090,CC Plaines et Monts de France,CC,20,596,2.11,1.67,4.819612241539687,1.1704772586596384,4.6819090346385535,4.8884638449902535
77428,77,Saint-Ouen-en-Brie,247700701,CC Brie Nangissienne,CC,20,833,1.462,0.943,4.819612241539687,1.1704772586596384,4.6819090346385535,4.8884638449902535
77429,77,Saint-Ouen-sur-Morin,200072544,CC des Deux Morin,CC,31,526,1.488,0.451,4.819612241539687,1.1704772586596384,4.6819090346385535,4.8884638449902535
77430,77,Saint-Pathus,200033090,CC Plaines et Monts de France,CC,20,6478,1.939,1.096,4.819612241539687,1.1704772586596384,4.6819090346385535,4.8884638449902535
77431,77,Saint-Pierre-lès-Nemours,200023240,CC Pays de Nemours,CC,21,5424,2.474,1.397,4.819612241539687,1.1704772586596384,4.6819090346385535,4.8884638449902535
77432,77,Saint-Rémy-de-la-Vanne,200072544,CC des Deux Morin,CC,31,976,2.082,1.276,4.819612241539687,1.1704772586596384,4.6819090346385535,4.8884638449902535
77433,77,Beautheil-Saints,200090504,CA Coulommiers Pays de Brie,CA,54,2064,2.346,1.204,4.819612241539687,1.1704772586596384,4.6819090346385535,4.8884638449902535
77434,77,Saint-Sauveur-lès-Bray,200040251,CC Bassée-Montois,CC,42,355,1.368,0.53,4.819612241539687,1.1704772586596384,4.6819090346385535,4.8884638449902535
77435,77,Saint-Sauveur-sur-École,200072346,CA du Pays de Fontainebleau,CA,26,1120,1.88,1.166,4.819612241539687,1.1704772586596384,4.6819090346385535,4.8884638449902535
77436,77,Saint-Siméon,200072544,CC des Deux Morin,CC,31,895,2.439,1.424,4.819612241539687,1.1704772586596384,4.6819090346385535,4.8884638449902535
77437,77,Saint-Soupplets,200072130,CA du Pays de Meaux,CA,26,3586,2.143,1.373,4.819612241539687,1.1704772586596384,4.6819090346385535,4.8884638449902535
77438,77,Saint-Thibault-des-Vignes,247700594,CA Marne et Gondoire,CA,20,6793,4.076,2.934,4.819612241539687,1.1704772586596384,4.6819090346385535,4.8884638449902535
77439,77,Salins,247700107,CC Pays de Montereau,CC,21,1171,2.142,0.723,4.819612241539687,1.1704772586596384,4.6819090346385535,4.8884638449902535
77440,77,Sammeron,200090504,CA Coulommiers Pays de Brie,CA,54,1160,2.495,0.664,4.819612241539687,1.1704772586596384,4.6819090346385535,4.8884638449902535
77441,77,Samois-sur-Seine,200072346,CA du Pays de Fontainebleau,CA,26,2066,2.989,2.121,4.819612241539687,1.1704772586596384,4.6819090346385535,4.8884638449902535
77442,77,Samoreau,200072346,CA du Pays de Fontainebleau,CA,26,2409,3.182,2.386,4.819612241539687,1.1704772586596384,4.6819090346385535,4.8884638449902535
77443,77,Sancy,200090504,CA Coulommiers Pays de Brie,CA,54,390,2.182,1.441,4.819612241539687,1.1704772586596384,4.6819090346385535,4.8884638449902535
77444,77,Sancy-lès-Provins,200037133,CC du Provinois,CC,39,338,0.456,0.294,4.819612241539687,1.1704772586596384,4.6819090346385535,4.8884638449902535
77445,77,Savigny-le-Temple,200059228,CA Grand Paris Sud Seine Essonne Sénart,CA,23,30630,1.954,1.35,4.819612241539687,1.1704772586596384,4.6819090346385535,4.8884638449902535
77446,77,Savins,200040251,CC Bassée-Montois,CC,42,604,1.888,0.922,4.819612241539687,1.1704772586596384,4.6819090346385535,4.8884638449902535
77447,77,Seine-Port,247700057,CA Melun Val de Seine,CA,20,1824,2.245,1.521,4.819612241539687,1.1704772586596384,4.6819090346385535,4.8884638449902535
77448,77,Sept-Sorts,200090504,CA Coulommiers Pays de Brie,CA,54,597,2.646,0.694,4.819612241539687,1.1704772586596384,4.6819090346385535,4.8884638449902535
77449,77,Serris,247700339,CA Val d'Europe Agglomération,CA,10,9988,2.845,2.014,4.819612241539687,1.1704772586596384,4.6819090346385535,4.8884638449902535
77450,77,Servon,247700644,CC l'Orée de la Brie,CC,4,3430,3.922,2.686,4.819612241539687,1.1704772586596384,4.6819090346385535,4.8884638449902535
77451,77,Signy-Signets,200090504,CA Coulommiers Pays de Brie,CA,54,620,2.845,0.853,4.819612241539687,1.1704772586596384,4.6819090346385535,4.8884638449902535
77452,77,Sigy,200040251,CC Bassée-Montois,CC,42,70,1.202,0.44,4.819612241539687,1.1704772586596384,4.6819090346385535,4.8884638449902535
77453,77,Sivry-Courtry,200070779,CC Brie des Rivières et Châteaux,CC,31,1108,1.911,1.395,4.819612241539687,1.1704772586596384,4.6819090346385535,4.8884638449902535
77454,77,Sognolles-en-Montois,200040251,CC Bassée-Montois,CC,42,365,1.838,0.971,4.819612241539687,1.1704772586596384,4.6819090346385535,4.8884638449902535
77455,77,Soignolles-en-Brie,200070779,CC Brie des Rivières et Châteaux,CC,31,2024,1.588,1.158,4.819612241539687,1.1704772586596384,4.6819090346385535,4.8884638449902535
77456,77,Soisy-Bouy,200037133,CC du Provinois,CC,39,844,2.192,1.039,4.819612241539687,1.1704772586596384,4.6819090346385535,4.8884638449902535
77457,77,Solers,200070779,CC Brie des Rivières et Châteaux,CC,31,1284,1.273,1.077,4.819612241539687,1.1704772586596384,4.6819090346385535,4.8884638449902535
77458,77,Souppes-sur-Loing,200023919,CC Gâtinais Val de Loing,CC,20,4974,1.847,0.693,4.819612241539687,1.1704772586596384,4.6819090346385535,4.8884638449902535
77459,77,Sourdun,200037133,CC du Provinois,CC,39,1515,3.191,1.85,4.819612241539687,1.1704772586596384,4.6819090346385535,4.8884638449902535
77460,77,Tancrou,247700065,CC du Pays de l'Ourcq,CC,22,330,1.907,0.28,4.819612241539687,1.1704772586596384,4.6819090346385535,4.8884638449902535
77461,77,Thénisy,200040251,CC Bassée-Montois,CC,42,305,1.47,0.708,4.819612241539687,1.1704772586596384,4.6819090346385535,4.8884638449902535
77462,77,Thieux,200055655,CA Roissy Pays de France,CA,42,905,2.416,1.798,4.819612241539687,1.1704772586596384,4.6819090346385535,4.8884638449902535
77463,77,Thomery,247700032,CC Moret Seine et Loing,CC,18,3417,3.601,2.5,4.819612241539687,1.1704772586596384,4.6819090346385535,4.8884638449902535
77464,77,Thorigny-sur-Marne,247700594,CA Marne et Gondoire,CA,20,10405,1.704,1.322,4.819612241539687,1.1704772586596384,4.6819090346385535,4.8884638449902535
77465,77,Thoury-Férottes,247700107,CC Pays de Montereau,CC,21,653,1.928,0.928,4.819612241539687,1.1704772586596384,4.6819090346385535,4.8884638449902535
77466,77,Tigeaux,200090504,CA Coulommiers Pays de Brie,CA,54,399,1.696,1.161,4.819612241539687,1.1704772586596384,4.6819090346385535,4.8884638449902535
77467,77,La Tombe,200040251,CC Bassée-Montois,CC,42,201,1.765,0.689,4.819612241539687,1.1704772586596384,4.6819090346385535,4.8884638449902535
77468,77,Torcy,200057958,CA Paris - Vallée de la Marne,CA,12,22939,2.483,1.701,4.819612241539687,1.1704772586596384,4.6819090346385535,4.8884638449902535
77469,77,Touquin,200090504,CA Coulommiers Pays de Brie,CA,54,1228,2.093,1.191,4.819612241539687,1.1704772586596384,4.6819090346385535,4.8884638449902535
77470,77,Tournan-en-Brie,200023125,CC Les Portes Briardes Entre Villes et Forêts,CC,5,8324,2.382,1.888,4.819612241539687,1.1704772586596384,4.6819090346385535,4.8884638449902535
77471,77,Tousson,200072346,CA du Pays de Fontainebleau,CA,26,338,2.206,1.071,4.819612241539687,1.1704772586596384,4.6819090346385535,4.8884638449902535
77472,77,La Trétoire,200072544,CC des Deux Morin,CC,31,467,0.874,0.563,4.819612241539687,1.1704772586596384,4.6819090346385535,4.8884638449902535
77473,77,Treuzy-Levelay,247700032,CC Moret Seine et Loing,CC,18,440,2.354,1.246,4.819612241539687,1.1704772586596384,4.6819090346385535,4.8884638449902535
77474,77,Trilbardou,200072130,CA du Pays de Meaux,CA,26,692,3.246,2.456,4.819612241539687,1.1704772586596384,4.6819090346385535,4.8884638449902535
77475,77,Trilport,200072130,CA du Pays de Meaux,CA,26,5107,2.684,1.269,4.819612241539687,1.1704772586596384,4.6819090346385535,4.8884638449902535
77476,77,Trocy-en-Multien,247700065,CC du Pays de l'Ourcq,CC,22,230,2.307,0.806,4.819612241539687,1.1704772586596384,4.6819090346385535,4.8884638449902535
77477,77,Ury,200072346,CA du Pays de Fontainebleau,CA,26,883,2.909,1.783,4.819612241539687,1.1704772586596384,4.6819090346385535,4.8884638449902535
77478,77,Ussy-sur-Marne,200090504,CA Coulommiers Pays de Brie,CA,54,1063,2.574,0.598,4.819612241539687,1.1704772586596384,4.6819090346385535,4.8884638449902535
77479,77,Vaires-sur-Marne,200057958,CA Paris - Vallée de la Marne,CA,12,13791,2.561,1.771,4.819612241539687,1.1704772586596384,4.6819090346385535,4.8884638449902535
77480,77,Valence-en-Brie,200070779,CC Brie des Rivières et Châteaux,CC,31,1023,2.31,1.531,4.819612241539687,1.1704772586596384,4.6819090346385535,4.8884638449902535
77481,77,Vanvillé,247700701,CC Brie Nangissienne,CC,20,186,1.887,1.197,4.819612241539687,1.1704772586596384,4.6819090346385535,4.8884638449902535
77482,77,Varennes-sur-Seine,247700107,CC Pays de Montereau,CC,21,3724,3.323,1.525,4.819612241539687,1.1704772586596384,4.6819090346385535,4.8884638449902535
77483,77,Varreddes,200072130,CA du Pays de Meaux,CA,26,2166,2.682,1.374,4.819612241539687,1.1704772586596384,4.6819090346385535,4.8884638449902535
77484,77,Vaucourtois,200090504,CA Coulommiers Pays de Brie,CA,54,281,1.934,1.384,4.819612241539687,1.1704772586596384,4.6819090346385535,4.8884638449902535
77485,77,Le Vaudoué,200072346,CA du Pays de Fontainebleau,CA,26,731,1.925,1.042,4.819612241539687,1.1704772586596384,4.6819090346385535,4.8884638449902535
77486,77,Vaudoy-en-Brie,200072874,CC Val Briard,CC,21,881,1.895,1.162,4.819612241539687,1.1704772586596384,4.6819090346385535,4.8884638449902535
77487,77,Vaux-le-Pénil,247700057,CA Melun Val de Seine,CA,20,11378,1.67,1.029,4.819612241539687,1.1704772586596384,4.6819090346385535,4.8884638449902535
77489,77,Vaux-sur-Lunain,200023919,CC Gâtinais Val de Loing,CC,20,232,0.951,0.455,4.819612241539687,1.1704772586596384,4.6819090346385535,4.8884638449902535
77490,77,Vendrest,247700065,CC du Pays de l'Ourcq,CC,22,673,1.139,0.0,4.819612241539687,1.1704772586596384,4.6819090346385535,4.8884638449902535
77492,77,Verdelot,200072544,CC des Deux Morin,CC,31,626,1.881,1.21,4.819612241539687,1.1704772586596384,4.6819090346385535,4.8884638449902535
77493,77,Verneuil-l'Étang,247700701,CC Brie Nangissienne,CC,20,3211,1.51,1.164,4.819612241539687,1.1704772586596384,4.6819090346385535,4.8884638449902535
77494,77,Vernou-la-Celle-sur-Seine,247700032,CC Moret Seine et Loing,CC,18,2621,2.587,1.715,4.819612241539687,1.1704772586596384,4.6819090346385535,4.8884638449902535
77495,77,Vert-Saint-Denis,200059228,CA Grand Paris Sud Seine Essonne Sénart,CA,23,9057,2.961,2.097,4.819612241539687,1.1704772586596384,4.6819090346385535,4.8884638449902535
77496,77,Vieux-Champagne,247700701,CC Brie Nangissienne,CC,20,190,1.49,0.928,4.819612241539687,1.1704772586596384,4.6819090346385535,4.8884638449902535
77498,77,Vignely,200072130,CA du Pays de Meaux,CA,26,323,2.758,2.021,4.819612241539687,1.1704772586596384,4.6819090346385535,4.8884638449902535
77500,77,Villebéon,200023919,CC Gâtinais Val de Loing,CC,20,464,0.921,0.591,4.819612241539687,1.1704772586596384,4.6819090346385535,4.8884638449902535
77501,77,Villecerf,247700032,CC Moret Seine et Loing,CC,18,723,2.856,1.405,4.819612241539687,1.1704772586596384,4.6819090346385535,4.8884638449902535
77504,77,Villemaréchal,247700032,CC Moret Seine et Loing,CC,18,1067,1.601,0.835,4.819612241539687,1.1704772586596384,4.6819090346385535,4.8884638449902535
77505,77,Villemareuil,200072130,CA du Pays de Meaux,CA,26,383,2.329,1.236,4.819612241539687,1.1704772586596384,4.6819090346385535,4.8884638449902535
77506,77,Villemer,247700032,CC Moret Seine et Loing,CC,18,766,1.956,1.095,4.819612241539687,1.1704772586596384,4.6819090346385535,4.8884638449902535
77507,77,Villenauxe-la-Petite,200040251,CC Bassée-Montois,CC,42,453,1.476,0.555,4.819612241539687,1.1704772586596384,4.6819090346385535,4.8884638449902535
77508,77,Villeneuve-le-Comte,247700339,CA Val d'Europe Agglomération,CA,10,1869,2.624,1.937,4.819612241539687,1.1704772586596384,4.6819090346385535,4.8884638449902535
77509,77,Villeneuve-les-Bordes,200040251,CC Bassée-Montois,CC,42,614,1.378,0.794,4.819612241539687,1.1704772586596384,4.6819090346385535,4.8884638449902535
77510,77,Villeneuve-Saint-Denis,247700339,CA Val d'Europe Agglomération,CA,10,1383,3.197,2.246,4.819612241539687,1.1704772586596384,4.6819090346385535,4.8884638449902535
77511,77,Villeneuve-sous-Dammartin,200055655,CA Roissy Pays de France,CA,42,612,1.803,1.25,4.819612241539687,1.1704772586596384,4.6819090346385535,4.8884638449902535
77512,77,Villeneuve-sur-Bellot,200072544,CC des Deux Morin,CC,31,1143,0.79,0.536,4.819612241539687,1.1704772586596384,4.6819090346385535,4.8884638449902535
77513,77,Villenoy,200072130,CA du Pays de Meaux,CA,26,5073,3.15,2.274,4.819612241539687,1.1704772586596384,4.6819090346385535,4.8884638449902535
77514,77,Villeparisis,200055655,CA Roissy Pays de France,CA,42,26794,1.541,1.153,4.819612241539687,1.1704772586596384,4.6819090346385535,4.8884638449902535
77515,77,Villeroy,200033090,CC Plaines et Monts de France,CC,20,692,2.261,1.857,4.819612241539687,1.1704772586596384,4.6819090346385535,4.8884638449902535
77516,77,Ville-Saint-Jacques,247700032,CC Moret Seine et Loing,CC,18,811,2.905,1.314,4.819612241539687,1.1704772586596384,4.6819090346385535,4.8884638449902535
77517,77,Villevaudé,200033090,CC Plaines et Monts de France,CC,20,2114,3.954,2.857,4.819612241539687,1.1704772586596384,4.6819090346385535,4.8884638449902535
77518,77,Villiers-en-Bière,247700057,CA Melun Val de Seine,CA,20,242,2.294,1.396,4.819612241539687,1.1704772586596384,4.6819090346385535,4.8884638449902535
77519,77,Villiers-Saint-Georges,200037133,CC du Provinois,CC,39,1159,1.026,0.612,4.819612241539687,1.1704772586596384,4.6819090346385535,4.8884638449902535
77520,77,Villiers-sous-Grez,200023240,CC Pays de Nemours,CC,21,684,2.935,1.741,4.819612241539687,1.1704772586596384,4.6819090346385535,4.8884638449902535
77521,77,Villiers-sur-Morin,200090504,CA Coulommiers Pays de Brie,CA,54,2067,2.439,1.751,4.819612241539687,1.1704772586596384,4.6819090346385535,4.8884638449902535
77522,77,Villiers-sur-Seine,200040251,CC Bassée-Montois,CC,42,285,2.282,1.272,4.819612241539687,1.1704772586596384,4.6819090346385535,4.8884638449902535
77523,77,Villuis,200040251,CC Bassée-Montois,CC,42,263,1.636,0.607,4.819612241539687,1.1704772586596384,4.6819090346385535,4.8884638449902535
77524,77,Vimpelles,200040251,CC Bassée-Montois,CC,42,521,1.182,0.31,4.819612241539687,1.1704772586596384,4.6819090346385535,4.8884638449902535
77525,77,Vinantes,200033090,CC Plaines et Monts de France,CC,20,380,2.145,1.583,4.819612241539687,1.1704772586596384,4.6819090346385535,4.8884638449902535
77526,77,Vincy-Manœuvre,247700065,CC du Pays de l'Ourcq,CC,22,274,1.453,0.343,4.819612241539687,1.1704772586596384,4.6819090346385535,4.8884638449902535
77527,77,Voinsles,200072874,CC Val Briard,CC,21,573,2.287,1.392,4.819612241539687,1.1704772586596384,4.6819090346385535,4.8884638449902535
77528,77,Voisenon,247700057,CA Melun Val de Seine,CA,20,1169,2.62,1.837,4.819612241539687,1.1704772586596384,4.6819090346385535,4.8884638449902535
77529,77,Voulangis,200090504,CA Coulommiers Pays de Brie,CA,54,1504,1.168,0.857,4.819612241539687,1.1704772586596384,4.6819090346385535,4.8884638449902535
77530,77,Voulton,200037133,CC du Provinois,CC,39,298,1.517,0.771,4.819612241539687,1.1704772586596384,4.6819090346385535,4.8884638449902535
77531,77,Voulx,247700107,CC Pays de Montereau,CC,21,1622,1.207,0.712,4.819612241539687,1.1704772586596384,4.6819090346385535,4.8884638449902535
77532,77,Vulaines-lès-Provins,200037133,CC du Provinois,CC,39,75,2.909,1.643,4.819612241539687,1.1704772586596384,4.6819090346385535,4.8884638449902535
77533,77,Vulaines-sur-Seine,200072346,CA du Pays de Fontainebleau,CA,26,2720,2.672,2.089,4.819612241539687,1.1704772586596384,4.6819090346385535,4.8884638449902535
77534,77,Yèbles,200070779,CC Brie des Rivières et Châteaux,CC,31,970,1.436,1.119,4.819612241539687,1.1704772586596384,4.6819090346385535,4.8884638449902535
78003,78,Ablis,200073344,CA Rambouillet Territoires,CA,36,3814,3.167,1.999,7.886982263808678,3.195587641370757,7.683008584572247,7.615017358160103
78005,78,Achères,200059889,CU Grand Paris Seine et Oise,CU,73,21663,1.995,1.275,7.886982263808678,3.195587641370757,7.683008584572247,7.615017358160103
78006,78,Adainville,247800550,CC du Pays Houdanais (CCPH),CC,36,647,1.531,0.885,7.886982263808678,3.195587641370757,7.683008584572247,7.615017358160103
78007,78,Aigremont,200058519,CA Saint Germain Boucles de Seine,CA,19,1082,3.042,1.887,7.886982263808678,3.195587641370757,7.683008584572247,7.615017358160103
78009,78,Allainville,200073344,CA Rambouillet Territoires,CA,36,281,2.499,1.379,7.886982263808678,3.195587641370757,7.683008584572247,7.615017358160103
78010,78,Les Alluets-le-Roi,200059889,CU Grand Paris Seine et Oise,CU,73,1332,1.595,1.018,7.886982263808678,3.195587641370757,7.683008584572247,7.615017358160103
78013,78,Andelu,200034130,CC Gally Mauldre,CC,11,527,2.206,1.397,7.886982263808678,3.195587641370757,7.683008584572247,7.615017358160103
78015,78,Andrésy,200059889,CU Grand Paris Seine et Oise,CU,73,13663,2.627,1.662,7.886982263808678,3.195587641370757,7.683008584572247,7.615017358160103
78020,78,Arnouville-lès-Mantes,200059889,CU Grand Paris Seine et Oise,CU,73,940,2.111,1.278,7.886982263808678,3.195587641370757,7.683008584572247,7.615017358160103
78029,78,Aubergenville,200059889,CU Grand Paris Seine et Oise,CU,73,12540,3.231,1.69,7.886982263808678,3.195587641370757,7.683008584572247,7.615017358160103
78030,78,Auffargis,200073344,CA Rambouillet Territoires,CA,36,1967,2.247,1.338,7.886982263808678,3.195587641370757,7.683008584572247,7.615017358160103
78031,78,Auffreville-Brasseuil,200059889,CU Grand Paris Seine et Oise,CU,73,669,2.894,1.574,7.886982263808678,3.195587641370757,7.683008584572247,7.615017358160103
78033,78,Aulnay-sur-Mauldre,200059889,CU Grand Paris Seine et Oise,CU,73,1159,1.989,1.115,7.886982263808678,3.195587641370757,7.683008584572247,7.615017358160103
78034,78,Auteuil,247800618,CC Coeur d'Yvelines,CC,31,1005,2.281,1.558,7.886982263808678,3.195587641370757,7.683008584572247,7.615017358160103
78036,78,Autouillet,247800618,CC Coeur d'Yvelines,CC,31,655,2.349,1.604,7.886982263808678,3.195587641370757,7.683008584572247,7.615017358160103
78043,78,Bailly,247800584,CA Versailles Grand Parc (CAVGP),CA,18,3690,3.088,2.194,7.886982263808678,3.195587641370757,7.683008584572247,7.615017358160103
78048,78,Bazainville,247800550,CC du Pays Houdanais (CCPH),CC,36,1456,2.091,1.578,7.886982263808678,3.195587641370757,7.683008584572247,7.615017358160103
78049,78,Bazemont,200034130,CC Gally Mauldre,CC,11,1712,1.917,1.082,7.886982263808678,3.195587641370757,7.683008584572247,7.615017358160103
78050,78,Bazoches-sur-Guyonne,247800618,CC Coeur d'Yvelines,CC,31,697,2.593,1.661,7.886982263808678,3.195587641370757,7.683008584572247,7.615017358160103
78053,78,Béhoust,247800618,CC Coeur d'Yvelines,CC,31,523,1.459,1.009,7.886982263808678,3.195587641370757,7.683008584572247,7.615017358160103
78057,78,Bennecourt,200071074,CC Les Portes de l'Ile de France,CC,18,1792,1.868,1.093,7.886982263808678,3.195587641370757,7.683008584572247,7.615017358160103
78062,78,Beynes,247800618,CC Coeur d'Yvelines,CC,31,7635,2.09,1.376,7.886982263808678,3.195587641370757,7.683008584572247,7.615017358160103
78068,78,Blaru,200071074,CC Les Portes de l'Ile de France,CC,18,886,2.342,1.418,7.886982263808678,3.195587641370757,7.683008584572247,7.615017358160103
78070,78,Boinville-en-Mantois,200059889,CU Grand Paris Seine et Oise,CU,73,287,2.301,1.331,7.886982263808678,3.195587641370757,7.683008584572247,7.615017358160103
78071,78,Boinville-le-Gaillard,200073344,CA Rambouillet Territoires,CA,36,601,2.138,1.252,7.886982263808678,3.195587641370757,7.683008584572247,7.615017358160103
78072,78,Boinvilliers,247800550,CC du Pays Houdanais (CCPH),CC,36,246,1.469,0.931,7.886982263808678,3.195587641370757,7.683008584572247,7.615017358160103
78073,78,Bois-d'Arcy,247800584,CA Versailles Grand Parc (CAVGP),CA,18,16225,5.419,3.717,7.886982263808678,3.195587641370757,7.683008584572247,7.615017358160103
78076,78,Boissets,247800550,CC du Pays Houdanais (CCPH),CC,36,291,1.477,1.166,7.886982263808678,3.195587641370757,7.683008584572247,7.615017358160103
78077,78,La Boissière-École,200073344,CA Rambouillet Territoires,CA,36,748,2.144,1.061,7.886982263808678,3.195587641370757,7.683008584572247,7.615017358160103
78082,78,Boissy-Mauvoisin,200071074,CC Les Portes de l'Ile de France,CC,18,638,1.063,0.61,7.886982263808678,3.195587641370757,7.683008584572247,7.615017358160103
78084,78,Boissy-sans-Avoir,247800618,CC Coeur d'Yvelines,CC,31,614,2.752,1.888,7.886982263808678,3.195587641370757,7.683008584572247,7.615017358160103
78087,78,Bonnelles,200073344,CA Rambouillet Territoires,CA,36,2211,2.551,1.578,7.886982263808678,3.195587641370757,7.683008584572247,7.615017358160103
78089,78,Bonnières-sur-Seine,200071074,CC Les Portes de l'Ile de France,CC,18,5077,2.714,1.613,7.886982263808678,3.195587641370757,7.683008584572247,7.615017358160103
78090,78,Bouafle,200059889,CU Grand Paris Seine et Oise,CU,73,2222,3.733,2.001,7.886982263808678,3.195587641370757,7.683008584572247,7.615017358160103
78092,78,Bougival,247800584,CA Versailles Grand Parc (CAVGP),CA,18,9083,3.062,1.794,7.886982263808678,3.195587641370757,7.683008584572247,7.615017358160103
78096,78,Bourdonné,247800550,CC du Pays Houdanais (CCPH),CC,36,506,1.484,1.036,7.886982263808678,3.195587641370757,7.683008584572247,7.615017358160103
78104,78,Breuil-Bois-Robert,200059889,CU Grand Paris Seine et Oise,CU,73,764,2.682,1.503,7.886982263808678,3.195587641370757,7.683008584572247,7.615017358160103
78107,78,Bréval,200071074,CC Les Portes de l'Ile de France,CC,18,2031,1.327,0.832,7.886982263808678,3.195587641370757,7.683008584572247,7.615017358160103
78108,78,Les Bréviaires,200073344,CA Rambouillet Territoires,CA,36,1326,1.992,1.155,7.886982263808678,3.195587641370757,7.683008584572247,7.615017358160103
78113,78,Brueil-en-Vexin,200059889,CU Grand Paris Seine et Oise,CU,73,667,2.984,1.648,7.886982263808678,3.195587641370757,7.683008584572247,7.615017358160103
78117,78,Buc,247800584,CA Versailles Grand Parc (CAVGP),CA,18,5868,2.774,1.898,7.886982263808678,3.195587641370757,7.683008584572247,7.615017358160103
78118,78,Buchelay,200059889,CU Grand Paris Seine et Oise,CU,73,3364,2.948,1.528,7.886982263808678,3.195587641370757,7.683008584572247,7.615017358160103
78120,78,Bullion,200073344,CA Rambouillet Territoires,CA,36,1915,2.293,1.428,7.886982263808678,3.195587641370757,7.683008584572247,7.615017358160103
78123,78,Carrières-sous-Poissy,200059889,CU Grand Paris Seine et Oise,CU,73,19951,2.788,1.718,7.886982263808678,3.195587641370757,7.683008584572247,7.615017358160103
78124,78,Carrières-sur-Seine,200058519,CA Saint Germain Boucles de Seine,CA,19,15002,1.334,0.816,7.886982263808678,3.195587641370757,7.683008584572247,7.615017358160103
78125,78,La Celle-les-Bordes,200073344,CA Rambouillet Territoires,CA,36,832,3.13,2.088,7.886982263808678,3.195587641370757,7.683008584572247,7.615017358160103
78126,78,La Celle-Saint-Cloud,247800584,CA Versailles Grand Parc (CAVGP),CA,18,20440,2.468,1.438,7.886982263808678,3.195587641370757,7.683008584572247,7.615017358160103
78128,78,Cernay-la-Ville,200073344,CA Rambouillet Territoires,CA,36,1526,3.439,2.291,7.886982263808678,3.195587641370757,7.683008584572247,7.615017358160103
78133,78,Chambourcy,200058519,CA Saint Germain Boucles de Seine,CA,19,5826,3.426,2.047,7.886982263808678,3.195587641370757,7.683008584572247,7.615017358160103
78138,78,Chanteloup-les-Vignes,200059889,CU Grand Paris Seine et Oise,CU,73,10793,3.039,1.863,7.886982263808678,3.195587641370757,7.683008584572247,7.615017358160103
78140,78,Chapet,200059889,CU Grand Paris Seine et Oise,CU,73,1337,3.299,1.84,7.886982263808678,3.195587641370757,7.683008584572247,7.615017358160103
78143,78,Châteaufort,247800584,CA Versailles Grand Parc (CAVGP),CA,18,1540,3.413,2.238,7.886982263808678,3.195587641370757,7.683008584572247,7.615017358160103
78146,78,Chatou,200058519,CA Saint Germain Boucles de Seine,CA,19,30054,2.559,1.485,7.886982263808678,3.195587641370757,7.683008584572247,7.615017358160103
78147,78,Chaufour-lès-Bonnières,200071074,CC Les Portes de l'Ile de France,CC,18,454,2.307,1.281,7.886982263808678,3.195587641370757,7.683008584572247,7.615017358160103
78152,78,Chavenay,200034130,CC Gally Mauldre,CC,11,1741,2.37,1.46,7.886982263808678,3.195587641370757,7.683008584572247,7.615017358160103
78158,78,Le Chesnay-Rocquencourt,247800584,CA Versailles Grand Parc (CAVGP),CA,18,31064,2.827,1.692,7.886982263808678,3.195587641370757,7.683008584572247,7.615017358160103
78160,78,Chevreuse,200033173,CC de la Haute Vallée de Chevreuse,CC,10,5531,2.335,1.558,7.886982263808678,3.195587641370757,7.683008584572247,7.615017358160103
78162,78,Choisel,200033173,CC de la Haute Vallée de Chevreuse,CC,10,537,2.491,1.729,7.886982263808678,3.195587641370757,7.683008584572247,7.615017358160103
78163,78,Civry-la-Forêt,247800550,CC du Pays Houdanais (CCPH),CC,36,369,1.401,1.151,7.886982263808678,3.195587641370757,7.683008584572247,7.615017358160103
78164,78,Clairefontaine-en-Yvelines,200073344,CA Rambouillet Territoires,CA,36,851,3.762,2.296,7.886982263808678,3.195587641370757,7.683008584572247,7.615017358160103
78165,78,Les Clayes-sous-Bois,200058782,CA de Saint Quentin en Yvelines,CA,12,16940,1.341,0.702,7.886982263808678,3.195587641370757,7.683008584572247,7.615017358160103
78168,78,Coignières,200058782,CA de Saint Quentin en Yvelines,CA,12,4385,3.109,1.965,7.886982263808678,3.195587641370757,7.683008584572247,7.615017358160103
78171,78,Condé-sur-Vesgre,247800550,CC du Pays Houdanais (CCPH),CC,36,1264,1.264,0.814,7.886982263808678,3.195587641370757,7.683008584572247,7.615017358160103
78172,78,Conflans-Sainte-Honorine,200059889,CU Grand Paris Seine et Oise,CU,73,36306,2.533,1.643,7.886982263808678,3.195587641370757,7.683008584572247,7.615017358160103
78185,78,Courgent,247800550,CC du Pays Houdanais (CCPH),CC,36,398,1.138,0.83,7.886982263808678,3.195587641370757,7.683008584572247,7.615017358160103
78188,78,Cravent,200071074,CC Les Portes de l'Ile de France,CC,18,436,1.712,1.101,7.886982263808678,3.195587641370757,7.683008584572247,7.615017358160103
78189,78,Crespières,200034130,CC Gally Mauldre,CC,11,1717,1.792,1.082,7.886982263808678,3.195587641370757,7.683008584572247,7.615017358160103
78190,78,Croissy-sur-Seine,200058519,CA Saint Germain Boucles de Seine,CA,19,10580,2.11,1.209,7.886982263808678,3.195587641370757,7.683008584572247,7.615017358160103
78192,78,Dammartin-en-Serve,247800550,CC du Pays Houdanais (CCPH),CC,36,1417,1.196,0.876,7.886982263808678,3.195587641370757,7.683008584572247,7.615017358160103
78193,78,Dampierre-en-Yvelines,200033173,CC de la Haute Vallée de Chevreuse,CC,10,1003,2.536,1.723,7.886982263808678,3.195587641370757,7.683008584572247,7.615017358160103
78194,78,Dannemarie,247800550,CC du Pays Houdanais (CCPH),CC,36,226,1.765,1.271,7.886982263808678,3.195587641370757,7.683008584572247,7.615017358160103
78196,78,Davron,200034130,CC Gally Mauldre,CC,11,282,2.574,1.665,7.886982263808678,3.195587641370757,7.683008584572247,7.615017358160103
78202,78,Drocourt,200059889,CU Grand Paris Seine et Oise,CU,73,556,2.117,1.321,7.886982263808678,3.195587641370757,7.683008584572247,7.615017358160103
78206,78,Ecquevilly,200059889,CU Grand Paris Seine et Oise,CU,73,4090,2.924,1.655,7.886982263808678,3.195587641370757,7.683008584572247,7.615017358160103
78208,78,Élancourt,200058782,CA de Saint Quentin en Yvelines,CA,12,26348,2.368,1.637,7.886982263808678,3.195587641370757,7.683008584572247,7.615017358160103
78209,78,Émancé,200073344,CA Rambouillet Territoires,CA,36,882,2.918,1.765,7.886982263808678,3.195587641370757,7.683008584572247,7.615017358160103
78217,78,Épône,200059889,CU Grand Paris Seine et Oise,CU,73,6778,3.086,1.632,7.886982263808678,3.195587641370757,7.683008584572247,7.615017358160103
78220,78,Les Essarts-le-Roi,200073344,CA Rambouillet Territoires,CA,36,6772,2.856,1.796,7.886982263808678,3.195587641370757,7.683008584572247,7.615017358160103
78224,78,L'Étang-la-Ville,200058519,CA Saint Germain Boucles de Seine,CA,19,4915,2.333,1.429,7.886982263808678,3.195587641370757,7.683008584572247,7.615017358160103
78227,78,Évecquemont,200059889,CU Grand Paris Seine et Oise,CU,73,759,2.035,1.04,7.886982263808678,3.195587641370757,7.683008584572247,7.615017358160103
78230,78,La Falaise,200059889,CU Grand Paris Seine et Oise,CU,73,616,2.771,1.475,7.886982263808678,3.195587641370757,7.683008584572247,7.615017358160103
78231,78,Favrieux,200059889,CU Grand Paris Seine et Oise,CU,73,159,1.782,1.051,7.886982263808678,3.195587641370757,7.683008584572247,7.615017358160103
78233,78,Feucherolles,200034130,CC Gally Mauldre,CC,11,3038,2.337,1.497,7.886982263808678,3.195587641370757,7.683008584572247,7.615017358160103
78234,78,Flacourt,200059889,CU Grand Paris Seine et Oise,CU,73,185,1.469,0.931,7.886982263808678,3.195587641370757,7.683008584572247,7.615017358160103
78236,78,Flexanville,247800618,CC Coeur d'Yvelines,CC,31,572,1.989,1.355,7.886982263808678,3.195587641370757,7.683008584572247,7.615017358160103
78237,78,Flins-Neuve-Église,247800550,CC du Pays Houdanais (CCPH),CC,36,160,1.404,1.058,7.886982263808678,3.195587641370757,7.683008584572247,7.615017358160103
78238,78,Flins-sur-Seine,200059889,CU Grand Paris Seine et Oise,CU,73,2436,4.508,2.39,7.886982263808678,3.195587641370757,7.683008584572247,7.615017358160103
78239,78,Follainville-Dennemont,200059889,CU Grand Paris Seine et Oise,CU,73,2178,1.802,0.988,7.886982263808678,3.195587641370757,7.683008584572247,7.615017358160103
78242,78,Fontenay-le-Fleury,247800584,CA Versailles Grand Parc (CAVGP),CA,18,13640,2.214,1.582,7.886982263808678,3.195587641370757,7.683008584572247,7.615017358160103
78245,78,Fontenay-Mauvoisin,200059889,CU Grand Paris Seine et Oise,CU,73,449,2.02,1.128,7.886982263808678,3.195587641370757,7.683008584572247,7.615017358160103
78246,78,Fontenay-Saint-Père,200059889,CU Grand Paris Seine et Oise,CU,73,955,1.787,0.961,7.886982263808678,3.195587641370757,7.683008584572247,7.615017358160103
78255,78,Freneuse,200071074,CC Les Portes de l'Ile de France,CC,18,4299,0.978,0.477,7.886982263808678,3.195587641370757,7.683008584572247,7.615017358160103
78261,78,Gaillon-sur-Montcient,200059889,CU Grand Paris Seine et Oise,CU,73,691,1.884,0.951,7.886982263808678,3.195587641370757,7.683008584572247,7.615017358160103
78262,78,Galluis,247800618,CC Coeur d'Yvelines,CC,31,1281,2.393,1.667,7.886982263808678,3.195587641370757,7.683008584572247,7.615017358160103
78263,78,Gambais,247800618,CC Coeur d'Yvelines,CC,31,2513,1.848,1.333,7.886982263808678,3.195587641370757,7.683008584572247,7.615017358160103
78264,78,Gambaiseuil,200073344,CA Rambouillet Territoires,CA,36,65,1.306,0.873,7.886982263808678,3.195587641370757,7.683008584572247,7.615017358160103
78265,78,Garancières,247800618,CC Coeur d'Yvelines,CC,31,2577,1.899,1.335,7.886982263808678,3.195587641370757,7.683008584572247,7.615017358160103
78267,78,Gargenville,200059889,CU Grand Paris Seine et Oise,CU,73,7848,3.323,1.754,7.886982263808678,3.195587641370757,7.683008584572247,7.615017358160103
78269,78,Gazeran,200073344,CA Rambouillet Territoires,CA,36,1337,3.979,2.568,7.886982263808678,3.195587641370757,7.683008584572247,7.615017358160103
78276,78,Gommecourt,200071074,CC Les Portes de l'Ile de France,CC,18,621,1.967,1.177,7.886982263808678,3.195587641370757,7.683008584572247,7.615017358160103
78278,78,Goupillières,247800618,CC Coeur d'Yvelines,CC,31,568,2.017,1.332,7.886982263808678,3.195587641370757,7.683008584572247,7.615017358160103
78281,78,Goussonville,200059889,CU Grand Paris Seine et Oise,CU,73,643,2.173,1.244,7.886982263808678,3.195587641370757,7.683008584572247,7.615017358160103
78283,78,Grandchamp,247800550,CC du Pays Houdanais (CCPH),CC,36,302,2.096,1.12,7.886982263808678,3.195587641370757,7.683008584572247,7.615017358160103
78285,78,Gressey,247800550,CC du Pays Houdanais (CCPH),CC,36,539,1.688,1.439,7.886982263808678,3.195587641370757,7.683008584572247,7.615017358160103
78289,78,Grosrouvre,247800618,CC Coeur d'Yvelines,CC,31,901,1.853,1.243,7.886982263808678,3.195587641370757,7.683008584572247,7.615017358160103
78290,78,Guernes,200059889,CU Grand Paris Seine et Oise,CU,73,1085,0.841,0.482,7.886982263808678,3.195587641370757,7.683008584572247,7.615017358160103
78291,78,Guerville,200059889,CU Grand Paris Seine et Oise,CU,73,2088,2.124,1.138,7.886982263808678,3.195587641370757,7.683008584572247,7.615017358160103
78296,78,Guitrancourt,200059889,CU Grand Paris Seine et Oise,CU,73,642,2.864,1.571,7.886982263808678,3.195587641370757,7.683008584572247,7.615017358160103
78297,78,Guyancourt,200058782,CA de Saint Quentin en Yvelines,CA,12,29758,3.306,2.302,7.886982263808678,3.195587641370757,7.683008584572247,7.615017358160103
78299,78,Hardricourt,200059889,CU Grand Paris Seine et Oise,CU,73,2498,2.314,1.123,7.886982263808678,3.195587641370757,7.683008584572247,7.615017358160103
78300,78,Hargeville,200059889,CU Grand Paris Seine et Oise,CU,73,424,1.722,1.118,7.886982263808678,3.195587641370757,7.683008584572247,7.615017358160103
78302,78,La Hauteville,247800550,CC du Pays Houdanais (CCPH),CC,36,165,1.721,0.905,7.886982263808678,3.195587641370757,7.683008584572247,7.615017358160103
78305,78,Herbeville,200034130,CC Gally Mauldre,CC,11,232,1.857,1.175,7.886982263808678,3.195587641370757,7.683008584572247,7.615017358160103
78307,78,Hermeray,200073344,CA Rambouillet Territoires,CA,36,958,2.717,1.509,7.886982263808678,3.195587641370757,7.683008584572247,7.615017358160103
78310,78,Houdan,247800550,CC du Pays Houdanais (CCPH),CC,36,3716,1.894,1.39,7.886982263808678,3.195587641370757,7.683008584572247,7.615017358160103
78311,78,Houilles,200058519,CA Saint Germain Boucles de Seine,CA,19,33617,1.227,0.854,7.886982263808678,3.195587641370757,7.683008584572247,7.615017358160103
78314,78,Issou,200059889,CU Grand Paris Seine et Oise,CU,73,3858,3.29,1.7,7.886982263808678,3.195587641370757,7.683008584572247,7.615017358160103
78317,78,Jambville,200059889,CU Grand Paris Seine et Oise,CU,73,777,2.135,1.274,7.886982263808678,3.195587641370757,7.683008584572247,7.615017358160103
78320,78,Notre-Dame-de-la-Mer,200071074,CC Les Portes de l'Ile de France,CC,18,734,2.601,1.603,7.886982263808678,3.195587641370757,7.683008584572247,7.615017358160103
78321,78,Jouars-Pontchartrain,247800618,CC Coeur d'Yvelines,CC,31,5965,3.368,2.318,7.886982263808678,3.195587641370757,7.683008584572247,7.615017358160103
78322,78,Jouy-en-Josas,247800584,CA Versailles Grand Parc (CAVGP),CA,18,7985,2.767,1.818,7.886982263808678,3.195587641370757,7.683008584572247,7.615017358160103
78324,78,Jouy-Mauvoisin,200059889,CU Grand Paris Seine et Oise,CU,73,564,2.594,1.386,7.886982263808678,3.195587641370757,7.683008584572247,7.615017358160103
78325,78,Jumeauville,200059889,CU Grand Paris Seine et Oise,CU,73,624,2.109,1.277,7.886982263808678,3.195587641370757,7.683008584572247,7.615017358160103
78327,78,Juziers,200059889,CU Grand Paris Seine et Oise,CU,73,4040,2.231,1.134,7.886982263808678,3.195587641370757,7.683008584572247,7.615017358160103
78329,78,Lainville-en-Vexin,200059889,CU Grand Paris Seine et Oise,CU,73,807,1.629,0.999,7.886982263808678,3.195587641370757,7.683008584572247,7.615017358160103
78334,78,Lévis-Saint-Nom,200033173,CC de la Haute Vallée de Chevreuse,CC,10,1610,2.463,1.576,7.886982263808678,3.195587641370757,7.683008584572247,7.615017358160103
78335,78,Limay,200059889,CU Grand Paris Seine et Oise,CU,73,17584,2.651,1.381,7.886982263808678,3.195587641370757,7.683008584572247,7.615017358160103
78337,78,Limetz-Villez,200071074,CC Les Portes de l'Ile de France,CC,18,2067,2.464,1.501,7.886982263808678,3.195587641370757,7.683008584572247,7.615017358160103
78343,78,Les Loges-en-Josas,247800584,CA Versailles Grand Parc (CAVGP),CA,18,1655,3.091,2.073,7.886982263808678,3.195587641370757,7.683008584572247,7.615017358160103
78344,78,Lommoye,200071074,CC Les Portes de l'Ile de France,CC,18,643,1.58,0.909,7.886982263808678,3.195587641370757,7.683008584572247,7.615017358160103
78346,78,Longnes,247800550,CC du Pays Houdanais (CCPH),CC,36,1582,1.242,0.816,7.886982263808678,3.195587641370757,7.683008584572247,7.615017358160103
78349,78,Longvilliers,200073344,CA Rambouillet Territoires,CA,36,498,3.286,1.84,7.886982263808678,3.195587641370757,7.683008584572247,7.615017358160103
78350,78,Louveciennes,200058519,CA Saint Germain Boucles de Seine,CA,19,7744,4.059,2.675,7.886982263808678,3.195587641370757,7.683008584572247,7.615017358160103
78354,78,Magnanville,200059889,CU Grand Paris Seine et Oise,CU,73,6389,2.883,1.558,7.886982263808678,3.195587641370757,7.683008584572247,7.615017358160103
78356,78,Magny-les-Hameaux,200058782,CA de Saint Quentin en Yvelines,CA,12,9353,2.451,1.579,7.886982263808678,3.195587641370757,7.683008584572247,7.615017358160103
78358,78,Maisons-Laffitte,200058519,CA Saint Germain Boucles de Seine,CA,19,22855,1.762,1.121,7.886982263808678,3.195587641370757,7.683008584572247,7.615017358160103
78361,78,Mantes-la-Jolie,200059889,CU Grand Paris Seine et Oise,CU,73,44246,2.808,1.467,7.886982263808678,3.195587641370757,7.683008584572247,7.615017358160103
78362,78,Mantes-la-Ville,200059889,CU Grand Paris Seine et Oise,CU,73,21874,3.881,2.026,7.886982263808678,3.195587641370757,7.683008584572247,7.615017358160103
78364,78,Marcq,247800618,CC Coeur d'Yvelines,CC,31,790,2.177,1.469,7.886982263808678,3.195587641370757,7.683008584572247,7.615017358160103
78366,78,Mareil-le-Guyon,247800618,CC Coeur d'Yvelines,CC,31,413,2.532,1.673,7.886982263808678,3.195587641370757,7.683008584572247,7.615017358160103
78367,78,Mareil-Marly,200058519,CA Saint Germain Boucles de Seine,CA,19,3984,2.111,1.257,7.886982263808678,3.195587641370757,7.683008584572247,7.615017358160103
78368,78,Mareil-sur-Mauldre,200034130,CC Gally Mauldre,CC,11,1743,1.988,1.268,7.886982263808678,3.195587641370757,7.683008584572247,7.615017358160103
78372,78,Marly-le-Roi,200058519,CA Saint Germain Boucles de Seine,CA,19,16619,3.545,2.371,7.886982263808678,3.195587641370757,7.683008584572247,7.615017358160103
78380,78,Maule,200034130,CC Gally Mauldre,CC,11,6100,2.197,1.322,7.886982263808678,3.195587641370757,7.683008584572247,7.615017358160103
78381,78,Maulette,247800550,CC du Pays Houdanais (CCPH),CC,36,1054,2.125,1.583,7.886982263808678,3.195587641370757,7.683008584572247,7.615017358160103
78382,78,Maurecourt,249500109,CA de Cergy-Pontoise,CA,13,4399,2.922,1.838,7.886982263808678,3.195587641370757,7.683008584572247,7.615017358160103
78383,78,Maurepas,200058782,CA de Saint Quentin en Yvelines,CA,12,19960,2.55,1.615,7.886982263808678,3.195587641370757,7.683008584572247,7.615017358160103
78384,78,Médan,200059889,CU Grand Paris Seine et Oise,CU,73,1305,2.647,1.645,7.886982263808678,3.195587641370757,7.683008584572247,7.615017358160103
78385,78,Ménerville,200071074,CC Les Portes de l'Ile de France,CC,18,218,1.559,0.874,7.886982263808678,3.195587641370757,7.683008584572247,7.615017358160103
78389,78,Méré,247800618,CC Coeur d'Yvelines,CC,31,1695,2.349,1.539,7.886982263808678,3.195587641370757,7.683008584572247,7.615017358160103
78391,78,Méricourt,200059889,CU Grand Paris Seine et Oise,CU,73,378,0.769,0.407,7.886982263808678,3.195587641370757,7.683008584572247,7.615017358160103
78396,78,Le Mesnil-le-Roi,200058519,CA Saint Germain Boucles de Seine,CA,19,6340,1.564,0.946,7.886982263808678,3.195587641370757,7.683008584572247,7.615017358160103
78397,78,Le Mesnil-Saint-Denis,200033173,CC de la Haute Vallée de Chevreuse,CC,10,7103,3.204,2.022,7.886982263808678,3.195587641370757,7.683008584572247,7.615017358160103
78398,78,Les Mesnuls,247800618,CC Coeur d'Yvelines,CC,31,893,2.128,1.322,7.886982263808678,3.195587641370757,7.683008584572247,7.615017358160103
78401,78,Meulan-en-Yvelines,200059889,CU Grand Paris Seine et Oise,CU,73,8996,2.562,1.225,7.886982263808678,3.195587641370757,7.683008584572247,7.615017358160103
78402,78,Mézières-sur-Seine,200059889,CU Grand Paris Seine et Oise,CU,73,3874,3.759,1.968,7.886982263808678,3.195587641370757,7.683008584572247,7.615017358160103
78403,78,Mézy-sur-Seine,200059889,CU Grand Paris Seine et Oise,CU,73,2261,1.891,0.888,7.886982263808678,3.195587641370757,7.683008584572247,7.615017358160103
78404,78,Millemont,247800618,CC Coeur d'Yvelines,CC,31,278,2.138,1.47,7.886982263808678,3.195587641370757,7.683008584572247,7.615017358160103
78406,78,Milon-la-Chapelle,200033173,CC de la Haute Vallée de Chevreuse,CC,10,292,2.78,1.793,7.886982263808678,3.195587641370757,7.683008584572247,7.615017358160103
78407,78,Mittainville,200073344,CA Rambouillet Territoires,CA,36,650,2.703,1.371,7.886982263808678,3.195587641370757,7.683008584572247,7.615017358160103
78410,78,Moisson,200071074,CC Les Portes de l'Ile de France,CC,18,913,0.504,0.282,7.886982263808678,3.195587641370757,7.683008584572247,7.615017358160103
78413,78,Mondreville,247800550,CC du Pays Houdanais (CCPH),CC,36,390,1.794,1.278,7.886982263808678,3.195587641370757,7.683008584572247,7.615017358160103
78415,78,Montainville,200034130,CC Gally Mauldre,CC,11,560,1.919,1.162,7.886982263808678,3.195587641370757,7.683008584572247,7.615017358160103
78416,78,Montalet-le-Bois,200059889,CU Grand Paris Seine et Oise,CU,73,321,1.994,1.169,7.886982263808678,3.195587641370757,7.683008584572247,7.615017358160103
78417,78,Montchauvet,247800550,CC du Pays Houdanais (CCPH),CC,36,285,1.048,0.819,7.886982263808678,3.195587641370757,7.683008584572247,7.615017358160103
78418,78,Montesson,200058519,CA Saint Germain Boucles de Seine,CA,19,14606,1.308,0.762,7.886982263808678,3.195587641370757,7.683008584572247,7.615017358160103
78420,78,Montfort-l'Amaury,247800618,CC Coeur d'Yvelines,CC,31,2790,2.243,1.432,7.886982263808678,3.195587641370757,7.683008584572247,7.615017358160103
78423,78,Montigny-le-Bretonneux,200058782,CA de Saint Quentin en Yvelines,CA,12,32150,2.938,1.95,7.886982263808678,3.195587641370757,7.683008584572247,7.615017358160103
78431,78,Morainvilliers,200059889,CU Grand Paris Seine et Oise,CU,73,3102,2.733,1.627,7.886982263808678,3.195587641370757,7.683008584572247,7.615017358160103
78437,78,Mousseaux-sur-Seine,200059889,CU Grand Paris Seine et Oise,CU,73,680,0.638,0.331,7.886982263808678,3.195587641370757,7.683008584572247,7.615017358160103
78439,78,Mulcent,247800550,CC du Pays Houdanais (CCPH),CC,36,117,1.08,0.811,7.886982263808678,3.195587641370757,7.683008584572247,7.615017358160103
78440,78,Les Mureaux,200059889,CU Grand Paris Seine et Oise,CU,73,34151,2.333,1.112,7.886982263808678,3.195587641370757,7.683008584572247,7.615017358160103
78442,78,Neauphle-le-Château,247800618,CC Coeur d'Yvelines,CC,31,3295,2.545,1.829,7.886982263808678,3.195587641370757,7.683008584572247,7.615017358160103
78443,78,Neauphle-le-Vieux,247800618,CC Coeur d'Yvelines,CC,31,924,2.394,1.625,7.886982263808678,3.195587641370757,7.683008584572247,7.615017358160103
78444,78,Neauphlette,200071074,CC Les Portes de l'Ile de France,CC,18,872,1.396,0.858,7.886982263808678,3.195587641370757,7.683008584572247,7.615017358160103
78451,78,Nézel,200059889,CU Grand Paris Seine et Oise,CU,73,1111,2.726,1.477,7.886982263808678,3.195587641370757,7.683008584572247,7.615017358160103
78455,78,Noisy-le-Roi,247800584,CA Versailles Grand Parc (CAVGP),CA,18,7597,2.772,1.746,7.886982263808678,3.195587641370757,7.683008584572247,7.615017358160103
78460,78,Oinville-sur-Montcient,200059889,CU Grand Paris Seine et Oise,CU,73,1113,1.982,1.057,7.886982263808678,3.195587641370757,7.683008584572247,7.615017358160103
78464,78,Orcemont,200073344,CA Rambouillet Territoires,CA,36,983,3.534,2.363,7.886982263808678,3.195587641370757,7.683008584572247,7.615017358160103
78465,78,Orgerus,247800550,CC du Pays Houdanais (CCPH),CC,36,2484,1.676,1.222,7.886982263808678,3.195587641370757,7.683008584572247,7.615017358160103
78466,78,Orgeval,200059889,CU Grand Paris Seine et Oise,CU,73,7092,3.48,2.169,7.886982263808678,3.195587641370757,7.683008584572247,7.615017358160103
78470,78,Orphin,200073344,CA Rambouillet Territoires,CA,36,879,4.082,2.601,7.886982263808678,3.195587641370757,7.683008584572247,7.615017358160103
78472,78,Orsonville,200073344,CA Rambouillet Territoires,CA,36,325,2.6,1.612,7.886982263808678,3.195587641370757,7.683008584572247,7.615017358160103
78474,78,Orvilliers,247800550,CC du Pays Houdanais (CCPH),CC,36,935,1.318,1.033,7.886982263808678,3.195587641370757,7.683008584572247,7.615017358160103
78475,78,Osmoy,247800550,CC du Pays Houdanais (CCPH),CC,36,407,1.697,1.132,7.886982263808678,3.195587641370757,7.683008584572247,7.615017358160103
78478,78,Paray-Douaville,200073344,CA Rambouillet Territoires,CA,36,216,2.335,1.327,7.886982263808678,3.195587641370757,7.683008584572247,7.615017358160103
78481,78,Le Pecq,200058519,CA Saint Germain Boucles de Seine,CA,19,15858,2.6,1.477,7.886982263808678,3.195587641370757,7.683008584572247,7.615017358160103
78484,78,Perdreauville,200059889,CU Grand Paris Seine et Oise,CU,73,669,1.718,0.971,7.886982263808678,3.195587641370757,7.683008584572247,7.615017358160103
78486,78,Le Perray-en-Yvelines,200073344,CA Rambouillet Territoires,CA,36,6515,2.919,1.782,7.886982263808678,3.195587641370757,7.683008584572247,7.615017358160103
78490,78,Plaisir,200058782,CA de Saint Quentin en Yvelines,CA,12,31971,3.115,2.025,7.886982263808678,3.195587641370757,7.683008584572247,7.615017358160103
78497,78,Poigny-la-Forêt,200073344,CA Rambouillet Territoires,CA,36,930,3.218,1.892,7.886982263808678,3.195587641370757,7.683008584572247,7.615017358160103
78498,78,Poissy,200059889,CU Grand Paris Seine et Oise,CU,73,40792,2.64,1.599,7.886982263808678,3.195587641370757,7.683008584572247,7.615017358160103
78499,78,Ponthévrard,200073344,CA Rambouillet Territoires,CA,36,700,2.983,1.522,7.886982263808678,3.195587641370757,7.683008584572247,7.615017358160103
78501,78,Porcheville,200059889,CU Grand Paris Seine et Oise,CU,73,3167,3.735,1.966,7.886982263808678,3.195587641370757,7.683008584572247,7.615017358160103
78502,78,Le Port-Marly,200058519,CA Saint Germain Boucles de Seine,CA,19,5583,3.126,1.863,7.886982263808678,3.195587641370757,7.683008584572247,7.615017358160103
78505,78,Prunay-le-Temple,247800550,CC du Pays Houdanais (CCPH),CC,36,410,1.175,0.82,7.886982263808678,3.195587641370757,7.683008584572247,7.615017358160103
78506,78,Prunay-en-Yvelines,200073344,CA Rambouillet Territoires,CA,36,820,3.414,2.142,7.886982263808678,3.195587641370757,7.683008584572247,7.615017358160103
78513,78,La Queue-les-Yvelines,247800618,CC Coeur d'Yvelines,CC,31,2505,2.4,1.636,7.886982263808678,3.195587641370757,7.683008584572247,7.615017358160103
78516,78,Raizeux,200073344,CA Rambouillet Territoires,CA,36,990,3.14,1.733,7.886982263808678,3.195587641370757,7.683008584572247,7.615017358160103
78517,78,Rambouillet,200073344,CA Rambouillet Territoires,CA,36,27145,2.967,2.114,7.886982263808678,3.195587641370757,7.683008584572247,7.615017358160103
78518,78,Rennemoulin,247800584,CA Versailles Grand Parc (CAVGP),CA,18,107,2.7,1.63,7.886982263808678,3.195587641370757,7.683008584572247,7.615017358160103
78520,78,Richebourg,247800550,CC du Pays Houdanais (CCPH),CC,36,1571,1.613,1.299,7.886982263808678,3.195587641370757,7.683008584572247,7.615017358160103
78522,78,Rochefort-en-Yvelines,200073344,CA Rambouillet Territoires,CA,36,897,3.366,1.922,7.886982263808678,3.195587641370757,7.683008584572247,7.615017358160103
78528,78,Rolleboise,200059889,CU Grand Paris Seine et Oise,CU,73,351,1.016,0.525,7.886982263808678,3.195587641370757,7.683008584572247,7.615017358160103
78530,78,Rosay,247800550,CC du Pays Houdanais (CCPH),CC,36,386,1.664,1.028,7.886982263808678,3.195587641370757,7.683008584572247,7.615017358160103
78531,78,Rosny-sur-Seine,200059889,CU Grand Paris Seine et Oise,CU,73,7041,1.519,0.818,7.886982263808678,3.195587641370757,7.683008584572247,7.615017358160103
78536,78,Sailly,200059889,CU Grand Paris Seine et Oise,CU,73,335,1.966,1.158,7.886982263808678,3.195587641370757,7.683008584572247,7.615017358160103
78537,78,Saint-Arnoult-en-Yvelines,200073344,CA Rambouillet Territoires,CA,36,5854,1.948,1.036,7.886982263808678,3.195587641370757,7.683008584572247,7.615017358160103
78545,78,Saint-Cyr-l'École,247800584,CA Versailles Grand Parc (CAVGP),CA,18,20451,3.277,2.308,7.886982263808678,3.195587641370757,7.683008584572247,7.615017358160103
78548,78,Saint-Forget,200033173,CC de la Haute Vallée de Chevreuse,CC,10,445,2.442,1.629,7.886982263808678,3.195587641370757,7.683008584572247,7.615017358160103
78550,78,Saint-Germain-de-la-Grange,247800618,CC Coeur d'Yvelines,CC,31,1842,1.889,1.239,7.886982263808678,3.195587641370757,7.683008584572247,7.615017358160103
78551,78,Saint-Germain-en-Laye,200058519,CA Saint Germain Boucles de Seine,CA,19,45286,2.509,1.477,7.886982263808678,3.195587641370757,7.683008584572247,7.615017358160103
78557,78,Saint-Hilarion,200073344,CA Rambouillet Territoires,CA,36,988,3.469,2.102,7.886982263808678,3.195587641370757,7.683008584572247,7.615017358160103
78558,78,Saint-Illiers-la-Ville,200071074,CC Les Portes de l'Ile de France,CC,18,356,1.027,0.518,7.886982263808678,3.195587641370757,7.683008584572247,7.615017358160103
78559,78,Saint-Illiers-le-Bois,200071074,CC Les Portes de l'Ile de France,CC,18,448,1.179,0.734,7.886982263808678,3.195587641370757,7.683008584572247,7.615017358160103
78561,78,Saint-Lambert,200033173,CC de la Haute Vallée de Chevreuse,CC,10,448,3.16,2.085,7.886982263808678,3.195587641370757,7.683008584572247,7.615017358160103
78562,78,Saint-Léger-en-Yvelines,200073344,CA Rambouillet Territoires,CA,36,1462,1.134,0.689,7.886982263808678,3.195587641370757,7.683008584572247,7.615017358160103
78564,78,Saint-Martin-de-Bréthencourt,200073344,CA Rambouillet Territoires,CA,36,688,2.055,1.057,7.886982263808678,3.195587641370757,7.683008584572247,7.615017358160103
78565,78,Saint-Martin-des-Champs,247800550,CC du Pays Houdanais (CCPH),CC,36,304,1.546,1.011,7.886982263808678,3.195587641370757,7.683008584572247,7.615017358160103
78567,78,Saint-Martin-la-Garenne,200059889,CU Grand Paris Seine et Oise,CU,73,947,1.814,1.002,7.886982263808678,3.195587641370757,7.683008584572247,7.615017358160103
78569,78,Sainte-Mesme,200073344,CA Rambouillet Territoires,CA,36,910,2.784,1.349,7.886982263808678,3.195587641370757,7.683008584572247,7.615017358160103
78571,78,Saint-Nom-la-Bretèche,200034130,CC Gally Mauldre,CC,11,4877,2.748,1.608,7.886982263808678,3.195587641370757,7.683008584572247,7.615017358160103
78575,78,Saint-Rémy-lès-Chevreuse,200033173,CC de la Haute Vallée de Chevreuse,CC,10,7747,2.709,1.902,7.886982263808678,3.195587641370757,7.683008584572247,7.615017358160103
78576,78,Saint-Rémy-l'Honoré,247800618,CC Coeur d'Yvelines,CC,31,1689,2.316,1.503,7.886982263808678,3.195587641370757,7.683008584572247,7.615017358160103
78586,78,Sartrouville,200058519,CA Saint Germain Boucles de Seine,CA,19,51570,1.998,1.309,7.886982263808678,3.195587641370757,7.683008584572247,7.615017358160103
78588,78,Saulx-Marchais,247800618,CC Coeur d'Yvelines,CC,31,956,2.195,1.51,7.886982263808678,3.195587641370757,7.683008584572247,7.615017358160103
78590,78,Senlisse,200033173,CC de la Haute Vallée de Chevreuse,CC,10,509,2.27,1.519,7.886982263808678,3.195587641370757,7.683008584572247,7.615017358160103
78591,78,Septeuil,247800550,CC du Pays Houdanais (CCPH),CC,36,2234,1.591,1.156,7.886982263808678,3.195587641370757,7.683008584572247,7.615017358160103
78597,78,Soindres,200059889,CU Grand Paris Seine et Oise,CU,73,731,2.784,1.509,7.886982263808678,3.195587641370757,7.683008584572247,7.615017358160103
78601,78,Sonchamp,200073344,CA Rambouillet Territoires,CA,36,1664,3.29,1.891,7.886982263808678,3.195587641370757,7.683008584572247,7.615017358160103
78605,78,Tacoignières,247800550,CC du Pays Houdanais (CCPH),CC,36,1194,1.301,0.992,7.886982263808678,3.195587641370757,7.683008584572247,7.615017358160103
78606,78,Le Tartre-Gaudran,247800550,CC du Pays Houdanais (CCPH),CC,36,37,2.094,1.12,7.886982263808678,3.195587641370757,7.683008584572247,7.615017358160103
78608,78,Le Tertre-Saint-Denis,200059889,CU Grand Paris Seine et Oise,CU,73,129,0.987,0.666,7.886982263808678,3.195587641370757,7.683008584572247,7.615017358160103
78609,78,Tessancourt-sur-Aubette,200059889,CU Grand Paris Seine et Oise,CU,73,971,2.016,1.017,7.886982263808678,3.195587641370757,7.683008584572247,7.615017358160103
78615,78,Thiverval-Grignon,247800618,CC Coeur d'Yvelines,CC,31,1102,1.679,1.096,7.886982263808678,3.195587641370757,7.683008584572247,7.615017358160103
78616,78,Thoiry,247800618,CC Coeur d'Yvelines,CC,31,1432,2.253,1.476,7.886982263808678,3.195587641370757,7.683008584572247,7.615017358160103
78618,78,Tilly,247800550,CC du Pays Houdanais (CCPH),CC,36,529,2.01,1.557,7.886982263808678,3.195587641370757,7.683008584572247,7.615017358160103
78620,78,Toussus-le-Noble,247800584,CA Versailles Grand Parc (CAVGP),CA,18,1176,3.534,2.335,7.886982263808678,3.195587641370757,7.683008584572247,7.615017358160103
78621,78,Trappes,200058782,CA de Saint Quentin en Yvelines,CA,12,34276,3.744,2.477,7.886982263808678,3.195587641370757,7.683008584572247,7.615017358160103
78623,78,Le Tremblay-sur-Mauldre,247800618,CC Coeur d'Yvelines,CC,31,956,2.411,1.526,7.886982263808678,3.195587641370757,7.683008584572247,7.615017358160103
78624,78,Triel-sur-Seine,200059889,CU Grand Paris Seine et Oise,CU,73,12386,2.962,1.785,7.886982263808678,3.195587641370757,7.683008584572247,7.615017358160103
78638,78,Vaux-sur-Seine,200059889,CU Grand Paris Seine et Oise,CU,73,5143,1.758,0.913,7.886982263808678,3.195587641370757,7.683008584572247,7.615017358160103
78640,78,Vélizy-Villacoublay,247800584,CA Versailles Grand Parc (CAVGP),CA,18,22481,1.535,0.996,7.886982263808678,3.195587641370757,7.683008584572247,7.615017358160103
78642,78,Verneuil-sur-Seine,200059889,CU Grand Paris Seine et Oise,CU,73,16112,1.573,0.855,7.886982263808678,3.195587641370757,7.683008584572247,7.615017358160103
78643,78,Vernouillet,200059889,CU Grand Paris Seine et Oise,CU,73,9953,2.178,1.312,7.886982263808678,3.195587641370757,7.683008584572247,7.615017358160103
78644,78,La Verrière,200058782,CA de Saint Quentin en Yvelines,CA,12,6142,3.314,2.096,7.886982263808678,3.195587641370757,7.683008584572247,7.615017358160103
78646,78,Versailles,247800584,CA Versailles Grand Parc (CAVGP),CA,18,83918,2.626,1.573,7.886982263808678,3.195587641370757,7.683008584572247,7.615017358160103
78647,78,Vert,200059889,CU Grand Paris Seine et Oise,CU,73,852,2.623,1.466,7.886982263808678,3.195587641370757,7.683008584572247,7.615017358160103
78650,78,Le Vésinet,200058519,CA Saint Germain Boucles de Seine,CA,19,15712,2.452,1.385,7.886982263808678,3.195587641370757,7.683008584572247,7.615017358160103
78653,78,Vicq,247800618,CC Coeur d'Yvelines,CC,31,391,2.598,1.742,7.886982263808678,3.195587641370757,7.683008584572247,7.615017358160103
78655,78,Vieille-Église-en-Yvelines,200073344,CA Rambouillet Territoires,CA,36,618,2.918,1.89,7.886982263808678,3.195587641370757,7.683008584572247,7.615017358160103
78668,78,La Villeneuve-en-Chevrie,200071074,CC Les Portes de l'Ile de France,CC,18,662,2.334,1.359,7.886982263808678,3.195587641370757,7.683008584572247,7.615017358160103
78672,78,Villennes-sur-Seine,200059889,CU Grand Paris Seine et Oise,CU,73,5792,3.929,2.327,7.886982263808678,3.195587641370757,7.683008584572247,7.615017358160103
78674,78,Villepreux,200058782,CA de Saint Quentin en Yvelines,CA,12,11568,2.334,1.374,7.886982263808678,3.195587641370757,7.683008584572247,7.615017358160103
78677,78,Villette,247800550,CC du Pays Houdanais (CCPH),CC,36,537,2.227,1.292,7.886982263808678,3.195587641370757,7.683008584572247,7.615017358160103
78681,78,Villiers-le-Mahieu,247800618,CC Coeur d'Yvelines,CC,31,872,1.972,1.359,7.886982263808678,3.195587641370757,7.683008584572247,7.615017358160103
78683,78,Villiers-Saint-Frédéric,247800618,CC Coeur d'Yvelines,CC,31,3231,2.025,1.39,7.886982263808678,3.195587641370757,7.683008584572247,7.615017358160103
78686,78,Viroflay,247800584,CA Versailles Grand Parc (CAVGP),CA,18,16943,1.695,1.058,7.886982263808678,3.195587641370757,7.683008584572247,7.615017358160103
78688,78,Voisins-le-Bretonneux,200058782,CA de Saint Quentin en Yvelines,CA,12,10740,3.811,2.49,7.886982263808678,3.195587641370757,7.683008584572247,7.615017358160103
91001,91,Abbéville-la-Rivière,200017846,CA Étampois Sud Essonne,CA,37,331,1.978,1.662,8.380229905190156,2.566917268256444,6.26629803721426,5.133834536512888
91016,91,Angerville,200017846,CA Étampois Sud Essonne,CA,37,4416,2.236,1.0,8.380229905190156,2.566917268256444,6.26629803721426,5.133834536512888
91017,91,Angervilliers,249100074,CC du Pays de Limours (CCPL),CC,14,1720,2.592,1.584,8.380229905190156,2.566917268256444,6.26629803721426,5.133834536512888
91021,91,Arpajon,200057859,CA Coeur d'Essonne Agglomération,CA,21,11503,2.172,1.257,8.380229905190156,2.566917268256444,6.26629803721426,5.133834536512888
91022,91,Arrancourt,200017846,CA Étampois Sud Essonne,CA,37,119,1.895,1.456,8.380229905190156,2.566917268256444,6.26629803721426,5.133834536512888
91027,91,Athis-Mons,200054781,Métropole du Grand Paris,METRO,130,36451,2.246,1.369,8.380229905190156,2.566917268256444,6.26629803721426,5.133834536512888
91035,91,Authon-la-Plaine,200017846,CA Étampois Sud Essonne,CA,37,371,2.193,0.947,8.380229905190156,2.566917268256444,6.26629803721426,5.133834536512888
91037,91,Auvernaux,249100546,CC du Val d'Essonne (CCVE),CC,21,330,2.549,1.627,8.380229905190156,2.566917268256444,6.26629803721426,5.133834536512888
91038,91,Auvers-Saint-Georges,249100553,CC Entre Juine et Renarde (CCEJR),CC,16,1250,2.285,1.379,8.380229905190156,2.566917268256444,6.26629803721426,5.133834536512888
91041,91,Avrainville,200057859,CA Coeur d'Essonne Agglomération,CA,21,1045,2.526,1.368,8.380229905190156,2.566917268256444,6.26629803721426,5.133834536512888
91044,91,Ballainvilliers,200056232,CA Communauté Paris-Saclay,CA,27,4838,2.369,1.475,8.380229905190156,2.566917268256444,6.26629803721426,5.133834536512888
91045,91,Ballancourt-sur-Essonne,249100546,CC du Val d'Essonne (CCVE),CC,21,7795,1.833,1.096,8.380229905190156,2.566917268256444,6.26629803721426,5.133834536512888
91047,91,Baulne,249100546,CC du Val d'Essonne (CCVE),CC,21,1468,2.268,1.395,8.380229905190156,2.566917268256444,6.26629803721426,5.133834536512888
91064,91,Bièvres,247800584,CA Versailles Grand Parc (CAVGP),CA,18,4700,3.129,2.124,8.380229905190156,2.566917268256444,6.26629803721426,5.133834536512888
91067,91,Blandy,200017846,CA Étampois Sud Essonne,CA,37,115,1.57,1.068,8.380229905190156,2.566917268256444,6.26629803721426,5.133834536512888
91069,91,Boigneville,249100157,CC des 2 Vallées,CC,15,376,2.199,1.117,8.380229905190156,2.566917268256444,6.26629803721426,5.133834536512888
91075,91,Bois-Herpin,200017846,CA Étampois Sud Essonne,CA,37,83,2.12,1.628,8.380229905190156,2.566917268256444,6.26629803721426,5.133834536512888
91079,91,Boissy-la-Rivière,200017846,CA Étampois Sud Essonne,CA,37,533,2.851,1.956,8.380229905190156,2.566917268256444,6.26629803721426,5.133834536512888
91080,91,Boissy-le-Cutté,249100553,CC Entre Juine et Renarde (CCEJR),CC,16,1343,2.654,1.671,8.380229905190156,2.566917268256444,6.26629803721426,5.133834536512888
91081,91,Boissy-le-Sec,200017846,CA Étampois Sud Essonne,CA,37,693,2.18,1.14,8.380229905190156,2.566917268256444,6.26629803721426,5.133834536512888
91085,91,Boissy-sous-Saint-Yon,249100553,CC Entre Juine et Renarde (CCEJR),CC,16,3855,2.526,1.471,8.380229905190156,2.566917268256444,6.26629803721426,5.133834536512888
91086,91,Bondoufle,200059228,CA Grand Paris Sud Seine Essonne Sénart,CA,23,10833,2.328,1.343,8.380229905190156,2.566917268256444,6.26629803721426,5.133834536512888
91093,91,Boullay-les-Troux,249100074,CC du Pays de Limours (CCPL),CC,14,632,2.813,1.969,8.380229905190156,2.566917268256444,6.26629803721426,5.133834536512888
91095,91,Bouray-sur-Juine,249100553,CC Entre Juine et Renarde (CCEJR),CC,16,2077,1.514,0.813,8.380229905190156,2.566917268256444,6.26629803721426,5.133834536512888
91097,91,Boussy-Saint-Antoine,200058477,CA Val d'Yerres Val de Seine,CA,9,7986,2.607,1.799,8.380229905190156,2.566917268256444,6.26629803721426,5.133834536512888
91098,91,Boutervilliers,200017846,CA Étampois Sud Essonne,CA,37,429,1.906,0.974,8.380229905190156,2.566917268256444,6.26629803721426,5.133834536512888
91099,91,Boutigny-sur-Essonne,249100157,CC des 2 Vallées,CC,15,3048,2.339,1.652,8.380229905190156,2.566917268256444,6.26629803721426,5.133834536512888
91100,91,Bouville,200017846,CA Étampois Sud Essonne,CA,37,658,2.592,1.754,8.380229905190156,2.566917268256444,6.26629803721426,5.133834536512888
91103,91,Brétigny-sur-Orge,200057859,CA Coeur d'Essonne Agglomération,CA,21,26658,1.521,0.936,8.380229905190156,2.566917268256444,6.26629803721426,5.133834536512888
91105,91,Breuillet,200057859,CA Coeur d'Essonne Agglomération,CA,21,9023,1.922,1.164,8.380229905190156,2.566917268256444,6.26629803721426,5.133834536512888
91106,91,Breux-Jouy,249100595,CC le Dourdannais en Hurepoix (CCDH),CC,11,1283,1.954,1.083,8.380229905190156,2.566917268256444,6.26629803721426,5.133834536512888
91109,91,Brières-les-Scellés,200017846,CA Étampois Sud Essonne,CA,37,1218,2.657,1.615,8.380229905190156,2.566917268256444,6.26629803721426,5.133834536512888
91111,91,Briis-sous-Forges,249100074,CC du Pays de Limours (CCPL),CC,14,3375,2.569,1.857,8.380229905190156,2.566917268256444,6.26629803721426,5.133834536512888
91112,91,Brouy,200017846,CA Étampois Sud Essonne,CA,37,129,1.733,0.908,8.380229905190156,2.566917268256444,6.26629803721426,5.133834536512888
91114,91,Brunoy,200058477,CA Val d'Yerres Val de Seine,CA,9,25792,2.729,1.815,8.380229905190156,2.566917268256444,6.26629803721426,5.133834536512888
91115,91,Bruyères-le-Châtel,200057859,CA Coeur d'Essonne Agglomération,CA,21,3738,1.971,1.191,8.380229905190156,2.566917268256444,6.26629803721426,5.133834536512888
91121,91,Buno-Bonnevaux,249100157,CC des 2 Vallées,CC,15,523,2.337,1.196,8.380229905190156,2.566917268256444,6.26629803721426,5.133834536512888
91122,91,Bures-sur-Yvette,200056232,CA Communauté Paris-Saclay,CA,27,9481,2.616,1.743,8.380229905190156,2.566917268256444,6.26629803721426,5.133834536512888
91129,91,Cerny,249100546,CC du Val d'Essonne (CCVE),CC,21,3425,2.067,1.319,8.380229905190156,2.566917268256444,6.26629803721426,5.133834536512888
91130,91,Chalo-Saint-Mars,200017846,CA Étampois Sud Essonne,CA,37,1042,2.131,1.107,8.380229905190156,2.566917268256444,6.26629803721426,5.133834536512888
91131,91,Chalou-Moulineux,200017846,CA Étampois Sud Essonne,CA,37,380,2.355,1.248,8.380229905190156,2.566917268256444,6.26629803721426,5.133834536512888
91132,91,Chamarande,249100553,CC Entre Juine et Renarde (CCEJR),CC,16,1104,2.378,1.358,8.380229905190156,2.566917268256444,6.26629803721426,5.133834536512888
91135,91,Champcueil,249100546,CC du Val d'Essonne (CCVE),CC,21,2873,1.459,0.882,8.380229905190156,2.566917268256444,6.26629803721426,5.133834536512888
91136,91,Champlan,200056232,CA Communauté Paris-Saclay,CA,27,2606,3.168,2.152,8.380229905190156,2.566917268256444,6.26629803721426,5.133834536512888
91137,91,Champmotteux,200017846,CA Étampois Sud Essonne,CA,37,360,1.911,0.939,8.380229905190156,2.566917268256444,6.26629803721426,5.133834536512888
91145,91,Chatignonville,200017846,CA Étampois Sud Essonne,CA,37,71,2.209,1.087,8.380229905190156,2.566917268256444,6.26629803721426,5.133834536512888
91148,91,Chauffour-lès-Étréchy,249100553,CC Entre Juine et Renarde (CCEJR),CC,16,135,2.368,1.322,8.380229905190156,2.566917268256444,6.26629803721426,5.133834536512888
91156,91,Cheptainville,200057859,CA Coeur d'Essonne Agglomération,CA,21,2212,1.361,0.688,8.380229905190156,2.566917268256444,6.26629803721426,5.133834536512888
91159,91,Chevannes,249100546,CC du Val d'Essonne (CCVE),CC,21,1550,1.722,1.064,8.380229905190156,2.566917268256444,6.26629803721426,5.133834536512888
91161,91,Chilly-Mazarin,200056232,CA Communauté Paris-Saclay,CA,27,19981,3.509,2.357,8.380229905190156,2.566917268256444,6.26629803721426,5.133834536512888
91174,91,Corbeil-Essonnes,200059228,CA Grand Paris Sud Seine Essonne Sénart,CA,23,53712,1.983,1.3,8.380229905190156,2.566917268256444,6.26629803721426,5.133834536512888
91175,91,Corbreuse,249100595,CC le Dourdannais en Hurepoix (CCDH),CC,11,1675,1.894,0.772,8.380229905190156,2.566917268256444,6.26629803721426,5.133834536512888
91179,91,Le Coudray-Montceaux,200059228,CA Grand Paris Sud Seine Essonne Sénart,CA,23,4738,3.311,2.141,8.380229905190156,2.566917268256444,6.26629803721426,5.133834536512888
91180,91,Courances,249100157,CC des 2 Vallées,CC,15,336,2.487,1.677,8.380229905190156,2.566917268256444,6.26629803721426,5.133834536512888
91184,91,Courdimanche-sur-Essonne,249100157,CC des 2 Vallées,CC,15,279,2.167,1.562,8.380229905190156,2.566917268256444,6.26629803721426,5.133834536512888
91186,91,Courson-Monteloup,249100074,CC du Pays de Limours (CCPL),CC,14,570,2.291,1.526,8.380229905190156,2.566917268256444,6.26629803721426,5.133834536512888
91191,91,Crosne,200058477,CA Val d'Yerres Val de Seine,CA,9,9606,2.432,1.45,8.380229905190156,2.566917268256444,6.26629803721426,5.133834536512888
91195,91,Dannemois,249100157,CC des 2 Vallées,CC,15,854,2.328,1.545,8.380229905190156,2.566917268256444,6.26629803721426,5.133834536512888
91198,91,D'Huison-Longueville,249100546,CC du Val d'Essonne (CCVE),CC,21,1532,2.731,1.807,8.380229905190156,2.566917268256444,6.26629803721426,5.133834536512888
91200,91,Dourdan,249100595,CC le Dourdannais en Hurepoix (CCDH),CC,11,11068,2.014,0.851,8.380229905190156,2.566917268256444,6.26629803721426,5.133834536512888
91201,91,Draveil,200058477,CA Val d'Yerres Val de Seine,CA,9,29824,2.332,1.37,8.380229905190156,2.566917268256444,6.26629803721426,5.133834536512888
91204,91,Écharcon,249100546,CC du Val d'Essonne (CCVE),CC,21,720,2.679,1.661,8.380229905190156,2.566917268256444,6.26629803721426,5.133834536512888
91207,91,Égly,200057859,CA Coeur d'Essonne Agglomération,CA,21,7078,2.454,1.414,8.380229905190156,2.566917268256444,6.26629803721426,5.133834536512888
91215,91,Épinay-sous-Sénart,200058477,CA Val d'Yerres Val de Seine,CA,9,11783,2.705,1.79,8.380229905190156,2.566917268256444,6.26629803721426,5.133834536512888
91216,91,Épinay-sur-Orge,200056232,CA Communauté Paris-Saclay,CA,27,10626,2.217,1.356,8.380229905190156,2.566917268256444,6.26629803721426,5.133834536512888
91223,91,Étampes,200017846,CA Étampois Sud Essonne,CA,37,26601,2.364,1.488,8.380229905190156,2.566917268256444,6.26629803721426,5.133834536512888
91225,91,Étiolles,200059228,CA Grand Paris Sud Seine Essonne Sénart,CA,23,3100,4.337,2.822,8.380229905190156,2.566917268256444,6.26629803721426,5.133834536512888
91226,91,Étréchy,249100553,CC Entre Juine et Renarde (CCEJR),CC,16,6926,2.33,1.44,8.380229905190156,2.566917268256444,6.26629803721426,5.133834536512888
91228,91,Évry-Courcouronnes,200059228,CA Grand Paris Sud Seine Essonne Sénart,CA,23,66700,2.985,1.9,8.380229905190156,2.566917268256444,6.26629803721426,5.133834536512888
91232,91,La Ferté-Alais,249100546,CC du Val d'Essonne (CCVE),CC,21,3663,2.509,1.672,8.380229905190156,2.566917268256444,6.26629803721426,5.133834536512888
91235,91,Fleury-Mérogis,200057859,CA Coeur d'Essonne Agglomération,CA,21,13816,2.96,1.686,8.380229905190156,2.566917268256444,6.26629803721426,5.133834536512888
91240,91,Fontaine-la-Rivière,200017846,CA Étampois Sud Essonne,CA,37,182,2.721,1.889,8.380229905190156,2.566917268256444,6.26629803721426,5.133834536512888
91243,91,Fontenay-lès-Briis,249100074,CC du Pays de Limours (CCPL),CC,14,2322,2.501,1.682,8.380229905190156,2.566917268256444,6.26629803721426,5.133834536512888
91244,91,Fontenay-le-Vicomte,249100546,CC du Val d'Essonne (CCVE),CC,21,1563,2.053,1.233,8.380229905190156,2.566917268256444,6.26629803721426,5.133834536512888
91247,91,La Forêt-le-Roi,249100595,CC le Dourdannais en Hurepoix (CCDH),CC,11,493,2.439,1.179,8.380229905190156,2.566917268256444,6.26629803721426,5.133834536512888
91248,91,La Forêt-Sainte-Croix,200017846,CA Étampois Sud Essonne,CA,37,153,2.407,1.79,8.380229905190156,2.566917268256444,6.26629803721426,5.133834536512888
91249,91,Forges-les-Bains,249100074,CC du Pays de Limours (CCPL),CC,14,4138,2.343,1.681,8.380229905190156,2.566917268256444,6.26629803721426,5.133834536512888
91272,91,Gif-sur-Yvette,200056232,CA Communauté Paris-Saclay,CA,27,22578,2.706,1.766,8.380229905190156,2.566917268256444,6.26629803721426,5.133834536512888
91273,91,Gironville-sur-Essonne,249100157,CC des 2 Vallées,CC,15,762,2.047,1.255,8.380229905190156,2.566917268256444,6.26629803721426,5.133834536512888
91274,91,Gometz-la-Ville,249100074,CC du Pays de Limours (CCPL),CC,14,1512,3.821,2.681,8.380229905190156,2.566917268256444,6.26629803721426,5.133834536512888
91275,91,Gometz-le-Châtel,200056232,CA Communauté Paris-Saclay,CA,27,2635,3.828,2.642,8.380229905190156,2.566917268256444,6.26629803721426,5.133834536512888
91284,91,Les Granges-le-Roi,249100595,CC le Dourdannais en Hurepoix (CCDH),CC,11,1187,2.398,1.001,8.380229905190156,2.566917268256444,6.26629803721426,5.133834536512888
91286,91,Grigny,200059228,CA Grand Paris Sud Seine Essonne Sénart,CA,23,26500,2.419,1.424,8.380229905190156,2.566917268256444,6.26629803721426,5.133834536512888
91292,91,Guibeville,200057859,CA Coeur d'Essonne Agglomération,CA,21,929,2.045,1.083,8.380229905190156,2.566917268256444,6.26629803721426,5.133834536512888
91293,91,Guigneville-sur-Essonne,249100546,CC du Val d'Essonne (CCVE),CC,21,876,2.48,1.64,8.380229905190156,2.566917268256444,6.26629803721426,5.133834536512888
91294,91,Guillerval,200017846,CA Étampois Sud Essonne,CA,37,812,3.012,1.819,8.380229905190156,2.566917268256444,6.26629803721426,5.133834536512888
91312,91,Igny,200056232,CA Communauté Paris-Saclay,CA,27,10571,3.138,2.154,8.380229905190156,2.566917268256444,6.26629803721426,5.133834536512888
91315,91,Itteville,249100546,CC du Val d'Essonne (CCVE),CC,21,6674,1.613,0.91,8.380229905190156,2.566917268256444,6.26629803721426,5.133834536512888
91318,91,Janville-sur-Juine,249100553,CC Entre Juine et Renarde (CCEJR),CC,16,1997,1.844,1.014,8.380229905190156,2.566917268256444,6.26629803721426,5.133834536512888
91319,91,Janvry,249100074,CC du Pays de Limours (CCPL),CC,14,649,3.345,2.305,8.380229905190156,2.566917268256444,6.26629803721426,5.133834536512888
91326,91,Juvisy-sur-Orge,200054781,Métropole du Grand Paris,METRO,130,18978,2.258,1.319,8.380229905190156,2.566917268256444,6.26629803721426,5.133834536512888
91330,91,Lardy,249100553,CC Entre Juine et Renarde (CCEJR),CC,16,5572,2.09,1.121,8.380229905190156,2.566917268256444,6.26629803721426,5.133834536512888
91332,91,Leudeville,249100546,CC du Val d'Essonne (CCVE),CC,21,1560,2.045,1.17,8.380229905190156,2.566917268256444,6.26629803721426,5.133834536512888
91333,91,Leuville-sur-Orge,200057859,CA Coeur d'Essonne Agglomération,CA,21,4307,2.397,1.456,8.380229905190156,2.566917268256444,6.26629803721426,5.133834536512888
91338,91,Limours,249100074,CC du Pays de Limours (CCPL),CC,14,6408,2.643,1.957,8.380229905190156,2.566917268256444,6.26629803721426,5.133834536512888
91339,91,Linas,200056232,CA Communauté Paris-Saclay,CA,27,7310,3.446,2.082,8.380229905190156,2.566917268256444,6.26629803721426,5.133834536512888
91340,91,Lisses,200059228,CA Grand Paris Sud Seine Essonne Sénart,CA,23,7295,3.311,2.156,8.380229905190156,2.566917268256444,6.26629803721426,5.133834536512888
91345,91,Longjumeau,200056232,CA Communauté Paris-Saclay,CA,27,20470,2.206,1.489,8.380229905190156,2.566917268256444,6.26629803721426,5.133834536512888
91347,91,Longpont-sur-Orge,200057859,CA Coeur d'Essonne Agglomération,CA,21,6456,2.256,1.39,8.380229905190156,2.566917268256444,6.26629803721426,5.133834536512888
91359,91,Maisse,249100157,CC des 2 Vallées,CC,15,2804,2.223,1.368,8.380229905190156,2.566917268256444,6.26629803721426,5.133834536512888
91363,91,Marcoussis,200056232,CA Communauté Paris-Saclay,CA,27,8597,1.693,1.128,8.380229905190156,2.566917268256444,6.26629803721426,5.133834536512888
91374,91,Marolles-en-Beauce,200017846,CA Étampois Sud Essonne,CA,37,238,2.54,1.995,8.380229905190156,2.566917268256444,6.26629803721426,5.133834536512888
91376,91,Marolles-en-Hurepoix,200057859,CA Coeur d'Essonne Agglomération,CA,21,5688,2.054,1.145,8.380229905190156,2.566917268256444,6.26629803721426,5.133834536512888
91377,91,Massy,200056232,CA Communauté Paris-Saclay,CA,27,50597,3.534,2.393,8.380229905190156,2.566917268256444,6.26629803721426,5.133834536512888
91378,91,Mauchamps,249100553,CC Entre Juine et Renarde (CCEJR),CC,16,379,2.492,1.418,8.380229905190156,2.566917268256444,6.26629803721426,5.133834536512888
91386,91,Mennecy,249100546,CC du Val d'Essonne (CCVE),CC,21,16071,2.585,1.569,8.380229905190156,2.566917268256444,6.26629803721426,5.133834536512888
91390,91,Le Mérévillois,200017846,CA Étampois Sud Essonne,CA,37,3420,2.344,1.464,8.380229905190156,2.566917268256444,6.26629803721426,5.133834536512888
91393,91,Mérobert,200017846,CA Étampois Sud Essonne,CA,37,635,1.79,0.79,8.380229905190156,2.566917268256444,6.26629803721426,5.133834536512888
91399,91,Mespuits,200017846,CA Étampois Sud Essonne,CA,37,188,2.044,1.313,8.380229905190156,2.566917268256444,6.26629803721426,5.133834536512888
91405,91,Milly-la-Forêt,249100157,CC des 2 Vallées,CC,15,4582,2.113,1.203,8.380229905190156,2.566917268256444,6.26629803721426,5.133834536512888
91408,91,Moigny-sur-École,249100157,CC des 2 Vallées,CC,15,1311,1.923,1.325,8.380229905190156,2.566917268256444,6.26629803721426,5.133834536512888
91411,91,Les Molières,249100074,CC du Pays de Limours (CCPL),CC,14,1935,2.683,1.909,8.380229905190156,2.566917268256444,6.26629803721426,5.133834536512888
91412,91,Mondeville,249100157,CC des 2 Vallées,CC,15,724,1.938,1.22,8.380229905190156,2.566917268256444,6.26629803721426,5.133834536512888
91414,91,Monnerville,200017846,CA Étampois Sud Essonne,CA,37,377,3.807,2.152,8.380229905190156,2.566917268256444,6.26629803721426,5.133834536512888
91421,91,Montgeron,200058477,CA Val d'Yerres Val de Seine,CA,9,23890,2.67,1.608,8.380229905190156,2.566917268256444,6.26629803721426,5.133834536512888
91425,91,Montlhéry,200056232,CA Communauté Paris-Saclay,CA,27,9238,3.337,2.118,8.380229905190156,2.566917268256444,6.26629803721426,5.133834536512888
91432,91,Morangis,200054781,Métropole du Grand Paris,METRO,130,13773,2.574,1.72,8.380229905190156,2.566917268256444,6.26629803721426,5.133834536512888
91433,91,Morigny-Champigny,200017846,CA Étampois Sud Essonne,CA,37,4435,2.329,1.506,8.380229905190156,2.566917268256444,6.26629803721426,5.133834536512888
91434,91,Morsang-sur-Orge,200057859,CA Coeur d'Essonne Agglomération,CA,21,21161,2.15,1.253,8.380229905190156,2.566917268256444,6.26629803721426,5.133834536512888
91435,91,Morsang-sur-Seine,200059228,CA Grand Paris Sud Seine Essonne Sénart,CA,23,584,1.452,1.017,8.380229905190156,2.566917268256444,6.26629803721426,5.133834536512888
91441,91,Nainville-les-Roches,249100546,CC du Val d'Essonne (CCVE),CC,21,521,2.086,1.358,8.380229905190156,2.566917268256444,6.26629803721426,5.133834536512888
91457,91,La Norville,200057859,CA Coeur d'Essonne Agglomération,CA,21,4308,1.633,0.883,8.380229905190156,2.566917268256444,6.26629803721426,5.133834536512888
91458,91,Nozay,200056232,CA Communauté Paris-Saclay,CA,27,4465,2.639,1.708,8.380229905190156,2.566917268256444,6.26629803721426,5.133834536512888
91461,91,Ollainville,200057859,CA Coeur d'Essonne Agglomération,CA,21,5361,2.051,1.188,8.380229905190156,2.566917268256444,6.26629803721426,5.133834536512888
91463,91,Oncy-sur-École,249100157,CC des 2 Vallées,CC,15,1037,1.621,0.892,8.380229905190156,2.566917268256444,6.26629803721426,5.133834536512888
91468,91,Ormoy,249100546,CC du Val d'Essonne (CCVE),CC,21,2896,3.581,2.297,8.380229905190156,2.566917268256444,6.26629803721426,5.133834536512888
91469,91,Ormoy-la-Rivière,200017846,CA Étampois Sud Essonne,CA,37,950,3.138,2.025,8.380229905190156,2.566917268256444,6.26629803721426,5.133834536512888
91471,91,Orsay,200056232,CA Communauté Paris-Saclay,CA,27,16655,2.576,1.674,8.380229905190156,2.566917268256444,6.26629803721426,5.133834536512888
91473,91,Orveau,249100546,CC du Val d'Essonne (CCVE),CC,21,145,2.441,1.66,8.380229905190156,2.566917268256444,6.26629803721426,5.133834536512888
91477,91,Palaiseau,200056232,CA Communauté Paris-Saclay,CA,27,36067,2.338,1.597,8.380229905190156,2.566917268256444,6.26629803721426,5.133834536512888
91479,91,Paray-Vieille-Poste,200054781,Métropole du Grand Paris,METRO,130,7956,2.058,1.356,8.380229905190156,2.566917268256444,6.26629803721426,5.133834536512888
91482,91,Pecqueuse,249100074,CC du Pays de Limours (CCPL),CC,14,567,2.49,1.783,8.380229905190156,2.566917268256444,6.26629803721426,5.133834536512888
91494,91,Le Plessis-Pâté,200057859,CA Coeur d'Essonne Agglomération,CA,21,4107,2.732,1.631,8.380229905190156,2.566917268256444,6.26629803721426,5.133834536512888
91495,91,Plessis-Saint-Benoist,200017846,CA Étampois Sud Essonne,CA,37,327,1.673,0.656,8.380229905190156,2.566917268256444,6.26629803721426,5.133834536512888
91507,91,Prunay-sur-Essonne,249100157,CC des 2 Vallées,CC,15,312,2.295,1.177,8.380229905190156,2.566917268256444,6.26629803721426,5.133834536512888
91508,91,Puiselet-le-Marais,200017846,CA Étampois Sud Essonne,CA,37,261,2.461,1.728,8.380229905190156,2.566917268256444,6.26629803721426,5.133834536512888
91511,91,Pussay,200017846,CA Étampois Sud Essonne,CA,37,2182,2.536,1.192,8.380229905190156,2.566917268256444,6.26629803721426,5.133834536512888
91514,91,Quincy-sous-Sénart,200058477,CA Val d'Yerres Val de Seine,CA,9,9491,3.567,2.42,8.380229905190156,2.566917268256444,6.26629803721426,5.133834536512888
91519,91,Richarville,249100595,CC le Dourdannais en Hurepoix (CCDH),CC,11,388,1.936,0.786,8.380229905190156,2.566917268256444,6.26629803721426,5.133834536512888
91521,91,Ris-Orangis,200059228,CA Grand Paris Sud Seine Essonne Sénart,CA,23,30283,1.807,1.007,8.380229905190156,2.566917268256444,6.26629803721426,5.133834536512888
91525,91,Roinville,249100595,CC le Dourdannais en Hurepoix (CCDH),CC,11,1314,2.173,0.903,8.380229905190156,2.566917268256444,6.26629803721426,5.133834536512888
91526,91,Roinvilliers,200017846,CA Étampois Sud Essonne,CA,37,110,2.538,1.754,8.380229905190156,2.566917268256444,6.26629803721426,5.133834536512888
91533,91,Saclas,200017846,CA Étampois Sud Essonne,CA,37,1857,2.667,1.711,8.380229905190156,2.566917268256444,6.26629803721426,5.133834536512888
91534,91,Saclay,200056232,CA Communauté Paris-Saclay,CA,27,4380,3.543,2.355,8.380229905190156,2.566917268256444,6.26629803721426,5.133834536512888
91538,91,Saint-Aubin,200056232,CA Communauté Paris-Saclay,CA,27,671,3.63,2.386,8.380229905190156,2.566917268256444,6.26629803721426,5.133834536512888
91540,91,Saint-Chéron,249100595,CC le Dourdannais en Hurepoix (CCDH),CC,11,5176,2.385,1.348,8.380229905190156,2.566917268256444,6.26629803721426,5.133834536512888
91544,91,Saint-Cyr-la-Rivière,200017846,CA Étampois Sud Essonne,CA,37,472,2.632,1.8,8.380229905190156,2.566917268256444,6.26629803721426,5.133834536512888
91546,91,Saint-Cyr-sous-Dourdan,249100595,CC le Dourdannais en Hurepoix (CCDH),CC,11,957,3.036,1.662,8.380229905190156,2.566917268256444,6.26629803721426,5.133834536512888
91547,91,Saint-Escobille,200017846,CA Étampois Sud Essonne,CA,37,465,1.359,0.497,8.380229905190156,2.566917268256444,6.26629803721426,5.133834536512888
91549,91,Sainte-Geneviève-des-Bois,200057859,CA Coeur d'Essonne Agglomération,CA,21,35714,2.531,1.542,8.380229905190156,2.566917268256444,6.26629803721426,5.133834536512888
91552,91,Saint-Germain-lès-Arpajon,200057859,CA Coeur d'Essonne Agglomération,CA,21,11577,2.32,1.355,8.380229905190156,2.566917268256444,6.26629803721426,5.133834536512888
91553,91,Saint-Germain-lès-Corbeil,200059228,CA Grand Paris Sud Seine Essonne Sénart,CA,23,7471,4.082,2.69,8.380229905190156,2.566917268256444,6.26629803721426,5.133834536512888
91556,91,Saint-Hilaire,200017846,CA Étampois Sud Essonne,CA,37,402,1.662,0.928,8.380229905190156,2.566917268256444,6.26629803721426,5.133834536512888
91560,91,Saint-Jean-de-Beauregard,249100074,CC du Pays de Limours (CCPL),CC,14,471,4.687,2.969,8.380229905190156,2.566917268256444,6.26629803721426,5.133834536512888
91568,91,Saint-Maurice-Montcouronne,249100074,CC du Pays de Limours (CCPL),CC,14,1540,2.326,1.448,8.380229905190156,2.566917268256444,6.26629803721426,5.133834536512888
91570,91,Saint-Michel-sur-Orge,200057859,CA Coeur d'Essonne Agglomération,CA,21,21536,3.061,1.873,8.380229905190156,2.566917268256444,6.26629803721426,5.133834536512888
91573,91,Saint-Pierre-du-Perray,200059228,CA Grand Paris Sud Seine Essonne Sénart,CA,23,12071,2.122,1.384,8.380229905190156,2.566917268256444,6.26629803721426,5.133834536512888
91577,91,Saintry-sur-Seine,200059228,CA Grand Paris Sud Seine Essonne Sénart,CA,23,5853,1.383,0.968,8.380229905190156,2.566917268256444,6.26629803721426,5.133834536512888
91578,91,Saint-Sulpice-de-Favières,249100553,CC Entre Juine et Renarde (CCEJR),CC,16,271,2.096,1.172,8.380229905190156,2.566917268256444,6.26629803721426,5.133834536512888
91579,91,Saint-Vrain,249100546,CC du Val d'Essonne (CCVE),CC,21,3046,1.77,1.005,8.380229905190156,2.566917268256444,6.26629803721426,5.133834536512888
91581,91,Saint-Yon,249100553,CC Entre Juine et Renarde (CCEJR),CC,16,914,2.23,1.293,8.380229905190156,2.566917268256444,6.26629803721426,5.133834536512888
91587,91,Saulx-les-Chartreux,200056232,CA Communauté Paris-Saclay,CA,27,6611,2.979,2.008,8.380229905190156,2.566917268256444,6.26629803721426,5.133834536512888
91589,91,Savigny-sur-Orge,200054781,Métropole du Grand Paris,METRO,130,37775,1.687,0.972,8.380229905190156,2.566917268256444,6.26629803721426,5.133834536512888
91593,91,Sermaise,249100595,CC le Dourdannais en Hurepoix (CCDH),CC,11,1606,2.204,1.076,8.380229905190156,2.566917268256444,6.26629803721426,5.133834536512888
91599,91,Soisy-sur-École,249100157,CC des 2 Vallées,CC,15,1169,2.298,1.501,8.380229905190156,2.566917268256444,6.26629803721426,5.133834536512888
91600,91,Soisy-sur-Seine,200059228,CA Grand Paris Sud Seine Essonne Sénart,CA,23,7370,2.867,1.742,8.380229905190156,2.566917268256444,6.26629803721426,5.133834536512888
91602,91,Souzy-la-Briche,249100553,CC Entre Juine et Renarde (CCEJR),CC,16,484,2.234,1.21,8.380229905190156,2.566917268256444,6.26629803721426,5.133834536512888
91613,91,Congerville-Thionville,200017846,CA Étampois Sud Essonne,CA,37,212,2.006,0.881,8.380229905190156,2.566917268256444,6.26629803721426,5.133834536512888
91617,91,Tigery,200059228,CA Grand Paris Sud Seine Essonne Sénart,CA,23,4359,4.208,2.797,8.380229905190156,2.566917268256444,6.26629803721426,5.133834536512888
91619,91,Torfou,249100553,CC Entre Juine et Renarde (CCEJR),CC,16,277,2.238,1.229,8.380229905190156,2.566917268256444,6.26629803721426,5.133834536512888
91629,91,Valpuiseaux,200017846,CA Étampois Sud Essonne,CA,37,621,1.944,1.468,8.380229905190156,2.566917268256444,6.26629803721426,5.133834536512888
91630,91,Le Val-Saint-Germain,249100595,CC le Dourdannais en Hurepoix (CCDH),CC,11,1550,2.55,1.314,8.380229905190156,2.566917268256444,6.26629803721426,5.133834536512888
91631,91,Varennes-Jarcy,247700644,CC l'Orée de la Brie,CC,4,2381,2.16,1.547,8.380229905190156,2.566917268256444,6.26629803721426,5.133834536512888
91634,91,Vaugrigneuse,249100074,CC du Pays de Limours (CCPL),CC,14,1451,2.226,1.517,8.380229905190156,2.566917268256444,6.26629803721426,5.133834536512888
91635,91,Vauhallan,200056232,CA Communauté Paris-Saclay,CA,27,1954,2.47,1.694,8.380229905190156,2.566917268256444,6.26629803721426,5.133834536512888
91639,91,Vayres-sur-Essonne,249100546,CC du Val d'Essonne (CCVE),CC,21,974,2.868,1.985,8.380229905190156,2.566917268256444,6.26629803721426,5.133834536512888
91645,91,Verrières-le-Buisson,200056232,CA Communauté Paris-Saclay,CA,27,14772,2.752,1.907,8.380229905190156,2.566917268256444,6.26629803721426,5.133834536512888
91648,91,Vert-le-Grand,249100546,CC du Val d'Essonne (CCVE),CC,21,2348,2.162,1.257,8.380229905190156,2.566917268256444,6.26629803721426,5.133834536512888
91649,91,Vert-le-Petit,249100546,CC du Val d'Essonne (CCVE),CC,21,2716,1.843,1.086,8.380229905190156,2.566917268256444,6.26629803721426,5.133834536512888
91654,91,Videlles,249100157,CC des 2 Vallées,CC,15,584,2.279,1.485,8.380229905190156,2.566917268256444,6.26629803721426,5.133834536512888
91657,91,Vigneux-sur-Seine,200058477,CA Val d'Yerres Val de Seine,CA,9,31233,1.675,0.954,8.380229905190156,2.566917268256444,6.26629803721426,5.133834536512888
91659,91,Villabé,200059228,CA Grand Paris Sud Seine Essonne Sénart,CA,23,5654,3.55,2.241,8.380229905190156,2.566917268256444,6.26629803721426,5.133834536512888
91661,91,Villebon-sur-Yvette,200056232,CA Communauté Paris-Saclay,CA,27,10353,3.16,2.133,8.380229905190156,2.566917268256444,6.26629803721426,5.133834536512888
91662,91,Villeconin,249100553,CC Entre Juine et Renarde (CCEJR),CC,16,768,2.387,1.22,8.380229905190156,2.566917268256444,6.26629803721426,5.133834536512888
91665,91,La Ville-du-Bois,200056232,CA Communauté Paris-Saclay,CA,27,8140,2.688,1.746,8.380229905190156,2.566917268256444,6.26629803721426,5.133834536512888
91666,91,Villejust,200056232,CA Communauté Paris-Saclay,CA,27,2502,3.627,2.384,8.380229905190156,2.566917268256444,6.26629803721426,5.133834536512888
91667,91,Villemoisson-sur-Orge,200057859,CA Coeur d'Essonne Agglomération,CA,21,7226,2.436,1.489,8.380229905190156,2.566917268256444,6.26629803721426,5.133834536512888
91671,91,Villeneuve-sur-Auvers,249100553,CC Entre Juine et Renarde (CCEJR),CC,16,595,2.6,1.608,8.380229905190156,2.566917268256444,6.26629803721426,5.133834536512888
91679,91,Villiers-le-Bâcle,200056232,CA Communauté Paris-Saclay,CA,27,1040,3.336,2.269,8.380229905190156,2.566917268256444,6.26629803721426,5.133834536512888
91685,91,Villiers-sur-Orge,200057859,CA Coeur d'Essonne Agglomération,CA,21,4576,2.517,1.624,8.380229905190156,2.566917268256444,6.26629803721426,5.133834536512888
91687,91,Viry-Châtillon,200054781,Métropole du Grand Paris,METRO,130,31112,3.343,1.973,8.380229905190156,2.566917268256444,6.26629803721426,5.133834536512888
91689,91,Wissous,200056232,CA Communauté Paris-Saclay,CA,27,6924,3.447,2.314,8.380229905190156,2.566917268256444,6.26629803721426,5.133834536512888
91691,91,Yerres,200058477,CA Val d'Yerres Val de Seine,CA,9,28349,2.563,1.6,8.380229905190156,2.566917268256444,6.26629803721426,5.133834536512888
91692,91,Les Ulis,200056232,CA Communauté Paris-Saclay,CA,27,25633,2.69,1.832,8.380229905190156,2.566917268256444,6.26629803721426,5.133834536512888
92002,92,Antony,200054781,Métropole du Grand Paris,METRO,130,64026,2.453,1.698,10.258371346972718,6.252143483657929,9.8941688139441,6.434244750172238
92004,92,Asnières-sur-Seine,200054781,Métropole du Grand Paris,METRO,130,91457,3.631,2.714,10.258371346972718,6.252143483657929,9.8941688139441,6.434244750172238
92007,92,Bagneux,200054781,Métropole du Grand Paris,METRO,130,43647,3.941,2.514,10.258371346972718,6.252143483657929,9.8941688139441,6.434244750172238
92009,92,Bois-Colombes,200054781,Métropole du Grand Paris,METRO,130,29376,3.782,2.794,10.258371346972718,6.252143483657929,9.8941688139441,6.434244750172238
92012,92,Boulogne-Billancourt,200054781,Métropole du Grand Paris,METRO,130,120205,3.031,1.834,10.258371346972718,6.252143483657929,9.8941688139441,6.434244750172238
92014,92,Bourg-la-Reine,200054781,Métropole du Grand Paris,METRO,130,21140,2.869,1.888,10.258371346972718,6.252143483657929,9.8941688139441,6.434244750172238
92019,92,Châtenay-Malabry,200054781,Métropole du Grand Paris,METRO,130,35490,1.984,1.346,10.258371346972718,6.252143483657929,9.8941688139441,6.434244750172238
92020,92,Châtillon,200054781,Métropole du Grand Paris,METRO,130,36224,3.921,2.539,10.258371346972718,6.252143483657929,9.8941688139441,6.434244750172238
92022,92,Chaville,200054781,Métropole du Grand Paris,METRO,130,20198,3.5,2.186,10.258371346972718,6.252143483657929,9.8941688139441,6.434244750172238
92023,92,Clamart,200054781,Métropole du Grand Paris,METRO,130,56882,2.429,1.558,10.258371346972718,6.252143483657929,9.8941688139441,6.434244750172238
92024,92,Clichy,200054781,Métropole du Grand Paris,METRO,130,65102,4.113,3.027,10.258371346972718,6.252143483657929,9.8941688139441,6.434244750172238
92025,92,Colombes,200054781,Métropole du Grand Paris,METRO,130,90692,2.617,1.859,10.258371346972718,6.252143483657929,9.8941688139441,6.434244750172238
92026,92,Courbevoie,200054781,Métropole du Grand Paris,METRO,130,81945,3.842,2.649,10.258371346972718,6.252143483657929,9.8941688139441,6.434244750172238
92032,92,Fontenay-aux-Roses,200054781,Métropole du Grand Paris,METRO,130,24586,3.072,2.002,10.258371346972718,6.252143483657929,9.8941688139441,6.434244750172238
92033,92,Garches,200054781,Métropole du Grand Paris,METRO,130,17705,2.598,1.549,10.258371346972718,6.252143483657929,9.8941688139441,6.434244750172238
92035,92,La Garenne-Colombes,200054781,Métropole du Grand Paris,METRO,130,29828,3.907,2.707,10.258371346972718,6.252143483657929,9.8941688139441,6.434244750172238
92036,92,Gennevilliers,200054781,Métropole du Grand Paris,METRO,130,50874,3.797,2.825,10.258371346972718,6.252143483657929,9.8941688139441,6.434244750172238
92040,92,Issy-les-Moulineaux,200054781,Métropole du Grand Paris,METRO,130,67695,2.99,1.847,10.258371346972718,6.252143483657929,9.8941688139441,6.434244750172238
92044,92,Levallois-Perret,200054781,Métropole du Grand Paris,METRO,130,68412,4.361,3.148,10.258371346972718,6.252143483657929,9.8941688139441,6.434244750172238
92046,92,Malakoff,200054781,Métropole du Grand Paris,METRO,130,30183,3.47,2.166,10.258371346972718,6.252143483657929,9.8941688139441,6.434244750172238
92047,92,Marnes-la-Coquette,200054781,Métropole du Grand Paris,METRO,130,1758,3.094,1.812,10.258371346972718,6.252143483657929,9.8941688139441,6.434244750172238
92048,92,Meudon,200054781,Métropole du Grand Paris,METRO,130,46722,2.377,1.475,10.258371346972718,6.252143483657929,9.8941688139441,6.434244750172238
92049,92,Montrouge,200054781,Métropole du Grand Paris,METRO,130,46273,3.631,2.258,10.258371346972718,6.252143483657929,9.8941688139441,6.434244750172238
92050,92,Nanterre,200054781,Métropole du Grand Paris,METRO,130,98119,2.754,1.726,10.258371346972718,6.252143483657929,9.8941688139441,6.434244750172238
92051,92,Neuilly-sur-Seine,200054781,Métropole du Grand Paris,METRO,130,59200,3.737,2.654,10.258371346972718,6.252143483657929,9.8941688139441,6.434244750172238
92060,92,Le Plessis-Robinson,200054781,Métropole du Grand Paris,METRO,130,28893,2.463,1.661,10.258371346972718,6.252143483657929,9.8941688139441,6.434244750172238
92062,92,Puteaux,200054781,Métropole du Grand Paris,METRO,130,44198,3.108,2.008,10.258371346972718,6.252143483657929,9.8941688139441,6.434244750172238
92063,92,Rueil-Malmaison,200054781,Métropole du Grand Paris,METRO,130,80842,2.701,1.595,10.258371346972718,6.252143483657929,9.8941688139441,6.434244750172238
92064,92,Saint-Cloud,200054781,Métropole du Grand Paris,METRO,130,29859,2.24,1.333,10.258371346972718,6.252143483657929,9.8941688139441,6.434244750172238
92071,92,Sceaux,200054781,Métropole du Grand Paris,METRO,130,20740,2.519,1.681,10.258371346972718,6.252143483657929,9.8941688139441,6.434244750172238
92072,92,Sèvres,200054781,Métropole du Grand Paris,METRO,130,22782,1.799,1.097,10.258371346972718,6.252143483657929,9.8941688139441,6.434244750172238
92073,92,Suresnes,200054781,Métropole du Grand Paris,METRO,130,48932,2.587,1.546,10.258371346972718,6.252143483657929,9.8941688139441,6.434244750172238
92075,92,Vanves,200054781,Métropole du Grand Paris,METRO,130,28507,3.198,1.998,10.258371346972718,6.252143483657929,9.8941688139441,6.434244750172238
92076,92,Vaucresson,200054781,Métropole du Grand Paris,METRO,130,8506,2.943,1.718,10.258371346972718,6.252143483657929,9.8941688139441,6.434244750172238
92077,92,Ville-d'Avray,200054781,Métropole du Grand Paris,METRO,130,10871,3.086,1.82,10.258371346972718,6.252143483657929,9.8941688139441,6.434244750172238
92078,92,Villeneuve-la-Garenne,200054781,Métropole du Grand Paris,METRO,130,25566,2.592,1.819,10.258371346972718,6.252143483657929,9.8941688139441,6.434244750172238
93001,93,Aubervilliers,200054781,Métropole du Grand Paris,METRO,130,89489,4.145,2.988,7.551769760216445,1.129792326331594,4.162392781221662,2.9136749468551635
93005,93,Aulnay-sous-Bois,200054781,Métropole du Grand Paris,METRO,130,86360,2.722,1.774,7.551769760216445,1.129792326331594,4.162392781221662,2.9136749468551635
93006,93,Bagnolet,200054781,Métropole du Grand Paris,METRO,130,41776,3.227,2.185,7.551769760216445,1.129792326331594,4.162392781221662,2.9136749468551635
93007,93,Le Blanc-Mesnil,200054781,Métropole du Grand Paris,METRO,130,59912,2.505,1.612,7.551769760216445,1.129792326331594,4.162392781221662,2.9136749468551635
93008,93,Bobigny,200054781,Métropole du Grand Paris,METRO,130,55270,2.433,1.568,7.551769760216445,1.129792326331594,4.162392781221662,2.9136749468551635
93010,93,Bondy,200054781,Métropole du Grand Paris,METRO,130,51066,3.136,1.994,7.551769760216445,1.129792326331594,4.162392781221662,2.9136749468551635
93013,93,Le Bourget,200054781,Métropole du Grand Paris,METRO,130,15052,2.242,1.479,7.551769760216445,1.129792326331594,4.162392781221662,2.9136749468551635
93014,93,Clichy-sous-Bois,200054781,Métropole du Grand Paris,METRO,130,29551,2.982,2.038,7.551769760216445,1.129792326331594,4.162392781221662,2.9136749468551635
93015,93,Coubron,200054781,Métropole du Grand Paris,METRO,130,5156,2.341,1.615,7.551769760216445,1.129792326331594,4.162392781221662,2.9136749468551635
93027,93,La Courneuve,200054781,Métropole du Grand Paris,METRO,130,47086,3.052,2.009,7.551769760216445,1.129792326331594,4.162392781221662,2.9136749468551635
93029,93,Drancy,200054781,Métropole du Grand Paris,METRO,130,71312,2.883,1.816,7.551769760216445,1.129792326331594,4.162392781221662,2.9136749468551635
93030,93,Dugny,200054781,Métropole du Grand Paris,METRO,130,11723,3.042,1.93,7.551769760216445,1.129792326331594,4.162392781221662,2.9136749468551635
93031,93,Épinay-sur-Seine,200054781,Métropole du Grand Paris,METRO,130,53564,3.699,2.686,7.551769760216445,1.129792326331594,4.162392781221662,2.9136749468551635
93032,93,Gagny,200054781,Métropole du Grand Paris,METRO,130,40790,3.209,2.121,7.551769760216445,1.129792326331594,4.162392781221662,2.9136749468551635
93033,93,Gournay-sur-Marne,200054781,Métropole du Grand Paris,METRO,130,7101,2.839,1.863,7.551769760216445,1.129792326331594,4.162392781221662,2.9136749468551635
93039,93,L'Île-Saint-Denis,200054781,Métropole du Grand Paris,METRO,130,8682,3.622,2.603,7.551769760216445,1.129792326331594,4.162392781221662,2.9136749468551635
93045,93,Les Lilas,200054781,Métropole du Grand Paris,METRO,130,23262,3.458,2.36,7.551769760216445,1.129792326331594,4.162392781221662,2.9136749468551635
93046,93,Livry-Gargan,200054781,Métropole du Grand Paris,METRO,130,46507,3.165,2.084,7.551769760216445,1.129792326331594,4.162392781221662,2.9136749468551635
93047,93,Montfermeil,200054781,Métropole du Grand Paris,METRO,130,28257,3.046,2.026,7.551769760216445,1.129792326331594,4.162392781221662,2.9136749468551635
93048,93,Montreuil,200054781,Métropole du Grand Paris,METRO,130,110758,3.701,2.75,7.551769760216445,1.129792326331594,4.162392781221662,2.9136749468551635
93049,93,Neuilly-Plaisance,200054781,Métropole du Grand Paris,METRO,130,21914,3.912,2.833,7.551769760216445,1.129792326331594,4.162392781221662,2.9136749468551635
93050,93,Neuilly-sur-Marne,200054781,Métropole du Grand Paris,METRO,130,38799,3.072,2.055,7.551769760216445,1.129792326331594,4.162392781221662,2.9136749468551635
93051,93,Noisy-le-Grand,200054781,Métropole du Grand Paris,METRO,130,71632,3.133,2.332,7.551769760216445,1.129792326331594,4.162392781221662,2.9136749468551635
93053,93,Noisy-le-Sec,200054781,Métropole du Grand Paris,METRO,130,45915,3.476,2.22,7.551769760216445,1.129792326331594,4.162392781221662,2.9136749468551635
93055,93,Pantin,200054781,Métropole du Grand Paris,METRO,130,60954,3.878,2.702,7.551769760216445,1.129792326331594,4.162392781221662,2.9136749468551635
93057,93,Les Pavillons-sous-Bois,200054781,Métropole du Grand Paris,METRO,130,24872,3.204,2.068,7.551769760216445,1.129792326331594,4.162392781221662,2.9136749468551635
93061,93,Le Pré-Saint-Gervais,200054781,Métropole du Grand Paris,METRO,130,16733,4.092,2.864,7.551769760216445,1.129792326331594,4.162392781221662,2.9136749468551635
93062,93,Le Raincy,200054781,Métropole du Grand Paris,METRO,130,14778,3.081,2.044,7.551769760216445,1.129792326331594,4.162392781221662,2.9136749468551635
93063,93,Romainville,200054781,Métropole du Grand Paris,METRO,130,35314,3.655,2.41,7.551769760216445,1.129792326331594,4.162392781221662,2.9136749468551635
93064,93,Rosny-sous-Bois,200054781,Métropole du Grand Paris,METRO,130,45947,2.597,1.676,7.551769760216445,1.129792326331594,4.162392781221662,2.9136749468551635
93066,93,Saint-Denis,200054781,Métropole du Grand Paris,METRO,130,148907,3.75,2.644,7.551769760216445,1.129792326331594,4.162392781221662,2.9136749468551635
93070,93,Saint-Ouen-sur-Seine,200054781,Métropole du Grand Paris,METRO,130,53041,4.745,3.486,7.551769760216445,1.129792326331594,4.162392781221662,2.9136749468551635
93071,93,Sevran,200054781,Métropole du Grand Paris,METRO,130,51640,2.377,1.603,7.551769760216445,1.129792326331594,4.162392781221662,2.9136749468551635
93072,93,Stains,200054781,Métropole du Grand Paris,METRO,130,40600,3.541,2.312,7.551769760216445,1.129792326331594,4.162392781221662,2.9136749468551635
93073,93,Tremblay-en-France,200054781,Métropole du Grand Paris,METRO,130,38210,2.061,1.514,7.551769760216445,1.129792326331594,4.162392781221662,2.9136749468551635
93074,93,Vaujours,200054781,Métropole du Grand Paris,METRO,130,7743,2.407,1.673,7.551769760216445,1.129792326331594,4.162392781221662,2.9136749468551635
93077,93,Villemomble,200054781,Métropole du Grand Paris,METRO,130,29973,3.574,2.384,7.551769760216445,1.129792326331594,4.162392781221662,2.9136749468551635
93078,93,Villepinte,200054781,Métropole du Grand Paris,METRO,130,39647,2.12,1.508,7.551769760216445,1.129792326331594,4.162392781221662,2.9136749468551635
93079,93,Villetaneuse,200054781,Métropole du Grand Paris,METRO,130,12432,3.995,2.666,7.551769760216445,1.129792326331594,4.162392781221662,2.9136749468551635
94001,94,Ablon-sur-Seine,200054781,Métropole du Grand Paris,METRO,130,6029,3.861,2.348,6.903688612647417,3.5927359106634515,6.833242810477545,5.424326767080113
94002,94,Alfortville,200054781,Métropole du Grand Paris,METRO,130,45569,4.882,3.92,6.903688612647417,3.5927359106634515,6.833242810477545,5.424326767080113
94003,94,Arcueil,200054781,Métropole du Grand Paris,METRO,130,21868,3.148,1.956,6.903688612647417,3.5927359106634515,6.833242810477545,5.424326767080113
94004,94,Boissy-Saint-Léger,200054781,Métropole du Grand Paris,METRO,130,17335,3.684,2.732,6.903688612647417,3.5927359106634515,6.833242810477545,5.424326767080113
94011,94,Bonneuil-sur-Marne,200054781,Métropole du Grand Paris,METRO,130,18340,5.073,4.323,6.903688612647417,3.5927359106634515,6.833242810477545,5.424326767080113
94015,94,Bry-sur-Marne,200054781,Métropole du Grand Paris,METRO,130,18095,4.531,3.548,6.903688612647417,3.5927359106634515,6.833242810477545,5.424326767080113
94016,94,Cachan,200054781,Métropole du Grand Paris,METRO,130,30526,2.007,1.258,6.903688612647417,3.5927359106634515,6.833242810477545,5.424326767080113
94017,94,Champigny-sur-Marne,200054781,Métropole du Grand Paris,METRO,130,78367,4.898,4.05,6.903688612647417,3.5927359106634515,6.833242810477545,5.424326767080113
94018,94,Charenton-le-Pont,200054781,Métropole du Grand Paris,METRO,130,28756,3.472,2.651,6.903688612647417,3.5927359106634515,6.833242810477545,5.424326767080113
94019,94,Chennevières-sur-Marne,200054781,Métropole du Grand Paris,METRO,130,18295,5.368,4.431,6.903688612647417,3.5927359106634515,6.833242810477545,5.424326767080113
94021,94,Chevilly-Larue,200054781,Métropole du Grand Paris,METRO,130,19813,2.3,1.462,6.903688612647417,3.5927359106634515,6.833242810477545,5.424326767080113
94022,94,Choisy-le-Roi,200054781,Métropole du Grand Paris,METRO,130,46122,4.055,2.992,6.903688612647417,3.5927359106634515,6.833242810477545,5.424326767080113
94028,94,Créteil,200054781,Métropole du Grand Paris,METRO,130,92859,5.125,4.338,6.903688612647417,3.5927359106634515,6.833242810477545,5.424326767080113
94033,94,Fontenay-sous-Bois,200054781,Métropole du Grand Paris,METRO,130,52646,3.515,2.619,6.903688612647417,3.5927359106634515,6.833242810477545,5.424326767080113
94034,94,Fresnes,200054781,Métropole du Grand Paris,METRO,130,29298,3.424,2.264,6.903688612647417,3.5927359106634515,6.833242810477545,5.424326767080113
94037,94,Gentilly,200054781,Métropole du Grand Paris,METRO,130,18883,3.443,2.181,6.903688612647417,3.5927359106634515,6.833242810477545,5.424326767080113
94038,94,L'Haÿ-les-Roses,200054781,Métropole du Grand Paris,METRO,130,31338,1.911,1.172,6.903688612647417,3.5927359106634515,6.833242810477545,5.424326767080113
94041,94,Ivry-sur-Seine,200054781,Métropole du Grand Paris,METRO,130,64526,4.45,3.219,6.903688612647417,3.5927359106634515,6.833242810477545,5.424326767080113
94042,94,Joinville-le-Pont,200054781,Métropole du Grand Paris,METRO,130,20784,4.912,4.091,6.903688612647417,3.5927359106634515,6.833242810477545,5.424326767080113
94043,94,Le Kremlin-Bicêtre,200054781,Métropole du Grand Paris,METRO,130,23678,3.081,1.972,6.903688612647417,3.5927359106634515,6.833242810477545,5.424326767080113
94044,94,Limeil-Brévannes,200054781,Métropole du Grand Paris,METRO,130,27806,4.047,2.881,6.903688612647417,3.5927359106634515,6.833242810477545,5.424326767080113
94046,94,Maisons-Alfort,200054781,Métropole du Grand Paris,METRO,130,57422,4.486,3.708,6.903688612647417,3.5927359106634515,6.833242810477545,5.424326767080113
94047,94,Mandres-les-Roses,200054781,Métropole du Grand Paris,METRO,130,4876,3.343,2.277,6.903688612647417,3.5927359106634515,6.833242810477545,5.424326767080113
94048,94,Marolles-en-Brie,200054781,Métropole du Grand Paris,METRO,130,4685,2.196,1.475,6.903688612647417,3.5927359106634515,6.833242810477545,5.424326767080113
94052,94,Nogent-sur-Marne,200054781,Métropole du Grand Paris,METRO,130,32998,3.888,3.092,6.903688612647417,3.5927359106634515,6.833242810477545,5.424326767080113
94053,94,Noiseau,200054781,Métropole du Grand Paris,METRO,130,4619,3.859,3.201,6.903688612647417,3.5927359106634515,6.833242810477545,5.424326767080113
94054,94,Orly,200054781,Métropole du Grand Paris,METRO,130,24488,1.966,1.194,6.903688612647417,3.5927359106634515,6.833242810477545,5.424326767080113
94055,94,Ormesson-sur-Marne,200054781,Métropole du Grand Paris,METRO,130,10589,4.819,4.062,6.903688612647417,3.5927359106634515,6.833242810477545,5.424326767080113
94056,94,Périgny,200054781,Métropole du Grand Paris,METRO,130,2744,3.282,2.242,6.903688612647417,3.5927359106634515,6.833242810477545,5.424326767080113
94058,94,Le Perreux-sur-Marne,200054781,Métropole du Grand Paris,METRO,130,34654,4.142,3.268,6.903688612647417,3.5927359106634515,6.833242810477545,5.424326767080113
94059,94,Le Plessis-Trévise,200054781,Métropole du Grand Paris,METRO,130,21096,2.991,2.322,6.903688612647417,3.5927359106634515,6.833242810477545,5.424326767080113
94060,94,La Queue-en-Brie,200054781,Métropole du Grand Paris,METRO,130,12074,2.714,2.118,6.903688612647417,3.5927359106634515,6.833242810477545,5.424326767080113
94065,94,Rungis,200054781,Métropole du Grand Paris,METRO,130,5669,2.561,1.678,6.903688612647417,3.5927359106634515,6.833242810477545,5.424326767080113
94067,94,Saint-Mandé,200054781,Métropole du Grand Paris,METRO,130,21223,3.496,2.38,6.903688612647417,3.5927359106634515,6.833242810477545,5.424326767080113
94068,94,Saint-Maur-des-Fossés,200054781,Métropole du Grand Paris,METRO,130,76010,6.226,5.152,6.903688612647417,3.5927359106634515,6.833242810477545,5.424326767080113
94069,94,Saint-Maurice,200054781,Métropole du Grand Paris,METRO,130,14411,4.342,3.548,6.903688612647417,3.5927359106634515,6.833242810477545,5.424326767080113
94070,94,Santeny,200054781,Métropole du Grand Paris,METRO,130,3958,2.243,1.615,6.903688612647417,3.5927359106634515,6.833242810477545,5.424326767080113
94071,94,Sucy-en-Brie,200054781,Métropole du Grand Paris,METRO,130,27593,5.226,4.383,6.903688612647417,3.5927359106634515,6.833242810477545,5.424326767080113
94073,94,Thiais,200054781,Métropole du Grand Paris,METRO,130,32006,3.127,2.157,6.903688612647417,3.5927359106634515,6.833242810477545,5.424326767080113
94074,94,Valenton,200054781,Métropole du Grand Paris,METRO,130,14453,3.36,2.094,6.903688612647417,3.5927359106634515,6.833242810477545,5.424326767080113
94075,94,Villecresnes,200054781,Métropole du Grand Paris,METRO,130,11650,3.182,2.087,6.903688612647417,3.5927359106634515,6.833242810477545,5.424326767080113
94076,94,Villejuif,200054781,Métropole du Grand Paris,METRO,130,58142,2.115,1.33,6.903688612647417,3.5927359106634515,6.833242810477545,5.424326767080113
94077,94,Villeneuve-le-Roi,200054781,Métropole du Grand Paris,METRO,130,20871,3.227,1.983,6.903688612647417,3.5927359106634515,6.833242810477545,5.424326767080113
94078,94,Villeneuve-Saint-Georges,200054781,Métropole du Grand Paris,METRO,130,36170,3.483,2.184,6.903688612647417,3.5927359106634515,6.833242810477545,5.424326767080113
94079,94,Villiers-sur-Marne,200054781,Métropole du Grand Paris,METRO,130,32547,3.92,3.158,6.903688612647417,3.5927359106634515,6.833242810477545,5.424326767080113
94080,94,Vincennes,200054781,Métropole du Grand Paris,METRO,130,48368,3.645,2.704,6.903688612647417,3.5927359106634515,6.833242810477545,5.424326767080113
94081,94,Vitry-sur-Seine,200054781,Métropole du Grand Paris,METRO,130,95282,2.929,1.973,6.903688612647417,3.5927359106634515,6.833242810477545,5.424326767080113
95002,95,Ableiges,200035970,CC Vexin Centre,CC,33,1109,2.944,2.007,4.563892528199741,1.8098194508378285,6.295024176827228,4.563892528199741
95008,95,Aincourt,249500513,CC du Vexin-Val de Seine,CC,26,870,1.772,1.198,4.563892528199741,1.8098194508378285,6.295024176827228,4.563892528199741
95011,95,Ambleville,249500513,CC du Vexin-Val de Seine,CC,26,390,1.869,1.416,4.563892528199741,1.8098194508378285,6.295024176827228,4.563892528199741
95012,95,Amenucourt,249500513,CC du Vexin-Val de Seine,CC,26,208,2.165,1.41,4.563892528199741,1.8098194508378285,6.295024176827228,4.563892528199741
95014,95,Andilly,200056380,CA Plaine Vallée,CA,18,2691,2.584,1.561,4.563892528199741,1.8098194508378285,6.295024176827228,4.563892528199741
95018,95,Argenteuil,200054781,Métropole du Grand Paris,METRO,130,107135,1.737,1.259,4.563892528199741,1.8098194508378285,6.295024176827228,4.563892528199741
95019,95,Arnouville,200055655,CA Roissy Pays de France,CA,42,14898,1.906,1.161,4.563892528199741,1.8098194508378285,6.295024176827228,4.563892528199741
95023,95,Arronville,249500430,CC Sausseron Impressionnistes,CC,15,619,1.337,0.717,4.563892528199741,1.8098194508378285,6.295024176827228,4.563892528199741
95024,95,Arthies,249500513,CC du Vexin-Val de Seine,CC,26,267,1.647,1.291,4.563892528199741,1.8098194508378285,6.295024176827228,4.563892528199741
95026,95,Asnières-sur-Oise,200073013,CC Carnelle Pays-de-France,CC,19,3128,2.544,1.412,4.563892528199741,1.8098194508378285,6.295024176827228,4.563892528199741
95028,95,Attainville,200056380,CA Plaine Vallée,CA,18,1834,4.223,2.633,4.563892528199741,1.8098194508378285,6.295024176827228,4.563892528199741
95039,95,Auvers-sur-Oise,249500430,CC Sausseron Impressionnistes,CC,15,6820,2.044,1.374,4.563892528199741,1.8098194508378285,6.295024176827228,4.563892528199741
95040,95,Avernes,200035970,CC Vexin Centre,CC,33,866,1.847,1.295,4.563892528199741,1.8098194508378285,6.295024176827228,4.563892528199741
95042,95,Baillet-en-France,200073013,CC Carnelle Pays-de-France,CC,19,1947,3.74,2.372,4.563892528199741,1.8098194508378285,6.295024176827228,4.563892528199741
95046,95,Banthelu,249500513,CC du Vexin-Val de Seine,CC,26,148,1.287,1.079,4.563892528199741,1.8098194508378285,6.295024176827228,4.563892528199741
95051,95,Beauchamp,200058485,CA Val Parisis,CA,15,9506,3.271,2.247,4.563892528199741,1.8098194508378285,6.295024176827228,4.563892528199741
95052,95,Beaumont-sur-Oise,249500489,CC du Haut Val d'Oise,CC,9,9931,2.281,1.52,4.563892528199741,1.8098194508378285,6.295024176827228,4.563892528199741
95054,95,Le Bellay-en-Vexin,200035970,CC Vexin Centre,CC,33,219,1.608,1.049,4.563892528199741,1.8098194508378285,6.295024176827228,4.563892528199741
95055,95,Bellefontaine,200073013,CC Carnelle Pays-de-France,CC,19,471,2.29,1.283,4.563892528199741,1.8098194508378285,6.295024176827228,4.563892528199741
95056,95,Belloy-en-France,200073013,CC Carnelle Pays-de-France,CC,19,2239,3.097,1.858,4.563892528199741,1.8098194508378285,6.295024176827228,4.563892528199741
95058,95,Bernes-sur-Oise,249500489,CC du Haut Val d'Oise,CC,9,2703,2.444,1.491,4.563892528199741,1.8098194508378285,6.295024176827228,4.563892528199741
95059,95,Berville,200035970,CC Vexin Centre,CC,33,370,1.128,0.497,4.563892528199741,1.8098194508378285,6.295024176827228,4.563892528199741
95060,95,Bessancourt,200058485,CA Val Parisis,CA,15,8521,3.573,2.502,4.563892528199741,1.8098194508378285,6.295024176827228,4.563892528199741
95061,95,Béthemont-la-Forêt,249500455,CC de la Vallée de l'Oise et des Trois Forêts,CC,9,426,3.663,2.273,4.563892528199741,1.8098194508378285,6.295024176827228,4.563892528199741
95063,95,Bezons,200058519,CA Saint Germain Boucles de Seine,CA,19,34314,2.071,1.408,4.563892528199741,1.8098194508378285,6.295024176827228,4.563892528199741
95074,95,Boisemont,249500109,CA de Cergy-Pontoise,CA,13,883,2.232,1.317,4.563892528199741,1.8098194508378285,6.295024176827228,4.563892528199741
95078,95,Boissy-l'Aillerie,200035970,CC Vexin Centre,CC,33,2114,2.19,1.534,4.563892528199741,1.8098194508378285,6.295024176827228,4.563892528199741
95088,95,Bonneuil-en-France,200055655,CA Roissy Pays de France,CA,42,1179,2.747,1.777,4.563892528199741,1.8098194508378285,6.295024176827228,4.563892528199741
95091,95,Bouffémont,200056380,CA Plaine Vallée,CA,18,6565,2.992,1.78,4.563892528199741,1.8098194508378285,6.295024176827228,4.563892528199741
95094,95,Bouqueval,200055655,CA Roissy Pays de France,CA,42,306,2.772,1.821,4.563892528199741,1.8098194508378285,6.295024176827228,4.563892528199741
95101,95,Bray-et-Lû,249500513,CC du Vexin-Val de Seine,CC,26,957,1.844,1.272,4.563892528199741,1.8098194508378285,6.295024176827228,4.563892528199741
95102,95,Bréançon,200035970,CC Vexin Centre,CC,33,425,1.128,0.626,4.563892528199741,1.8098194508378285,6.295024176827228,4.563892528199741
95110,95,Brignancourt,200035970,CC Vexin Centre,CC,33,243,1.361,0.846,4.563892528199741,1.8098194508378285,6.295024176827228,4.563892528199741
95116,95,Bruyères-sur-Oise,249500489,CC du Haut Val d'Oise,CC,9,4907,2.464,1.414,4.563892528199741,1.8098194508378285,6.295024176827228,4.563892528199741
95119,95,Buhy,249500513,CC du Vexin-Val de Seine,CC,26,327,2.118,1.767,4.563892528199741,1.8098194508378285,6.295024176827228,4.563892528199741
95120,95,Butry-sur-Oise,249500430,CC Sausseron Impressionnistes,CC,15,2242,2.112,1.495,4.563892528199741,1.8098194508378285,6.295024176827228,4.563892528199741
95127,95,Cergy,249500109,CA de Cergy-Pontoise,CA,13,69578,3.056,2.027,4.563892528199741,1.8098194508378285,6.295024176827228,4.563892528199741
95134,95,Champagne-sur-Oise,249500489,CC du Haut Val d'Oise,CC,9,5022,2.342,1.607,4.563892528199741,1.8098194508378285,6.295024176827228,4.563892528199741
95139,95,La Chapelle-en-Vexin,249500513,CC du Vexin-Val de Seine,CC,26,316,1.938,1.551,4.563892528199741,1.8098194508378285,6.295024176827228,4.563892528199741
95141,95,Charmont,249500513,CC du Vexin-Val de Seine,CC,26,33,1.667,1.387,4.563892528199741,1.8098194508378285,6.295024176827228,4.563892528199741
95142,95,Chars,200035970,CC Vexin Centre,CC,33,2017,1.324,0.775,4.563892528199741,1.8098194508378285,6.295024176827228,4.563892528199741
95144,95,Châtenay-en-France,200073013,CC Carnelle Pays-de-France,CC,19,73,2.42,1.52,4.563892528199741,1.8098194508378285,6.295024176827228,4.563892528199741
95149,95,Chaumontel,200073013,CC Carnelle Pays-de-France,CC,19,3340,2.691,1.405,4.563892528199741,1.8098194508378285,6.295024176827228,4.563892528199741
95150,95,Chaussy,249500513,CC du Vexin-Val de Seine,CC,26,634,1.498,1.086,4.563892528199741,1.8098194508378285,6.295024176827228,4.563892528199741
95151,95,Chauvry,249500455,CC de la Vallée de l'Oise et des Trois Forêts,CC,9,297,3.602,2.224,4.563892528199741,1.8098194508378285,6.295024176827228,4.563892528199741
95154,95,Chennevières-lès-Louvres,200055655,CA Roissy Pays de France,CA,42,294,2.317,1.555,4.563892528199741,1.8098194508378285,6.295024176827228,4.563892528199741
95157,95,Chérence,249500513,CC du Vexin-Val de Seine,CC,26,128,1.608,1.142,4.563892528199741,1.8098194508378285,6.295024176827228,4.563892528199741
95166,95,Cléry-en-Vexin,200035970,CC Vexin Centre,CC,33,467,2.105,1.572,4.563892528199741,1.8098194508378285,6.295024176827228,4.563892528199741
95169,95,Commeny,200035970,CC Vexin Centre,CC,33,648,1.989,1.482,4.563892528199741,1.8098194508378285,6.295024176827228,4.563892528199741
95170,95,Condécourt,200035970,CC Vexin Centre,CC,33,557,2.415,1.466,4.563892528199741,1.8098194508378285,6.295024176827228,4.563892528199741
95176,95,Cormeilles-en-Parisis,200058485,CA Val Parisis,CA,15,27086,2.738,1.987,4.563892528199741,1.8098194508378285,6.295024176827228,4.563892528199741
95177,95,Cormeilles-en-Vexin,200035970,CC Vexin Centre,CC,33,1294,1.393,0.891,4.563892528199741,1.8098194508378285,6.295024176827228,4.563892528199741
95181,95,Courcelles-sur-Viosne,200035970,CC Vexin Centre,CC,33,307,2.72,1.834,4.563892528199741,1.8098194508378285,6.295024176827228,4.563892528199741
95183,95,Courdimanche,249500109,CA de Cergy-Pontoise,CA,13,7111,2.079,1.385,4.563892528199741,1.8098194508378285,6.295024176827228,4.563892528199741
95197,95,Deuil-la-Barre,200056380,CA Plaine Vallée,CA,18,22903,2.156,1.383,4.563892528199741,1.8098194508378285,6.295024176827228,4.563892528199741
95199,95,Domont,200056380,CA Plaine Vallée,CA,18,16075,1.871,1.006,4.563892528199741,1.8098194508378285,6.295024176827228,4.563892528199741
95203,95,Eaubonne,200058485,CA Val Parisis,CA,15,25934,2.266,1.601,4.563892528199741,1.8098194508378285,6.295024176827228,4.563892528199741
95205,95,Écouen,200055655,CA Roissy Pays de France,CA,42,7173,1.845,1.086,4.563892528199741,1.8098194508378285,6.295024176827228,4.563892528199741
95210,95,Enghien-les-Bains,200056380,CA Plaine Vallée,CA,18,11594,1.897,1.318,4.563892528199741,1.8098194508378285,6.295024176827228,4.563892528199741
95211,95,Ennery,249500430,CC Sausseron Impressionnistes,CC,15,2313,2.009,1.41,4.563892528199741,1.8098194508378285,6.295024176827228,4.563892528199741
95212,95,Épiais-lès-Louvres,200055655,CA Roissy Pays de France,CA,42,141,2.761,1.794,4.563892528199741,1.8098194508378285,6.295024176827228,4.563892528199741
95213,95,Épiais-Rhus,249500430,CC Sausseron Impressionnistes,CC,15,607,1.342,0.839,4.563892528199741,1.8098194508378285,6.295024176827228,4.563892528199741
95214,95,Épinay-Champlâtreux,200073013,CC Carnelle Pays-de-France,CC,19,58,4.072,2.509,4.563892528199741,1.8098194508378285,6.295024176827228,4.563892528199741
95218,95,Éragny-sur-Oise,249500109,CA de Cergy-Pontoise,CA,13,18723,3.352,2.195,4.563892528199741,1.8098194508378285,6.295024176827228,4.563892528199741
95219,95,Ermont,200058485,CA Val Parisis,CA,15,29189,2.762,2.077,4.563892528199741,1.8098194508378285,6.295024176827228,4.563892528199741
95229,95,Ézanville,200056380,CA Plaine Vallée,CA,18,9789,1.522,0.856,4.563892528199741,1.8098194508378285,6.295024176827228,4.563892528199741
95241,95,Fontenay-en-Parisis,200055655,CA Roissy Pays de France,CA,42,2220,3.737,2.375,4.563892528199741,1.8098194508378285,6.295024176827228,4.563892528199741
95250,95,Fosses,200055655,CA Roissy Pays de France,CA,42,10249,1.87,1.045,4.563892528199741,1.8098194508378285,6.295024176827228,4.563892528199741
95252,95,Franconville,200058485,CA Val Parisis,CA,15,38024,2.499,1.856,4.563892528199741,1.8098194508378285,6.295024176827228,4.563892528199741
95253,95,Frémainville,200035970,CC Vexin Centre,CC,33,502,2.537,1.651,4.563892528199741,1.8098194508378285,6.295024176827228,4.563892528199741
95254,95,Frémécourt,200035970,CC Vexin Centre,CC,33,535,1.551,0.961,4.563892528199741,1.8098194508378285,6.295024176827228,4.563892528199741
95256,95,Frépillon,200058485,CA Val Parisis,CA,15,3327,4.2,2.855,4.563892528199741,1.8098194508378285,6.295024176827228,4.563892528199741
95257,95,La Frette-sur-Seine,200058485,CA Val Parisis,CA,15,4587,2.633,1.851,4.563892528199741,1.8098194508378285,6.295024176827228,4.563892528199741
95258,95,Frouville,249500430,CC Sausseron Impressionnistes,CC,15,347,1.304,0.813,4.563892528199741,1.8098194508378285,6.295024176827228,4.563892528199741
95268,95,Garges-lès-Gonesse,200055655,CA Roissy Pays de France,CA,42,42388,2.149,1.361,4.563892528199741,1.8098194508378285,6.295024176827228,4.563892528199741
95270,95,Genainville,249500513,CC du Vexin-Val de Seine,CC,26,521,1.528,1.21,4.563892528199741,1.8098194508378285,6.295024176827228,4.563892528199741
95271,95,Génicourt,249500430,CC Sausseron Impressionnistes,CC,15,515,1.972,1.362,4.563892528199741,1.8098194508378285,6.295024176827228,4.563892528199741
95277,95,Gonesse,200055655,CA Roissy Pays de France,CA,42,26959,3.028,2.044,4.563892528199741,1.8098194508378285,6.295024176827228,4.563892528199741
95280,95,Goussainville,200055655,CA Roissy Pays de France,CA,42,30952,1.737,1.165,4.563892528199741,1.8098194508378285,6.295024176827228,4.563892528199741
95287,95,Grisy-les-Plâtres,200035970,CC Vexin Centre,CC,33,706,1.403,0.914,4.563892528199741,1.8098194508378285,6.295024176827228,4.563892528199741
95288,95,Groslay,200056380,CA Plaine Vallée,CA,18,8378,2.688,1.63,4.563892528199741,1.8098194508378285,6.295024176827228,4.563892528199741
95295,95,Guiry-en-Vexin,200035970,CC Vexin Centre,CC,33,151,1.38,1.046,4.563892528199741,1.8098194508378285,6.295024176827228,4.563892528199741
95298,95,Haravilliers,200035970,CC Vexin Centre,CC,33,582,1.106,0.591,4.563892528199741,1.8098194508378285,6.295024176827228,4.563892528199741
95301,95,Haute-Isle,249500513,CC du Vexin-Val de Seine,CC,26,291,1.107,0.662,4.563892528199741,1.8098194508378285,6.295024176827228,4.563892528199741
95303,95,Le Heaulme,200035970,CC Vexin Centre,CC,33,206,1.033,0.527,4.563892528199741,1.8098194508378285,6.295024176827228,4.563892528199741
95304,95,Hédouville,249500430,CC Sausseron Impressionnistes,CC,15,280,1.54,1.004,4.563892528199741,1.8098194508378285,6.295024176827228,4.563892528199741
95306,95,Herblay-sur-Seine,200058485,CA Val Parisis,CA,15,31818,2.267,1.577,4.563892528199741,1.8098194508378285,6.295024176827228,4.563892528199741
95308,95,Hérouville-en-Vexin,249500430,CC Sausseron Impressionnistes,CC,15,569,1.958,1.316,4.563892528199741,1.8098194508378285,6.295024176827228,4.563892528199741
95309,95,Hodent,249500513,CC du Vexin-Val de Seine,CC,26,225,1.811,1.396,4.563892528199741,1.8098194508378285,6.295024176827228,4.563892528199741
95313,95,L'Isle-Adam,249500455,CC de la Vallée de l'Oise et des Trois Forêts,CC,9,12302,2.368,1.596,4.563892528199741,1.8098194508378285,6.295024176827228,4.563892528199741
95316,95,Jagny-sous-Bois,200073013,CC Carnelle Pays-de-France,CC,19,272,2.434,1.526,4.563892528199741,1.8098194508378285,6.295024176827228,4.563892528199741
95323,95,Jouy-le-Moutier,249500109,CA de Cergy-Pontoise,CA,13,17411,2.17,1.399,4.563892528199741,1.8098194508378285,6.295024176827228,4.563892528199741
95328,95,Labbeville,249500430,CC Sausseron Impressionnistes,CC,15,641,1.744,1.129,4.563892528199741,1.8098194508378285,6.295024176827228,4.563892528199741
95331,95,Lassy,200073013,CC Carnelle Pays-de-France,CC,19,194,2.811,1.65,4.563892528199741,1.8098194508378285,6.295024176827228,4.563892528199741
95341,95,Livilliers,249500430,CC Sausseron Impressionnistes,CC,15,386,2.07,1.446,4.563892528199741,1.8098194508378285,6.295024176827228,4.563892528199741
95348,95,Longuesse,200035970,CC Vexin Centre,CC,33,505,2.307,1.482,4.563892528199741,1.8098194508378285,6.295024176827228,4.563892528199741
95351,95,Louvres,200055655,CA Roissy Pays de France,CA,42,12226,2.05,1.433,4.563892528199741,1.8098194508378285,6.295024176827228,4.563892528199741
95352,95,Luzarches,200073013,CC Carnelle Pays-de-France,CC,19,4909,2.831,1.569,4.563892528199741,1.8098194508378285,6.295024176827228,4.563892528199741
95353,95,Maffliers,200073013,CC Carnelle Pays-de-France,CC,19,1768,2.429,1.594,4.563892528199741,1.8098194508378285,6.295024176827228,4.563892528199741
95355,95,Magny-en-Vexin,249500513,CC du Vexin-Val de Seine,CC,26,5755,1.781,1.424,4.563892528199741,1.8098194508378285,6.295024176827228,4.563892528199741
95365,95,Mareil-en-France,200073013,CC Carnelle Pays-de-France,CC,19,721,3.087,1.94,4.563892528199741,1.8098194508378285,6.295024176827228,4.563892528199741
95369,95,Margency,200056380,CA Plaine Vallée,CA,18,2954,2.72,1.682,4.563892528199741,1.8098194508378285,6.295024176827228,4.563892528199741
95370,95,Marines,200035970,CC Vexin Centre,CC,33,3508,1.148,0.682,4.563892528199741,1.8098194508378285,6.295024176827228,4.563892528199741
95371,95,Marly-la-Ville,200055655,CA Roissy Pays de France,CA,42,5852,2.318,1.555,4.563892528199741,1.8098194508378285,6.295024176827228,4.563892528199741
95379,95,Maudétour-en-Vexin,249500513,CC du Vexin-Val de Seine,CC,26,203,1.247,1.039,4.563892528199741,1.8098194508378285,6.295024176827228,4.563892528199741
95387,95,Menouville,249500430,CC Sausseron Impressionnistes,CC,15,62,1.215,0.723,4.563892528199741,1.8098194508378285,6.295024176827228,4.563892528199741
95388,95,Menucourt,249500109,CA de Cergy-Pontoise,CA,13,6189,2.578,1.569,4.563892528199741,1.8098194508378285,6.295024176827228,4.563892528199741
95392,95,Mériel,249500455,CC de la Vallée de l'Oise et des Trois Forêts,CC,9,5337,2.722,1.809,4.563892528199741,1.8098194508378285,6.295024176827228,4.563892528199741
95394,95,Méry-sur-Oise,249500455,CC de la Vallée de l'Oise et des Trois Forêts,CC,9,10015,3.531,2.488,4.563892528199741,1.8098194508378285,6.295024176827228,4.563892528199741
95395,95,Le Mesnil-Aubry,200055655,CA Roissy Pays de France,CA,42,901,3.705,2.422,4.563892528199741,1.8098194508378285,6.295024176827228,4.563892528199741
95409,95,Moisselles,200056380,CA Plaine Vallée,CA,18,1259,3.917,2.394,4.563892528199741,1.8098194508378285,6.295024176827228,4.563892528199741
95422,95,Montgeroult,200035970,CC Vexin Centre,CC,33,350,2.675,1.811,4.563892528199741,1.8098194508378285,6.295024176827228,4.563892528199741
95424,95,Montigny-lès-Cormeilles,200058485,CA Val Parisis,CA,15,22390,4.256,3.003,4.563892528199741,1.8098194508378285,6.295024176827228,4.563892528199741
95426,95,Montlignon,200056380,CA Plaine Vallée,CA,18,2966,2.297,1.376,4.563892528199741,1.8098194508378285,6.295024176827228,4.563892528199741
95427,95,Montmagny,200056380,CA Plaine Vallée,CA,18,14632,2.303,1.444,4.563892528199741,1.8098194508378285,6.295024176827228,4.563892528199741
95428,95,Montmorency,200056380,CA Plaine Vallée,CA,18,21677,2.407,1.477,4.563892528199741,1.8098194508378285,6.295024176827228,4.563892528199741
95429,95,Montreuil-sur-Epte,249500513,CC du Vexin-Val de Seine,CC,26,382,1.599,1.149,4.563892528199741,1.8098194508378285,6.295024176827228,4.563892528199741
95430,95,Montsoult,200073013,CC Carnelle Pays-de-France,CC,19,4095,2.356,1.536,4.563892528199741,1.8098194508378285,6.295024176827228,4.563892528199741
95436,95,Mours,249500489,CC du Haut Val d'Oise,CC,9,1680,2.908,1.876,4.563892528199741,1.8098194508378285,6.295024176827228,4.563892528199741
95438,95,Moussy,200035970,CC Vexin Centre,CC,33,111,1.79,1.285,4.563892528199741,1.8098194508378285,6.295024176827228,4.563892528199741
95445,95,Nerville-la-Forêt,249500455,CC de la Vallée de l'Oise et des Trois Forêts,CC,9,779,2.918,1.852,4.563892528199741,1.8098194508378285,6.295024176827228,4.563892528199741
95446,95,Nesles-la-Vallée,249500430,CC Sausseron Impressionnistes,CC,15,1823,1.952,1.365,4.563892528199741,1.8098194508378285,6.295024176827228,4.563892528199741
95447,95,Neuilly-en-Vexin,200035970,CC Vexin Centre,CC,33,238,1.045,0.529,4.563892528199741,1.8098194508378285,6.295024176827228,4.563892528199741
95450,95,Neuville-sur-Oise,249500109,CA de Cergy-Pontoise,CA,13,2089,3.023,1.968,4.563892528199741,1.8098194508378285,6.295024176827228,4.563892528199741
95452,95,Nointel,249500489,CC du Haut Val d'Oise,CC,9,887,2.108,1.373,4.563892528199741,1.8098194508378285,6.295024176827228,4.563892528199741
95456,95,Noisy-sur-Oise,249500489,CC du Haut Val d'Oise,CC,9,582,2.469,1.456,4.563892528199741,1.8098194508378285,6.295024176827228,4.563892528199741
95459,95,Nucourt,200035970,CC Vexin Centre,CC,33,719,2.161,1.493,4.563892528199741,1.8098194508378285,6.295024176827228,4.563892528199741
95462,95,Omerville,249500513,CC du Vexin-Val de Seine,CC,26,325,1.599,1.281,4.563892528199741,1.8098194508378285,6.295024176827228,4.563892528199741
95476,95,Osny,249500109,CA de Cergy-Pontoise,CA,13,17471,2.888,1.986,4.563892528199741,1.8098194508378285,6.295024176827228,4.563892528199741
95480,95,Parmain,249500455,CC de la Vallée de l'Oise et des Trois Forêts,CC,9,5683,2.257,1.612,4.563892528199741,1.8098194508378285,6.295024176827228,4.563892528199741
95483,95,Le Perchay,200035970,CC Vexin Centre,CC,33,513,2.35,1.633,4.563892528199741,1.8098194508378285,6.295024176827228,4.563892528199741
95487,95,Persan,249500489,CC du Haut Val d'Oise,CC,9,14348,2.554,1.635,4.563892528199741,1.8098194508378285,6.295024176827228,4.563892528199741
95488,95,Pierrelaye,200058485,CA Val Parisis,CA,15,10230,4.208,2.93,4.563892528199741,1.8098194508378285,6.295024176827228,4.563892528199741
95489,95,Piscop,200056380,CA Plaine Vallée,CA,18,737,2.973,1.675,4.563892528199741,1.8098194508378285,6.295024176827228,4.563892528199741
95491,95,Le Plessis-Bouchard,200058485,CA Val Parisis,CA,15,8333,2.77,1.994,4.563892528199741,1.8098194508378285,6.295024176827228,4.563892528199741
95492,95,Le Plessis-Gassot,200055655,CA Roissy Pays de France,CA,42,97,3.383,2.145,4.563892528199741,1.8098194508378285,6.295024176827228,4.563892528199741
95493,95,Le Plessis-Luzarches,200073013,CC Carnelle Pays-de-France,CC,19,140,2.83,1.703,4.563892528199741,1.8098194508378285,6.295024176827228,4.563892528199741
95500,95,Pontoise,249500109,CA de Cergy-Pontoise,CA,13,31623,1.671,1.152,4.563892528199741,1.8098194508378285,6.295024176827228,4.563892528199741
95504,95,Presles,249500455,CC de la Vallée de l'Oise et des Trois Forêts,CC,9,3994,2.384,1.547,4.563892528199741,1.8098194508378285,6.295024176827228,4.563892528199741
95509,95,Puiseux-en-France,200055655,CA Roissy Pays de France,CA,42,3755,1.856,1.244,4.563892528199741,1.8098194508378285,6.295024176827228,4.563892528199741
95510,95,Puiseux-Pontoise,249500109,CA de Cergy-Pontoise,CA,13,593,3.216,2.14,4.563892528199741,1.8098194508378285,6.295024176827228,4.563892528199741
95523,95,La Roche-Guyon,249500513,CC du Vexin-Val de Seine,CC,26,423,1.874,1.16,4.563892528199741,1.8098194508378285,6.295024176827228,4.563892528199741
95527,95,Roissy-en-France,200055655,CA Roissy Pays de France,CA,42,2682,3.037,2.012,4.563892528199741,1.8098194508378285,6.295024176827228,4.563892528199741
95529,95,Ronquerolles,249500489,CC du Haut Val d'Oise,CC,9,890,2.237,1.422,4.563892528199741,1.8098194508378285,6.295024176827228,4.563892528199741
95535,95,Sagy,200035970,CC Vexin Centre,CC,33,1100,2.757,1.695,4.563892528199741,1.8098194508378285,6.295024176827228,4.563892528199741
95539,95,Saint-Brice-sous-Forêt,200056380,CA Plaine Vallée,CA,18,15209,2.667,1.564,4.563892528199741,1.8098194508378285,6.295024176827228,4.563892528199741
95541,95,Saint-Clair-sur-Epte,249500513,CC du Vexin-Val de Seine,CC,26,979,2.276,1.825,4.563892528199741,1.8098194508378285,6.295024176827228,4.563892528199741
95543,95,Saint-Cyr-en-Arthies,249500513,CC du Vexin-Val de Seine,CC,26,237,1.724,1.079,4.563892528199741,1.8098194508378285,6.295024176827228,4.563892528199741
95554,95,Saint-Gervais,249500513,CC du Vexin-Val de Seine,CC,26,883,1.863,1.447,4.563892528199741,1.8098194508378285,6.295024176827228,4.563892528199741
95555,95,Saint-Gratien,200056380,CA Plaine Vallée,CA,18,21297,2.518,1.842,4.563892528199741,1.8098194508378285,6.295024176827228,4.563892528199741
95563,95,Saint-Leu-la-Forêt,200058485,CA Val Parisis,CA,15,16047,2.166,1.416,4.563892528199741,1.8098194508378285,6.295024176827228,4.563892528199741
95566,95,Saint-Martin-du-Tertre,200073013,CC Carnelle Pays-de-France,CC,19,2662,1.486,0.775,4.563892528199741,1.8098194508378285,6.295024176827228,4.563892528199741
95572,95,Saint-Ouen-l'Aumône,249500109,CA de Cergy-Pontoise,CA,13,25614,3.398,2.343,4.563892528199741,1.8098194508378285,6.295024176827228,4.563892528199741
95574,95,Saint-Prix,200056380,CA Plaine Vallée,CA,18,7588,3.186,2.095,4.563892528199741,1.8098194508378285,6.295024176827228,4.563892528199741
95580,95,Saint-Witz,200055655,CA Roissy Pays de France,CA,42,2511,1.926,1.157,4.563892528199741,1.8098194508378285,6.295024176827228,4.563892528199741
95582,95,Sannois,200058485,CA Val Parisis,CA,15,26772,2.413,1.82,4.563892528199741,1.8098194508378285,6.295024176827228,4.563892528199741
95584,95,Santeuil,200035970,CC Vexin Centre,CC,33,660,1.853,1.325,4.563892528199741,1.8098194508378285,6.295024176827228,4.563892528199741
95585,95,Sarcelles,200055655,CA Roissy Pays de France,CA,42,58576,2.301,1.342,4.563892528199741,1.8098194508378285,6.295024176827228,4.563892528199741
95592,95,Seraincourt,200035970,CC Vexin Centre,CC,33,1310,2.482,1.381,4.563892528199741,1.8098194508378285,6.295024176827228,4.563892528199741
95594,95,Seugy,200073013,CC Carnelle Pays-de-France,CC,19,1039,2.446,1.298,4.563892528199741,1.8098194508378285,6.295024176827228,4.563892528199741
95598,95,Soisy-sous-Montmorency,200056380,CA Plaine Vallée,CA,18,18068,2.478,1.683,4.563892528199741,1.8098194508378285,6.295024176827228,4.563892528199741
95604,95,Survilliers,200055655,CA Roissy Pays de France,CA,42,4154,2.439,1.493,4.563892528199741,1.8098194508378285,6.295024176827228,4.563892528199741
95607,95,Taverny,200058485,CA Val Parisis,CA,15,27065,2.315,1.561,4.563892528199741,1.8098194508378285,6.295024176827228,4.563892528199741
95610,95,Théméricourt,200035970,CC Vexin Centre,CC,33,289,2.428,1.698,4.563892528199741,1.8098194508378285,6.295024176827228,4.563892528199741
95611,95,Theuville,200035970,CC Vexin Centre,CC,33,53,1.088,0.622,4.563892528199741,1.8098194508378285,6.295024176827228,4.563892528199741
95612,95,Le Thillay,200055655,CA Roissy Pays de France,CA,42,4575,2.71,1.802,4.563892528199741,1.8098194508378285,6.295024176827228,4.563892528199741
95625,95,Us,200035970,CC Vexin Centre,CC,33,1331,2.012,1.451,4.563892528199741,1.8098194508378285,6.295024176827228,4.563892528199741
95627,95,Vallangoujard,249500430,CC Sausseron Impressionnistes,CC,15,616,1.639,1.054,4.563892528199741,1.8098194508378285,6.295024176827228,4.563892528199741
95628,95,Valmondois,249500430,CC Sausseron Impressionnistes,CC,15,1209,1.485,1.008,4.563892528199741,1.8098194508378285,6.295024176827228,4.563892528199741
95633,95,Vaudherland,200055655,CA Roissy Pays de France,CA,42,102,3.235,2.193,4.563892528199741,1.8098194508378285,6.295024176827228,4.563892528199741
95637,95,Vauréal,249500109,CA de Cergy-Pontoise,CA,13,16079,1.685,1.081,4.563892528199741,1.8098194508378285,6.295024176827228,4.563892528199741
95641,95,Vémars,200055655,CA Roissy Pays de France,CA,42,2986,2.415,1.664,4.563892528199741,1.8098194508378285,6.295024176827228,4.563892528199741
95651,95,Vétheuil,249500513,CC du Vexin-Val de Seine,CC,26,867,1.717,1.108,4.563892528199741,1.8098194508378285,6.295024176827228,4.563892528199741
95652,95,Viarmes,200073013,CC Carnelle Pays-de-France,CC,19,5509,2.714,1.541,4.563892528199741,1.8098194508378285,6.295024176827228,4.563892528199741
95656,95,Vienne-en-Arthies,249500513,CC du Vexin-Val de Seine,CC,26,360,1.218,0.813,4.563892528199741,1.8098194508378285,6.295024176827228,4.563892528199741
95658,95,Vigny,200035970,CC Vexin Centre,CC,33,1132,2.024,1.466,4.563892528199741,1.8098194508378285,6.295024176827228,4.563892528199741
95660,95,Villaines-sous-Bois,200073013,CC Carnelle Pays-de-France,CC,19,776,3.8,2.378,4.563892528199741,1.8098194508378285,6.295024176827228,4.563892528199741
95675,95,Villeron,200055655,CA Roissy Pays de France,CA,42,1672,1.868,1.206,4.563892528199741,1.8098194508378285,6.295024176827228,4.563892528199741
95676,95,Villers-en-Arthies,249500513,CC du Vexin-Val de Seine,CC,26,487,1.524,1.07,4.563892528199741,1.8098194508378285,6.295024176827228,4.563892528199741
95678,95,Villiers-Adam,249500455,CC de la Vallée de l'Oise et des Trois Forêts,CC,9,848,3.788,2.565,4.563892528199741,1.8098194508378285,6.295024176827228,4.563892528199741
95680,95,Villiers-le-Bel,200055655,CA Roissy Pays de France,CA,42,29238,2.049,1.299,4.563892528199741,1.8098194508378285,6.295024176827228,4.563892528199741
95682,95,Villiers-le-Sec,200073013,CC Carnelle Pays-de-France,CC,19,198,4.592,2.895,4.563892528199741,1.8098194508378285,6.295024176827228,4.563892528199741
95690,95,Wy-dit-Joli-Village,249500513,CC du Vexin-Val de Seine,CC,26,329,1.401,1.096,4.563892528199741,1.8098194508378285,6.295024176827228,4.563892528199741
