code_insee,nom_commune,dep,epci_nom,indicateur,valeur_commune,moyenne_idf,ecart_pct
75056,Paris,75,Métropole du Grand Paris,Cardiologues,15.85,6.28,152.3
77001,Achères-la-Forêt,77,CA du Pays de Fontainebleau,Cardiologues,4.82,6.28,-23.3
77002,Amillis,77,CA Coulommiers Pays de Brie,Cardiologues,4.82,6.28,-23.3
77003,Amponville,77,CC Pays de Nemours,Cardiologues,4.82,6.28,-23.3
77004,Andrezel,77,CC Brie des Rivières et Châteaux,Cardiologues,4.82,6.28,-23.3
77005,Annet-sur-Marne,77,CC Plaines et Monts de France,Cardiologues,4.82,6.28,-23.3
77006,Arbonne-la-Forêt,77,CA du Pays de Fontainebleau,Cardiologues,4.82,6.28,-23.3
77007,Argentières,77,CC Brie des Rivières et Châteaux,Cardiologues,4.82,6.28,-23.3
77008,Armentières-en-Brie,77,CC du Pays de l'Ourcq,Cardiologues,4.82,6.28,-23.3
77009,Arville,77,CC Gâtinais Val de Loing,Cardiologues,4.82,6.28,-23.3
77010,Aubepierre-Ozouer-le-Repos,77,CC Brie Nangissienne,Cardiologues,4.82,6.28,-23.3
77011,Aufferville,77,CC Gâtinais Val de Loing,Cardiologues,4.82,6.28,-23.3
77012,Augers-en-Brie,77,CC du Provinois,Cardiologues,4.82,6.28,-23.3
77013,Aulnoy,77,CA Coulommiers Pays de Brie,Cardiologues,4.82,6.28,-23.3
77014,Avon,77,CA du Pays de Fontainebleau,Cardiologues,4.82,6.28,-23.3
77015,Baby,77,CC Bassée-Montois,Cardiologues,4.82,6.28,-23.3
77016,Bagneaux-sur-Loing,77,CC Pays de Nemours,Cardiologues,4.82,6.28,-23.3
77018,Bailly-Romainvilliers,77,CA Val d'Europe Agglomération,Cardiologues,4.82,6.28,-23.3
77019,Balloy,77,CC Bassée-Montois,Cardiologues,4.82,6.28,-23.3
77020,Bannost-Villegagnon,77,CC du Provinois,Cardiologues,4.82,6.28,-23.3
77021,Barbey,77,CC Pays de Montereau,Cardiologues,4.82,6.28,-23.3
77022,Barbizon,77,CA du Pays de Fontainebleau,Cardiologues,4.82,6.28,-23.3
77023,Barcy,77,CA du Pays de Meaux,Cardiologues,4.82,6.28,-23.3
77024,Bassevelle,77,CA Coulommiers Pays de Brie,Cardiologues,4.82,6.28,-23.3
77025,Bazoches-lès-Bray,77,CC Bassée-Montois,Cardiologues,4.82,6.28,-23.3
77026,Beauchery-Saint-Martin,77,CC du Provinois,Cardiologues,4.82,6.28,-23.3
77027,Beaumont-du-Gâtinais,77,CC Gâtinais Val de Loing,Cardiologues,4.82,6.28,-23.3
77029,Beauvoir,77,CC Brie des Rivières et Châteaux,Cardiologues,4.82,6.28,-23.3
77030,Bellot,77,CC des Deux Morin,Cardiologues,4.82,6.28,-23.3
77031,Bernay-Vilbert,77,CC Val Briard,Cardiologues,4.82,6.28,-23.3
77032,Beton-Bazoches,77,CC du Provinois,Cardiologues,4.82,6.28,-23.3
77033,Bezalles,77,CC du Provinois,Cardiologues,4.82,6.28,-23.3
77034,Blandy,77,CC Brie des Rivières et Châteaux,Cardiologues,4.82,6.28,-23.3
77035,Blennes,77,CC Pays de Montereau,Cardiologues,4.82,6.28,-23.3
77036,Boisdon,77,CC du Provinois,Cardiologues,4.82,6.28,-23.3
77037,Bois-le-Roi,77,CA du Pays de Fontainebleau,Cardiologues,4.82,6.28,-23.3
77038,Boissettes,77,CA Melun Val de Seine,Cardiologues,4.82,6.28,-23.3
77039,Boissise-la-Bertrand,77,CA Melun Val de Seine,Cardiologues,4.82,6.28,-23.3
77040,Boissise-le-Roi,77,CA Melun Val de Seine,Cardiologues,4.82,6.28,-23.3
77041,Boissy-aux-Cailles,77,CA du Pays de Fontainebleau,Cardiologues,4.82,6.28,-23.3
77042,Boissy-le-Châtel,77,CA Coulommiers Pays de Brie,Cardiologues,4.82,6.28,-23.3
77043,Boitron,77,CC des Deux Morin,Cardiologues,4.82,6.28,-23.3
77044,Bombon,77,CC Brie des Rivières et Châteaux,Cardiologues,4.82,6.28,-23.3
77045,Bougligny,77,CC Gâtinais Val de Loing,Cardiologues,4.82,6.28,-23.3
77046,Boulancourt,77,CC Pays de Nemours,Cardiologues,4.82,6.28,-23.3
77047,Bouleurs,77,CA Coulommiers Pays de Brie,Cardiologues,4.82,6.28,-23.3
77048,Bourron-Marlotte,77,CA du Pays de Fontainebleau,Cardiologues,4.82,6.28,-23.3
77049,Boutigny,77,CA du Pays de Meaux,Cardiologues,4.82,6.28,-23.3
77050,Bransles,77,CC Gâtinais Val de Loing,Cardiologues,4.82,6.28,-23.3
77051,Bray-sur-Seine,77,CC Bassée-Montois,Cardiologues,4.82,6.28,-23.3
77052,Bréau,77,CC Brie Nangissienne,Cardiologues,4.82,6.28,-23.3
77053,Brie-Comte-Robert,77,CC l'Orée de la Brie,Cardiologues,4.82,6.28,-23.3
77054,La Brosse-Montceaux,77,CC Pays de Montereau,Cardiologues,4.82,6.28,-23.3
77055,Brou-sur-Chantereine,77,CA Paris - Vallée de la Marne,Cardiologues,4.82,6.28,-23.3
77056,Burcy,77,CC Pays de Nemours,Cardiologues,4.82,6.28,-23.3
77057,Bussières,77,CA Coulommiers Pays de Brie,Cardiologues,4.82,6.28,-23.3
77058,Bussy-Saint-Georges,77,CA Marne et Gondoire,Cardiologues,4.82,6.28,-23.3
77059,Bussy-Saint-Martin,77,CA Marne et Gondoire,Cardiologues,4.82,6.28,-23.3
77060,Buthiers,77,CC Pays de Nemours,Cardiologues,4.82,6.28,-23.3
77061,Cannes-Écluse,77,CC Pays de Montereau,Cardiologues,4.82,6.28,-23.3
77062,Carnetin,77,CA Marne et Gondoire,Cardiologues,4.82,6.28,-23.3
77063,La Celle-sur-Morin,77,CA Coulommiers Pays de Brie,Cardiologues,4.82,6.28,-23.3
77065,Cély,77,CA du Pays de Fontainebleau,Cardiologues,4.82,6.28,-23.3
77066,Cerneux,77,CC du Provinois,Cardiologues,4.82,6.28,-23.3
77067,Cesson,77,CA Grand Paris Sud Seine Essonne Sénart,Cardiologues,4.82,6.28,-23.3
77068,Cessoy-en-Montois,77,CC Bassée-Montois,Cardiologues,4.82,6.28,-23.3
77069,Chailly-en-Bière,77,CA du Pays de Fontainebleau,Cardiologues,4.82,6.28,-23.3
77070,Chailly-en-Brie,77,CA Coulommiers Pays de Brie,Cardiologues,4.82,6.28,-23.3
77071,Chaintreaux,77,CC Gâtinais Val de Loing,Cardiologues,4.82,6.28,-23.3
77072,Chalautre-la-Grande,77,CC du Provinois,Cardiologues,4.82,6.28,-23.3
77073,Chalautre-la-Petite,77,CC du Provinois,Cardiologues,4.82,6.28,-23.3
77075,Chalifert,77,CA Marne et Gondoire,Cardiologues,4.82,6.28,-23.3
77076,Chalmaison,77,CC Bassée-Montois,Cardiologues,4.82,6.28,-23.3
77077,Chambry,77,CA du Pays de Meaux,Cardiologues,4.82,6.28,-23.3
77078,Chamigny,77,CA Coulommiers Pays de Brie,Cardiologues,4.82,6.28,-23.3
77079,Champagne-sur-Seine,77,CC Moret Seine et Loing,Cardiologues,4.82,6.28,-23.3
77080,Champcenest,77,CC du Provinois,Cardiologues,4.82,6.28,-23.3
77081,Champdeuil,77,CC Brie des Rivières et Châteaux,Cardiologues,4.82,6.28,-23.3
77082,Champeaux,77,CC Brie des Rivières et Châteaux,Cardiologues,4.82,6.28,-23.3
77083,Champs-sur-Marne,77,CA Paris - Vallée de la Marne,Cardiologues,4.82,6.28,-23.3
77084,Changis-sur-Marne,77,CA Coulommiers Pays de Brie,Cardiologues,4.82,6.28,-23.3
77085,Chanteloup-en-Brie,77,CA Marne et Gondoire,Cardiologues,4.82,6.28,-23.3
77086,La Chapelle-Gauthier,77,CC Brie Nangissienne,Cardiologues,4.82,6.28,-23.3
77087,La Chapelle-Iger,77,CC Val Briard,Cardiologues,4.82,6.28,-23.3
77088,La Chapelle-la-Reine,77,CA du Pays de Fontainebleau,Cardiologues,4.82,6.28,-23.3
77089,La Chapelle-Rablais,77,CC Brie Nangissienne,Cardiologues,4.82,6.28,-23.3
77090,La Chapelle-Saint-Sulpice,77,CC du Provinois,Cardiologues,4.82,6.28,-23.3
77091,Les Chapelles-Bourbon,77,CC Val Briard,Cardiologues,4.82,6.28,-23.3
77093,La Chapelle-Moutils,77,CC des Deux Morin,Cardiologues,4.82,6.28,-23.3
77094,Charmentray,77,CC Plaines et Monts de France,Cardiologues,4.82,6.28,-23.3
77095,Charny,77,CC Plaines et Monts de France,Cardiologues,4.82,6.28,-23.3
77096,Chartrettes,77,CA du Pays de Fontainebleau,Cardiologues,4.82,6.28,-23.3
77097,Chartronges,77,CC des Deux Morin,Cardiologues,4.82,6.28,-23.3
77098,Châteaubleau,77,CC Brie Nangissienne,Cardiologues,4.82,6.28,-23.3
77099,Château-Landon,77,CC Gâtinais Val de Loing,Cardiologues,4.82,6.28,-23.3
77100,Le Châtelet-en-Brie,77,CC Brie des Rivières et Châteaux,Cardiologues,4.82,6.28,-23.3
77101,Châtenay-sur-Seine,77,CC Bassée-Montois,Cardiologues,4.82,6.28,-23.3
77102,Châtenoy,77,CC Pays de Nemours,Cardiologues,4.82,6.28,-23.3
77103,Châtillon-la-Borde,77,CC Brie des Rivières et Châteaux,Cardiologues,4.82,6.28,-23.3
77104,Châtres,77,CC Val Briard,Cardiologues,4.82,6.28,-23.3
77106,Chauffry,77,CA Coulommiers Pays de Brie,Cardiologues,4.82,6.28,-23.3
77107,Chaumes-en-Brie,77,CC Brie des Rivières et Châteaux,Cardiologues,4.82,6.28,-23.3
77108,Chelles,77,CA Paris - Vallée de la Marne,Cardiologues,4.82,6.28,-23.3
77109,Chenoise-Cucharmoy,77,CC du Provinois,Cardiologues,4.82,6.28,-23.3
77110,Chenou,77,CC Gâtinais Val de Loing,Cardiologues,4.82,6.28,-23.3
77111,Chessy,77,CA Val d'Europe Agglomération,Cardiologues,4.82,6.28,-23.3
77112,Chevrainvilliers,77,CC Pays de Nemours,Cardiologues,4.82,6.28,-23.3
77113,Chevru,77,CA Coulommiers Pays de Brie,Cardiologues,4.82,6.28,-23.3
77114,Chevry-Cossigny,77,CC l'Orée de la Brie,Cardiologues,4.82,6.28,-23.3
77115,Chevry-en-Sereine,77,CC Pays de Montereau,Cardiologues,4.82,6.28,-23.3
77116,Choisy-en-Brie,77,CC des Deux Morin,Cardiologues,4.82,6.28,-23.3
77117,Citry,77,CA Coulommiers Pays de Brie,Cardiologues,4.82,6.28,-23.3
77118,Claye-Souilly,77,CA Roissy Pays de France,Cardiologues,4.82,6.28,-23.3
77119,Clos-Fontaine,77,CC Brie Nangissienne,Cardiologues,4.82,6.28,-23.3
77120,Cocherel,77,CC du Pays de l'Ourcq,Cardiologues,4.82,6.28,-23.3
77121,Collégien,77,CA Marne et Gondoire,Cardiologues,4.82,6.28,-23.3
77122,Combs-la-Ville,77,CA Grand Paris Sud Seine Essonne Sénart,Cardiologues,4.82,6.28,-23.3
77123,Compans,77,CA Roissy Pays de France,Cardiologues,4.82,6.28,-23.3
77124,Conches-sur-Gondoire,77,CA Marne et Gondoire,Cardiologues,4.82,6.28,-23.3
77125,Condé-Sainte-Libiaire,77,CA Coulommiers Pays de Brie,Cardiologues,4.82,6.28,-23.3
77126,Congis-sur-Thérouanne,77,CC du Pays de l'Ourcq,Cardiologues,4.82,6.28,-23.3
77127,Coubert,77,CC Brie des Rivières et Châteaux,Cardiologues,4.82,6.28,-23.3
77128,Couilly-Pont-aux-Dames,77,CA Coulommiers Pays de Brie,Cardiologues,4.82,6.28,-23.3
77129,Coulombs-en-Valois,77,CC du Pays de l'Ourcq,Cardiologues,4.82,6.28,-23.3
77130,Coulommes,77,CA Coulommiers Pays de Brie,Cardiologues,4.82,6.28,-23.3
77131,Coulommiers,77,CA Coulommiers Pays de Brie,Cardiologues,4.82,6.28,-23.3
77132,Coupvray,77,CA Val d'Europe Agglomération,Cardiologues,4.82,6.28,-23.3
77133,Courcelles-en-Bassée,77,CC Pays de Montereau,Cardiologues,4.82,6.28,-23.3
77134,Courchamp,77,CC du Provinois,Cardiologues,4.82,6.28,-23.3
77135,Courpalay,77,CC Val Briard,Cardiologues,4.82,6.28,-23.3
77136,Courquetaine,77,CC Brie des Rivières et Châteaux,Cardiologues,4.82,6.28,-23.3
77137,Courtacon,77,CC du Provinois,Cardiologues,4.82,6.28,-23.3
77138,Courtomer,77,CC Val Briard,Cardiologues,4.82,6.28,-23.3
77139,Courtry,77,CA Paris - Vallée de la Marne,Cardiologues,4.82,6.28,-23.3
77140,Coutençon,77,CC Bassée-Montois,Cardiologues,4.82,6.28,-23.3
77141,Coutevroult,77,CA Coulommiers Pays de Brie,Cardiologues,4.82,6.28,-23.3
77142,Crécy-la-Chapelle,77,CA Coulommiers Pays de Brie,Cardiologues,4.82,6.28,-23.3
77143,Crégy-lès-Meaux,77,CA du Pays de Meaux,Cardiologues,4.82,6.28,-23.3
77144,Crèvecœur-en-Brie,77,CC Val Briard,Cardiologues,4.82,6.28,-23.3
77145,Crisenoy,77,CC Brie des Rivières et Châteaux,Cardiologues,4.82,6.28,-23.3
77146,Croissy-Beaubourg,77,CA Paris - Vallée de la Marne,Cardiologues,4.82,6.28,-23.3
77147,La Croix-en-Brie,77,CC Brie Nangissienne,Cardiologues,4.82,6.28,-23.3
77148,Crouy-sur-Ourcq,77,CC du Pays de l'Ourcq,Cardiologues,4.82,6.28,-23.3
77150,Cuisy,77,CC Plaines et Monts de France,Cardiologues,4.82,6.28,-23.3
77151,Dagny,77,CA Coulommiers Pays de Brie,Cardiologues,4.82,6.28,-23.3
77152,Dammarie-les-Lys,77,CA Melun Val de Seine,Cardiologues,4.82,6.28,-23.3
77153,Dammartin-en-Goële,77,CA Roissy Pays de France,Cardiologues,4.82,6.28,-23.3
77154,Dammartin-sur-Tigeaux,77,CA Coulommiers Pays de Brie,Cardiologues,4.82,6.28,-23.3
77155,Dampmart,77,CA Marne et Gondoire,Cardiologues,4.82,6.28,-23.3
77156,Darvault,77,CC Pays de Nemours,Cardiologues,4.82,6.28,-23.3
77157,Dhuisy,77,CC du Pays de l'Ourcq,Cardiologues,4.82,6.28,-23.3
77158,Diant,77,CC Pays de Montereau,Cardiologues,4.82,6.28,-23.3
77159,Donnemarie-Dontilly,77,CC Bassée-Montois,Cardiologues,4.82,6.28,-23.3
77161,Dormelles,77,CC Moret Seine et Loing,Cardiologues,4.82,6.28,-23.3
77162,Doue,77,CC des Deux Morin,Cardiologues,4.82,6.28,-23.3
77163,Douy-la-Ramée,77,CC du Pays de l'Ourcq,Cardiologues,4.82,6.28,-23.3
77164,Échouboulains,77,CC Brie des Rivières et Châteaux,Cardiologues,4.82,6.28,-23.3
77165,Les Écrennes,77,CC Brie des Rivières et Châteaux,Cardiologues,4.82,6.28,-23.3
77167,Égligny,77,CC Bassée-Montois,Cardiologues,4.82,6.28,-23.3
77168,Égreville,77,CC Gâtinais Val de Loing,Cardiologues,4.82,6.28,-23.3
77169,Émerainville,77,CA Paris - Vallée de la Marne,Cardiologues,4.82,6.28,-23.3
77171,Esbly,77,CA Val d'Europe Agglomération,Cardiologues,4.82,6.28,-23.3
77172,Esmans,77,CC Pays de Montereau,Cardiologues,4.82,6.28,-23.3
77173,Étrépilly,77,CC du Pays de l'Ourcq,Cardiologues,4.82,6.28,-23.3
77174,Everly,77,CC Bassée-Montois,Cardiologues,4.82,6.28,-23.3
77175,Évry-Grégy-sur-Yerre,77,CC Brie des Rivières et Châteaux,Cardiologues,4.82,6.28,-23.3
77176,Faremoutiers,77,CA Coulommiers Pays de Brie,Cardiologues,4.82,6.28,-23.3
77177,Favières,77,CC Val Briard,Cardiologues,4.82,6.28,-23.3
77178,Faÿ-lès-Nemours,77,CC Pays de Nemours,Cardiologues,4.82,6.28,-23.3
77179,Féricy,77,CC Brie des Rivières et Châteaux,Cardiologues,4.82,6.28,-23.3
77180,Férolles-Attilly,77,CC Les Portes Briardes Entre Villes et Forêts,Cardiologues,4.82,6.28,-23.3
77181,Ferrières-en-Brie,77,CA Marne et Gondoire,Cardiologues,4.82,6.28,-23.3
77182,La Ferté-Gaucher,77,CC des Deux Morin,Cardiologues,4.82,6.28,-23.3
77183,La Ferté-sous-Jouarre,77,CA Coulommiers Pays de Brie,Cardiologues,4.82,6.28,-23.3
77184,Flagy,77,CC Moret Seine et Loing,Cardiologues,4.82,6.28,-23.3
77185,Fleury-en-Bière,77,CA du Pays de Fontainebleau,Cardiologues,4.82,6.28,-23.3
77186,Fontainebleau,77,CA du Pays de Fontainebleau,Cardiologues,4.82,6.28,-23.3
77187,Fontaine-Fourches,77,CC Bassée-Montois,Cardiologues,4.82,6.28,-23.3
77188,Fontaine-le-Port,77,CC Brie des Rivières et Châteaux,Cardiologues,4.82,6.28,-23.3
77190,Fontains,77,CC Brie Nangissienne,Cardiologues,4.82,6.28,-23.3
77191,Fontenailles,77,CC Brie Nangissienne,Cardiologues,4.82,6.28,-23.3
77192,Fontenay-Trésigny,77,CC Val Briard,Cardiologues,4.82,6.28,-23.3
77193,Forfry,77,CA du Pays de Meaux,Cardiologues,4.82,6.28,-23.3
77194,Forges,77,CC Pays de Montereau,Cardiologues,4.82,6.28,-23.3
77195,Fouju,77,CC Brie des Rivières et Châteaux,Cardiologues,4.82,6.28,-23.3
77196,Fresnes-sur-Marne,77,CC Plaines et Monts de France,Cardiologues,4.82,6.28,-23.3
77197,Frétoy,77,CC du Provinois,Cardiologues,4.82,6.28,-23.3
77198,Fromont,77,CC Pays de Nemours,Cardiologues,4.82,6.28,-23.3
77199,Fublaines,77,CA du Pays de Meaux,Cardiologues,4.82,6.28,-23.3
77200,Garentreville,77,CC Pays de Nemours,Cardiologues,4.82,6.28,-23.3
77201,Gastins,77,CC Brie Nangissienne,Cardiologues,4.82,6.28,-23.3
77202,La Genevraye,77,CC Moret Seine et Loing,Cardiologues,4.82,6.28,-23.3
77203,Germigny-l'Évêque,77,CA du Pays de Meaux,Cardiologues,4.82,6.28,-23.3
77204,Germigny-sous-Coulombs,77,CC du Pays de l'Ourcq,Cardiologues,4.82,6.28,-23.3
77205,Gesvres-le-Chapitre,77,CA du Pays de Meaux,Cardiologues,4.82,6.28,-23.3
77206,Giremoutiers,77,CA Coulommiers Pays de Brie,Cardiologues,4.82,6.28,-23.3
77207,Gironville,77,CC Gâtinais Val de Loing,Cardiologues,4.82,6.28,-23.3
77208,Gouaix,77,CC Bassée-Montois,Cardiologues,4.82,6.28,-23.3
77209,Gouvernes,77,CA Marne et Gondoire,Cardiologues,4.82,6.28,-23.3
77210,La Grande-Paroisse,77,CC Pays de Montereau,Cardiologues,4.82,6.28,-23.3
77211,Grandpuits-Bailly-Carrois,77,CC Brie Nangissienne,Cardiologues,4.82,6.28,-23.3
77212,Gravon,77,CC Bassée-Montois,Cardiologues,4.82,6.28,-23.3
77214,Gressy,77,CA Roissy Pays de France,Cardiologues,4.82,6.28,-23.3
77215,Gretz-Armainvilliers,77,CC Les Portes Briardes Entre Villes et Forêts,Cardiologues,4.82,6.28,-23.3
77216,Grez-sur-Loing,77,CC Pays de Nemours,Cardiologues,4.82,6.28,-23.3
77217,Grisy-Suisnes,77,CC Brie des Rivières et Châteaux,Cardiologues,4.82,6.28,-23.3
77218,Grisy-sur-Seine,77,CC Bassée-Montois,Cardiologues,4.82,6.28,-23.3
77219,Guérard,77,CA Coulommiers Pays de Brie,Cardiologues,4.82,6.28,-23.3
77220,Guercheville,77,CC Pays de Nemours,Cardiologues,4.82,6.28,-23.3
77221,Guermantes,77,CA Marne et Gondoire,Cardiologues,4.82,6.28,-23.3
77222,Guignes,77,CC Brie des Rivières et Châteaux,Cardiologues,4.82,6.28,-23.3
77223,Gurcy-le-Châtel,77,CC Bassée-Montois,Cardiologues,4.82,6.28,-23.3
77224,Hautefeuille,77,CA Coulommiers Pays de Brie,Cardiologues,4.82,6.28,-23.3
77225,La Haute-Maison,77,CA Coulommiers Pays de Brie,Cardiologues,4.82,6.28,-23.3
77226,Héricy,77,CA du Pays de Fontainebleau,Cardiologues,4.82,6.28,-23.3
77227,Hermé,77,CC Bassée-Montois,Cardiologues,4.82,6.28,-23.3
77228,Hondevilliers,77,CC des Deux Morin,Cardiologues,4.82,6.28,-23.3
77229,La Houssaye-en-Brie,77,CC Val Briard,Cardiologues,4.82,6.28,-23.3
77230,Ichy,77,CC Gâtinais Val de Loing,Cardiologues,4.82,6.28,-23.3
77231,Isles-les-Meldeuses,77,CC du Pays de l'Ourcq,Cardiologues,4.82,6.28,-23.3
77232,Isles-lès-Villenoy,77,CA du Pays de Meaux,Cardiologues,4.82,6.28,-23.3
77233,Iverny,77,CC Plaines et Monts de France,Cardiologues,4.82,6.28,-23.3
77234,Jablines,77,CA Marne et Gondoire,Cardiologues,4.82,6.28,-23.3
77235,Jaignes,77,CC du Pays de l'Ourcq,Cardiologues,4.82,6.28,-23.3
77236,Jaulnes,77,CC Bassée-Montois,Cardiologues,4.82,6.28,-23.3
77237,Jossigny,77,CA Marne et Gondoire,Cardiologues,4.82,6.28,-23.3
77238,Jouarre,77,CA Coulommiers Pays de Brie,Cardiologues,4.82,6.28,-23.3
77239,Jouy-le-Châtel,77,CC du Provinois,Cardiologues,4.82,6.28,-23.3
77240,Jouy-sur-Morin,77,CC des Deux Morin,Cardiologues,4.82,6.28,-23.3
77241,Juilly,77,CA Roissy Pays de France,Cardiologues,4.82,6.28,-23.3
77242,Jutigny,77,CC Bassée-Montois,Cardiologues,4.82,6.28,-23.3
77243,Lagny-sur-Marne,77,CA Marne et Gondoire,Cardiologues,4.82,6.28,-23.3
77244,Larchant,77,CC Pays de Nemours,Cardiologues,4.82,6.28,-23.3
77245,Laval-en-Brie,77,CC Pays de Montereau,Cardiologues,4.82,6.28,-23.3
77246,Léchelle,77,CC du Provinois,Cardiologues,4.82,6.28,-23.3
77247,Lescherolles,77,CC des Deux Morin,Cardiologues,4.82,6.28,-23.3
77248,Lesches,77,CA Marne et Gondoire,Cardiologues,4.82,6.28,-23.3
77249,Lésigny,77,CC Les Portes Briardes Entre Villes et Forêts,Cardiologues,4.82,6.28,-23.3
77250,Leudon-en-Brie,77,CC des Deux Morin,Cardiologues,4.82,6.28,-23.3
77251,Lieusaint,77,CA Grand Paris Sud Seine Essonne Sénart,Cardiologues,4.82,6.28,-23.3
77252,Limoges-Fourches,77,CA Melun Val de Seine,Cardiologues,4.82,6.28,-23.3
77253,Lissy,77,CA Melun Val de Seine,Cardiologues,4.82,6.28,-23.3
77254,Liverdy-en-Brie,77,CC Val Briard,Cardiologues,4.82,6.28,-23.3
77255,Livry-sur-Seine,77,CA Melun Val de Seine,Cardiologues,4.82,6.28,-23.3
77256,Lizines,77,CC Bassée-Montois,Cardiologues,4.82,6.28,-23.3
77257,Lizy-sur-Ourcq,77,CC du Pays de l'Ourcq,Cardiologues,4.82,6.28,-23.3
77258,Lognes,77,CA Paris - Vallée de la Marne,Cardiologues,4.82,6.28,-23.3
77259,Longperrier,77,CA Roissy Pays de France,Cardiologues,4.82,6.28,-23.3
77260,Longueville,77,CC du Provinois,Cardiologues,4.82,6.28,-23.3
77261,Lorrez-le-Bocage-Préaux,77,CC Gâtinais Val de Loing,Cardiologues,4.82,6.28,-23.3
77262,Louan-Villegruis-Fontaine,77,CC du Provinois,Cardiologues,4.82,6.28,-23.3
77263,Luisetaines,77,CC Bassée-Montois,Cardiologues,4.82,6.28,-23.3
77264,Lumigny-Nesles-Ormeaux,77,CC Val Briard,Cardiologues,4.82,6.28,-23.3
77265,Luzancy,77,CA Coulommiers Pays de Brie,Cardiologues,4.82,6.28,-23.3
77266,Machault,77,CC Brie des Rivières et Châteaux,Cardiologues,4.82,6.28,-23.3
77267,La Madeleine-sur-Loing,77,CC Gâtinais Val de Loing,Cardiologues,4.82,6.28,-23.3
77268,Magny-le-Hongre,77,CA Val d'Europe Agglomération,Cardiologues,4.82,6.28,-23.3
77269,Maincy,77,CA Melun Val de Seine,Cardiologues,4.82,6.28,-23.3
77270,Maisoncelles-en-Brie,77,CA Coulommiers Pays de Brie,Cardiologues,4.82,6.28,-23.3
77271,Maisoncelles-en-Gâtinais,77,CC Gâtinais Val de Loing,Cardiologues,4.82,6.28,-23.3
77272,Maison-Rouge,77,CC du Provinois,Cardiologues,4.82,6.28,-23.3
77273,Marchémoret,77,CC Plaines et Monts de France,Cardiologues,4.82,6.28,-23.3
77274,Marcilly,77,CC du Pays de l'Ourcq,Cardiologues,4.82,6.28,-23.3
77275,Les Marêts,77,CC du Provinois,Cardiologues,4.82,6.28,-23.3
77276,Mareuil-lès-Meaux,77,CA du Pays de Meaux,Cardiologues,4.82,6.28,-23.3
77277,Marles-en-Brie,77,CC Val Briard,Cardiologues,4.82,6.28,-23.3
77278,Marolles-en-Brie,77,CA Coulommiers Pays de Brie,Cardiologues,4.82,6.28,-23.3
77279,Marolles-sur-Seine,77,CC Pays de Montereau,Cardiologues,4.82,6.28,-23.3
77280,Mary-sur-Marne,77,CC du Pays de l'Ourcq,Cardiologues,4.82,6.28,-23.3
77281,Mauperthuis,77,CA Coulommiers Pays de Brie,Cardiologues,4.82,6.28,-23.3
77282,Mauregard,77,CA Roissy Pays de France,Cardiologues,4.82,6.28,-23.3
77283,May-en-Multien,77,CC du Pays de l'Ourcq,Cardiologues,4.82,6.28,-23.3
77284,Meaux,77,CA du Pays de Meaux,Cardiologues,4.82,6.28,-23.3
77285,Le Mée-sur-Seine,77,CA Melun Val de Seine,Cardiologues,4.82,6.28,-23.3
77286,Meigneux,77,CC Bassée-Montois,Cardiologues,4.82,6.28,-23.3
77287,Meilleray,77,CC des Deux Morin,Cardiologues,4.82,6.28,-23.3
77288,Melun,77,CA Melun Val de Seine,Cardiologues,4.82,6.28,-23.3
77289,Melz-sur-Seine,77,CC du Provinois,Cardiologues,4.82,6.28,-23.3
77290,Méry-sur-Marne,77,CA Coulommiers Pays de Brie,Cardiologues,4.82,6.28,-23.3
77291,Le Mesnil-Amelot,77,CA Roissy Pays de France,Cardiologues,4.82,6.28,-23.3
77292,Messy,77,CC Plaines et Monts de France,Cardiologues,4.82,6.28,-23.3
77293,Misy-sur-Yonne,77,CC Pays de Montereau,Cardiologues,4.82,6.28,-23.3
77294,Mitry-Mory,77,CA Roissy Pays de France,Cardiologues,4.82,6.28,-23.3
77295,Moisenay,77,CC Brie des Rivières et Châteaux,Cardiologues,4.82,6.28,-23.3
77296,Moissy-Cramayel,77,CA Grand Paris Sud Seine Essonne Sénart,Cardiologues,4.82,6.28,-23.3
77297,Mondreville,77,CC Gâtinais Val de Loing,Cardiologues,4.82,6.28,-23.3
77298,Mons-en-Montois,77,CC Bassée-Montois,Cardiologues,4.82,6.28,-23.3
77300,Montceaux-lès-Meaux,77,CA du Pays de Meaux,Cardiologues,4.82,6.28,-23.3
77301,Montceaux-lès-Provins,77,CC du Provinois,Cardiologues,4.82,6.28,-23.3
77302,Moncourt-Fromonville,77,CC Pays de Nemours,Cardiologues,4.82,6.28,-23.3
77303,Montdauphin,77,CC des Deux Morin,Cardiologues,4.82,6.28,-23.3
77304,Montenils,77,CC des Deux Morin,Cardiologues,4.82,6.28,-23.3
77305,Montereau-Fault-Yonne,77,CC Pays de Montereau,Cardiologues,4.82,6.28,-23.3
77306,Montereau-sur-le-Jard,77,CA Melun Val de Seine,Cardiologues,4.82,6.28,-23.3
77307,Montévrain,77,CA Marne et Gondoire,Cardiologues,4.82,6.28,-23.3
77308,Montgé-en-Goële,77,CC Plaines et Monts de France,Cardiologues,4.82,6.28,-23.3
77309,Monthyon,77,CA du Pays de Meaux,Cardiologues,4.82,6.28,-23.3
77310,Montigny-le-Guesdier,77,CC Bassée-Montois,Cardiologues,4.82,6.28,-23.3
77311,Montigny-Lencoup,77,CC Bassée-Montois,Cardiologues,4.82,6.28,-23.3
77312,Montigny-sur-Loing,77,CC Moret Seine et Loing,Cardiologues,4.82,6.28,-23.3
77313,Montmachoux,77,CC Pays de Montereau,Cardiologues,4.82,6.28,-23.3
77314,Montolivet,77,CC des Deux Morin,Cardiologues,4.82,6.28,-23.3
77315,Montry,77,CA Val d'Europe Agglomération,Cardiologues,4.82,6.28,-23.3
77316,Moret-Loing-et-Orvanne,77,CC Moret Seine et Loing,Cardiologues,4.82,6.28,-23.3
77317,Mormant,77,CC Brie Nangissienne,Cardiologues,4.82,6.28,-23.3
77318,Mortcerf,77,CC Val Briard,Cardiologues,4.82,6.28,-23.3
77319,Mortery,77,CC du Provinois,Cardiologues,4.82,6.28,-23.3
77320,Mouroux,77,CA Coulommiers Pays de Brie,Cardiologues,4.82,6.28,-23.3
77321,Mousseaux-lès-Bray,77,CC Bassée-Montois,Cardiologues,4.82,6.28,-23.3
77322,Moussy-le-Neuf,77,CA Roissy Pays de France,Cardiologues,4.82,6.28,-23.3
77323,Moussy-le-Vieux,77,CA Roissy Pays de France,Cardiologues,4.82,6.28,-23.3
77325,Mouy-sur-Seine,77,CC Bassée-Montois,Cardiologues,4.82,6.28,-23.3
77326,Nandy,77,CA Grand Paris Sud Seine Essonne Sénart,Cardiologues,4.82,6.28,-23.3
77327,Nangis,77,CC Brie Nangissienne,Cardiologues,4.82,6.28,-23.3
77328,Nanteau-sur-Essonne,77,CC Pays de Nemours,Cardiologues,4.82,6.28,-23.3
77329,Nanteau-sur-Lunain,77,CC Moret Seine et Loing,Cardiologues,4.82,6.28,-23.3
77330,Nanteuil-lès-Meaux,77,CA du Pays de Meaux,Cardiologues,4.82,6.28,-23.3
77331,Nanteuil-sur-Marne,77,CA Coulommiers Pays de Brie,Cardiologues,4.82,6.28,-23.3
77332,Nantouillet,77,CC Plaines et Monts de France,Cardiologues,4.82,6.28,-23.3
77333,Nemours,77,CC Pays de Nemours,Cardiologues,4.82,6.28,-23.3
77335,Chauconin-Neufmontiers,77,CA du Pays de Meaux,Cardiologues,4.82,6.28,-23.3
77336,Neufmoutiers-en-Brie,77,CC Val Briard,Cardiologues,4.82,6.28,-23.3
77337,Noisiel,77,CA Paris - Vallée de la Marne,Cardiologues,4.82,6.28,-23.3
77338,Noisy-Rudignon,77,CC Pays de Montereau,Cardiologues,4.82,6.28,-23.3
77339,Noisy-sur-École,77,CA du Pays de Fontainebleau,Cardiologues,4.82,6.28,-23.3
77340,Nonville,77,CC Moret Seine et Loing,Cardiologues,4.82,6.28,-23.3
77341,Noyen-sur-Seine,77,CC Bassée-Montois,Cardiologues,4.82,6.28,-23.3
77342,Obsonville,77,CC Gâtinais Val de Loing,Cardiologues,4.82,6.28,-23.3
77343,Ocquerre,77,CC du Pays de l'Ourcq,Cardiologues,4.82,6.28,-23.3
77344,Oissery,77,CC Plaines et Monts de France,Cardiologues,4.82,6.28,-23.3
77345,Orly-sur-Morin,77,CC des Deux Morin,Cardiologues,4.82,6.28,-23.3
77347,Les Ormes-sur-Voulzie,77,CC Bassée-Montois,Cardiologues,4.82,6.28,-23.3
77348,Ormesson,77,CC Pays de Nemours,Cardiologues,4.82,6.28,-23.3
77349,Othis,77,CA Roissy Pays de France,Cardiologues,4.82,6.28,-23.3
77350,Ozoir-la-Ferrière,77,CC Les Portes Briardes Entre Villes et Forêts,Cardiologues,4.82,6.28,-23.3
77352,Ozouer-le-Voulgis,77,CC Brie des Rivières et Châteaux,Cardiologues,4.82,6.28,-23.3
77353,Paley,77,CC Moret Seine et Loing,Cardiologues,4.82,6.28,-23.3
77354,Pamfou,77,CC Brie des Rivières et Châteaux,Cardiologues,4.82,6.28,-23.3
77355,Paroy,77,CC Bassée-Montois,Cardiologues,4.82,6.28,-23.3
77356,Passy-sur-Seine,77,CC Bassée-Montois,Cardiologues,4.82,6.28,-23.3
77357,Pécy,77,CC Val Briard,Cardiologues,4.82,6.28,-23.3
77358,Penchard,77,CA du Pays de Meaux,Cardiologues,4.82,6.28,-23.3
77359,Perthes,77,CA du Pays de Fontainebleau,Cardiologues,4.82,6.28,-23.3
77360,Pézarches,77,CA Coulommiers Pays de Brie,Cardiologues,4.82,6.28,-23.3
77361,Pierre-Levée,77,CA Coulommiers Pays de Brie,Cardiologues,4.82,6.28,-23.3
77363,Le Pin,77,CC Plaines et Monts de France,Cardiologues,4.82,6.28,-23.3
77364,Le Plessis-aux-Bois,77,CC Plaines et Monts de France,Cardiologues,4.82,6.28,-23.3
77365,Le Plessis-Feu-Aussoux,77,CC Val Briard,Cardiologues,4.82,6.28,-23.3
77366,Le Plessis-l'Évêque,77,CC Plaines et Monts de France,Cardiologues,4.82,6.28,-23.3
77367,Le Plessis-Placy,77,CC du Pays de l'Ourcq,Cardiologues,4.82,6.28,-23.3
77368,Poigny,77,CC du Provinois,Cardiologues,4.82,6.28,-23.3
77369,Poincy,77,CA du Pays de Meaux,Cardiologues,4.82,6.28,-23.3
77370,Poligny,77,CC Gâtinais Val de Loing,Cardiologues,4.82,6.28,-23.3
77371,Pommeuse,77,CA Coulommiers Pays de Brie,Cardiologues,4.82,6.28,-23.3
77372,Pomponne,77,CA Marne et Gondoire,Cardiologues,4.82,6.28,-23.3
77373,Pontault-Combault,77,CA Paris - Vallée de la Marne,Cardiologues,4.82,6.28,-23.3
77374,Pontcarré,77,CA Marne et Gondoire,Cardiologues,4.82,6.28,-23.3
77376,Précy-sur-Marne,77,CC Plaines et Monts de France,Cardiologues,4.82,6.28,-23.3
77377,Presles-en-Brie,77,CC Val Briard,Cardiologues,4.82,6.28,-23.3
77378,Pringy,77,CA Melun Val de Seine,Cardiologues,4.82,6.28,-23.3
77379,Provins,77,CC du Provinois,Cardiologues,4.82,6.28,-23.3
77380,Puisieux,77,CC du Pays de l'Ourcq,Cardiologues,4.82,6.28,-23.3
77381,Quiers,77,CC Brie Nangissienne,Cardiologues,4.82,6.28,-23.3
77382,Quincy-Voisins,77,CA du Pays de Meaux,Cardiologues,4.82,6.28,-23.3
77383,Rampillon,77,CC Brie Nangissienne,Cardiologues,4.82,6.28,-23.3
77384,Réau,77,CA Grand Paris Sud Seine Essonne Sénart,Cardiologues,4.82,6.28,-23.3
77385,Rebais,77,CC des Deux Morin,Cardiologues,4.82,6.28,-23.3
77386,Recloses,77,CA du Pays de Fontainebleau,Cardiologues,4.82,6.28,-23.3
77387,Remauville,77,CC Moret Seine et Loing,Cardiologues,4.82,6.28,-23.3
77388,Reuil-en-Brie,77,CA Coulommiers Pays de Brie,Cardiologues,4.82,6.28,-23.3
77389,La Rochette,77,CA Melun Val de Seine,Cardiologues,4.82,6.28,-23.3
77390,Roissy-en-Brie,77,CA Paris - Vallée de la Marne,Cardiologues,4.82,6.28,-23.3
77391,Rouilly,77,CC du Provinois,Cardiologues,4.82,6.28,-23.3
77392,Rouvres,77,CA Roissy Pays de France,Cardiologues,4.82,6.28,-23.3
77393,Rozay-en-Brie,77,CC Val Briard,Cardiologues,4.82,6.28,-23.3
77394,Rubelles,77,CA Melun Val de Seine,Cardiologues,4.82,6.28,-23.3
77395,Rumont,77,CC Pays de Nemours,Cardiologues,4.82,6.28,-23.3
77396,Rupéreux,77,CC du Provinois,Cardiologues,4.82,6.28,-23.3
77397,Saâcy-sur-Marne,77,CA Coulommiers Pays de Brie,Cardiologues,4.82,6.28,-23.3
77398,Sablonnières,77,CC des Deux Morin,Cardiologues,4.82,6.28,-23.3
77400,Saint-Augustin,77,CA Coulommiers Pays de Brie,Cardiologues,4.82,6.28,-23.3
77401,Sainte-Aulde,77,CA Coulommiers Pays de Brie,Cardiologues,4.82,6.28,-23.3
77402,Saint-Barthélemy,77,CC des Deux Morin,Cardiologues,4.82,6.28,-23.3
77403,Saint-Brice,77,CC du Provinois,Cardiologues,4.82,6.28,-23.3
77404,Sainte-Colombe,77,CC du Provinois,Cardiologues,4.82,6.28,-23.3
77405,Saint-Cyr-sur-Morin,77,CC des Deux Morin,Cardiologues,4.82,6.28,-23.3
77406,Saint-Denis-lès-Rebais,77,CC des Deux Morin,Cardiologues,4.82,6.28,-23.3
77407,Saint-Fargeau-Ponthierry,77,CA Melun Val de Seine,Cardiologues,4.82,6.28,-23.3
77408,Saint-Fiacre,77,CA du Pays de Meaux,Cardiologues,4.82,6.28,-23.3
77409,Saint-Germain-Laval,77,CC Pays de Montereau,Cardiologues,4.82,6.28,-23.3
77410,Saint-Germain-Laxis,77,CA Melun Val de Seine,Cardiologues,4.82,6.28,-23.3
77411,Saint-Germain-sous-Doue,77,CC des Deux Morin,Cardiologues,4.82,6.28,-23.3
77412,Saint-Germain-sur-École,77,CA du Pays de Fontainebleau,Cardiologues,4.82,6.28,-23.3
77413,Saint-Germain-sur-Morin,77,CA Val d'Europe Agglomération,Cardiologues,4.82,6.28,-23.3
77414,Saint-Hilliers,77,CC du Provinois,Cardiologues,4.82,6.28,-23.3
77415,Saint-Jean-les-Deux-Jumeaux,77,CA Coulommiers Pays de Brie,Cardiologues,4.82,6.28,-23.3
77416,Saint-Just-en-Brie,77,CC Brie Nangissienne,Cardiologues,4.82,6.28,-23.3
77417,Saint-Léger,77,CC des Deux Morin,Cardiologues,4.82,6.28,-23.3
77418,Saint-Loup-de-Naud,77,CC du Provinois,Cardiologues,4.82,6.28,-23.3
77419,Saint-Mammès,77,CC Moret Seine et Loing,Cardiologues,4.82,6.28,-23.3
77420,Saint-Mard,77,CA Roissy Pays de France,Cardiologues,4.82,6.28,-23.3
77421,Saint-Mars-Vieux-Maisons,77,CC des Deux Morin,Cardiologues,4.82,6.28,-23.3
77423,Saint-Martin-des-Champs,77,CC des Deux Morin,Cardiologues,4.82,6.28,-23.3
77424,Saint-Martin-du-Boschet,77,CC du Provinois,Cardiologues,4.82,6.28,-23.3
77425,Saint-Martin-en-Bière,77,CA du Pays de Fontainebleau,Cardiologues,4.82,6.28,-23.3
77426,Saint-Méry,77,CC Brie des Rivières et Châteaux,Cardiologues,4.82,6.28,-23.3
77427,Saint-Mesmes,77,CC Plaines et Monts de France,Cardiologues,4.82,6.28,-23.3
77428,Saint-Ouen-en-Brie,77,CC Brie Nangissienne,Cardiologues,4.82,6.28,-23.3
77429,Saint-Ouen-sur-Morin,77,CC des Deux Morin,Cardiologues,4.82,6.28,-23.3
77430,Saint-Pathus,77,CC Plaines et Monts de France,Cardiologues,4.82,6.28,-23.3
77431,Saint-Pierre-lès-Nemours,77,CC Pays de Nemours,Cardiologues,4.82,6.28,-23.3
77432,Saint-Rémy-de-la-Vanne,77,CC des Deux Morin,Cardiologues,4.82,6.28,-23.3
77433,Beautheil-Saints,77,CA Coulommiers Pays de Brie,Cardiologues,4.82,6.28,-23.3
77434,Saint-Sauveur-lès-Bray,77,CC Bassée-Montois,Cardiologues,4.82,6.28,-23.3
77435,Saint-Sauveur-sur-École,77,CA du Pays de Fontainebleau,Cardiologues,4.82,6.28,-23.3
77436,Saint-Siméon,77,CC des Deux Morin,Cardiologues,4.82,6.28,-23.3
77437,Saint-Soupplets,77,CA du Pays de Meaux,Cardiologues,4.82,6.28,-23.3
77438,Saint-Thibault-des-Vignes,77,CA Marne et Gondoire,Cardiologues,4.82,6.28,-23.3
77439,Salins,77,CC Pays de Montereau,Cardiologues,4.82,6.28,-23.3
77440,Sammeron,77,CA Coulommiers Pays de Brie,Cardiologues,4.82,6.28,-23.3
77441,Samois-sur-Seine,77,CA du Pays de Fontainebleau,Cardiologues,4.82,6.28,-23.3
77442,Samoreau,77,CA du Pays de Fontainebleau,Cardiologues,4.82,6.28,-23.3
77443,Sancy,77,CA Coulommiers Pays de Brie,Cardiologues,4.82,6.28,-23.3
77444,Sancy-lès-Provins,77,CC du Provinois,Cardiologues,4.82,6.28,-23.3
77445,Savigny-le-Temple,77,CA Grand Paris Sud Seine Essonne Sénart,Cardiologues,4.82,6.28,-23.3
77446,Savins,77,CC Bassée-Montois,Cardiologues,4.82,6.28,-23.3
77447,Seine-Port,77,CA Melun Val de Seine,Cardiologues,4.82,6.28,-23.3
77448,Sept-Sorts,77,CA Coulommiers Pays de Brie,Cardiologues,4.82,6.28,-23.3
77449,Serris,77,CA Val d'Europe Agglomération,Cardiologues,4.82,6.28,-23.3
77450,Servon,77,CC l'Orée de la Brie,Cardiologues,4.82,6.28,-23.3
77451,Signy-Signets,77,CA Coulommiers Pays de Brie,Cardiologues,4.82,6.28,-23.3
77452,Sigy,77,CC Bassée-Montois,Cardiologues,4.82,6.28,-23.3
77453,Sivry-Courtry,77,CC Brie des Rivières et Châteaux,Cardiologues,4.82,6.28,-23.3
77454,Sognolles-en-Montois,77,CC Bassée-Montois,Cardiologues,4.82,6.28,-23.3
77455,Soignolles-en-Brie,77,CC Brie des Rivières et Châteaux,Cardiologues,4.82,6.28,-23.3
77456,Soisy-Bouy,77,CC du Provinois,Cardiologues,4.82,6.28,-23.3
77457,Solers,77,CC Brie des Rivières et Châteaux,Cardiologues,4.82,6.28,-23.3
77458,Souppes-sur-Loing,77,CC Gâtinais Val de Loing,Cardiologues,4.82,6.28,-23.3
77459,Sourdun,77,CC du Provinois,Cardiologues,4.82,6.28,-23.3
77460,Tancrou,77,CC du Pays de l'Ourcq,Cardiologues,4.82,6.28,-23.3
77461,Thénisy,77,CC Bassée-Montois,Cardiologues,4.82,6.28,-23.3
77462,Thieux,77,CA Roissy Pays de France,Cardiologues,4.82,6.28,-23.3
77463,Thomery,77,CC Moret Seine et Loing,Cardiologues,4.82,6.28,-23.3
77464,Thorigny-sur-Marne,77,CA Marne et Gondoire,Cardiologues,4.82,6.28,-23.3
77465,Thoury-Férottes,77,CC Pays de Montereau,Cardiologues,4.82,6.28,-23.3
77466,Tigeaux,77,CA Coulommiers Pays de Brie,Cardiologues,4.82,6.28,-23.3
77467,La Tombe,77,CC Bassée-Montois,Cardiologues,4.82,6.28,-23.3
77468,Torcy,77,CA Paris - Vallée de la Marne,Cardiologues,4.82,6.28,-23.3
77469,Touquin,77,CA Coulommiers Pays de Brie,Cardiologues,4.82,6.28,-23.3
77470,Tournan-en-Brie,77,CC Les Portes Briardes Entre Villes et Forêts,Cardiologues,4.82,6.28,-23.3
77471,Tousson,77,CA du Pays de Fontainebleau,Cardiologues,4.82,6.28,-23.3
77472,La Trétoire,77,CC des Deux Morin,Cardiologues,4.82,6.28,-23.3
77473,Treuzy-Levelay,77,CC Moret Seine et Loing,Cardiologues,4.82,6.28,-23.3
77474,Trilbardou,77,CA du Pays de Meaux,Cardiologues,4.82,6.28,-23.3
77475,Trilport,77,CA du Pays de Meaux,Cardiologues,4.82,6.28,-23.3
77476,Trocy-en-Multien,77,CC du Pays de l'Ourcq,Cardiologues,4.82,6.28,-23.3
77477,Ury,77,CA du Pays de Fontainebleau,Cardiologues,4.82,6.28,-23.3
77478,Ussy-sur-Marne,77,CA Coulommiers Pays de Brie,Cardiologues,4.82,6.28,-23.3
77479,Vaires-sur-Marne,77,CA Paris - Vallée de la Marne,Cardiologues,4.82,6.28,-23.3
77480,Valence-en-Brie,77,CC Brie des Rivières et Châteaux,Cardiologues,4.82,6.28,-23.3
77481,Vanvillé,77,CC Brie Nangissienne,Cardiologues,4.82,6.28,-23.3
77482,Varennes-sur-Seine,77,CC Pays de Montereau,Cardiologues,4.82,6.28,-23.3
77483,Varreddes,77,CA du Pays de Meaux,Cardiologues,4.82,6.28,-23.3
77484,Vaucourtois,77,CA Coulommiers Pays de Brie,Cardiologues,4.82,6.28,-23.3
77485,Le Vaudoué,77,CA du Pays de Fontainebleau,Cardiologues,4.82,6.28,-23.3
77486,Vaudoy-en-Brie,77,CC Val Briard,Cardiologues,4.82,6.28,-23.3
77487,Vaux-le-Pénil,77,CA Melun Val de Seine,Cardiologues,4.82,6.28,-23.3
77489,Vaux-sur-Lunain,77,CC Gâtinais Val de Loing,Cardiologues,4.82,6.28,-23.3
77490,Vendrest,77,CC du Pays de l'Ourcq,Cardiologues,4.82,6.28,-23.3
77492,Verdelot,77,CC des Deux Morin,Cardiologues,4.82,6.28,-23.3
77493,Verneuil-l'Étang,77,CC Brie Nangissienne,Cardiologues,4.82,6.28,-23.3
77494,Vernou-la-Celle-sur-Seine,77,CC Moret Seine et Loing,Cardiologues,4.82,6.28,-23.3
77495,Vert-Saint-Denis,77,CA Grand Paris Sud Seine Essonne Sénart,Cardiologues,4.82,6.28,-23.3
77496,Vieux-Champagne,77,CC Brie Nangissienne,Cardiologues,4.82,6.28,-23.3
77498,Vignely,77,CA du Pays de Meaux,Cardiologues,4.82,6.28,-23.3
77500,Villebéon,77,CC Gâtinais Val de Loing,Cardiologues,4.82,6.28,-23.3
77501,Villecerf,77,CC Moret Seine et Loing,Cardiologues,4.82,6.28,-23.3
77504,Villemaréchal,77,CC Moret Seine et Loing,Cardiologues,4.82,6.28,-23.3
77505,Villemareuil,77,CA du Pays de Meaux,Cardiologues,4.82,6.28,-23.3
77506,Villemer,77,CC Moret Seine et Loing,Cardiologues,4.82,6.28,-23.3
77507,Villenauxe-la-Petite,77,CC Bassée-Montois,Cardiologues,4.82,6.28,-23.3
77508,Villeneuve-le-Comte,77,CA Val d'Europe Agglomération,Cardiologues,4.82,6.28,-23.3
77509,Villeneuve-les-Bordes,77,CC Bassée-Montois,Cardiologues,4.82,6.28,-23.3
77510,Villeneuve-Saint-Denis,77,CA Val d'Europe Agglomération,Cardiologues,4.82,6.28,-23.3
77511,Villeneuve-sous-Dammartin,77,CA Roissy Pays de France,Cardiologues,4.82,6.28,-23.3
77512,Villeneuve-sur-Bellot,77,CC des Deux Morin,Cardiologues,4.82,6.28,-23.3
77513,Villenoy,77,CA du Pays de Meaux,Cardiologues,4.82,6.28,-23.3
77514,Villeparisis,77,CA Roissy Pays de France,Cardiologues,4.82,6.28,-23.3
77515,Villeroy,77,CC Plaines et Monts de France,Cardiologues,4.82,6.28,-23.3
77516,Ville-Saint-Jacques,77,CC Moret Seine et Loing,Cardiologues,4.82,6.28,-23.3
77517,Villevaudé,77,CC Plaines et Monts de France,Cardiologues,4.82,6.28,-23.3
77518,Villiers-en-Bière,77,CA Melun Val de Seine,Cardiologues,4.82,6.28,-23.3
77519,Villiers-Saint-Georges,77,CC du Provinois,Cardiologues,4.82,6.28,-23.3
77520,Villiers-sous-Grez,77,CC Pays de Nemours,Cardiologues,4.82,6.28,-23.3
77521,Villiers-sur-Morin,77,CA Coulommiers Pays de Brie,Cardiologues,4.82,6.28,-23.3
77522,Villiers-sur-Seine,77,CC Bassée-Montois,Cardiologues,4.82,6.28,-23.3
77523,Villuis,77,CC Bassée-Montois,Cardiologues,4.82,6.28,-23.3
77524,Vimpelles,77,CC Bassée-Montois,Cardiologues,4.82,6.28,-23.3
77525,Vinantes,77,CC Plaines et Monts de France,Cardiologues,4.82,6.28,-23.3
77526,Vincy-Manœuvre,77,CC du Pays de l'Ourcq,Cardiologues,4.82,6.28,-23.3
77527,Voinsles,77,CC Val Briard,Cardiologues,4.82,6.28,-23.3
77528,Voisenon,77,CA Melun Val de Seine,Cardiologues,4.82,6.28,-23.3
77529,Voulangis,77,CA Coulommiers Pays de Brie,Cardiologues,4.82,6.28,-23.3
77530,Voulton,77,CC du Provinois,Cardiologues,4.82,6.28,-23.3
77531,Voulx,77,CC Pays de Montereau,Cardiologues,4.82,6.28,-23.3
77532,Vulaines-lès-Provins,77,CC du Provinois,Cardiologues,4.82,6.28,-23.3
77533,Vulaines-sur-Seine,77,CA du Pays de Fontainebleau,Cardiologues,4.82,6.28,-23.3
77534,Yèbles,77,CC Brie des Rivières et Châteaux,Cardiologues,4.82,6.28,-23.3
78003,Ablis,78,CA Rambouillet Territoires,Cardiologues,7.89,6.28,25.6
78005,Achères,78,CU Grand Paris Seine et Oise,Cardiologues,7.89,6.28,25.6
78006,Adainville,78,CC du Pays Houdanais (CCPH),Cardiologues,7.89,6.28,25.6
78007,Aigremont,78,CA Saint Germain Boucles de Seine,Cardiologues,7.89,6.28,25.6
78009,Allainville,78,CA Rambouillet Territoires,Cardiologues,7.89,6.28,25.6
78010,Les Alluets-le-Roi,78,CU Grand Paris Seine et Oise,Cardiologues,7.89,6.28,25.6
78013,Andelu,78,CC Gally Mauldre,Cardiologues,7.89,6.28,25.6
78015,Andrésy,78,CU Grand Paris Seine et Oise,Cardiologues,7.89,6.28,25.6
78020,Arnouville-lès-Mantes,78,CU Grand Paris Seine et Oise,Cardiologues,7.89,6.28,25.6
78029,Aubergenville,78,CU Grand Paris Seine et Oise,Cardiologues,7.89,6.28,25.6
78030,Auffargis,78,CA Rambouillet Territoires,Cardiologues,7.89,6.28,25.6
78031,Auffreville-Brasseuil,78,CU Grand Paris Seine et Oise,Cardiologues,7.89,6.28,25.6
78033,Aulnay-sur-Mauldre,78,CU Grand Paris Seine et Oise,Cardiologues,7.89,6.28,25.6
78034,Auteuil,78,CC Coeur d'Yvelines,Cardiologues,7.89,6.28,25.6
78036,Autouillet,78,CC Coeur d'Yvelines,Cardiologues,7.89,6.28,25.6
78043,Bailly,78,CA Versailles Grand Parc (CAVGP),Cardiologues,7.89,6.28,25.6
78048,Bazainville,78,CC du Pays Houdanais (CCPH),Cardiologues,7.89,6.28,25.6
78049,Bazemont,78,CC Gally Mauldre,Cardiologues,7.89,6.28,25.6
78050,Bazoches-sur-Guyonne,78,CC Coeur d'Yvelines,Cardiologues,7.89,6.28,25.6
78053,Béhoust,78,CC Coeur d'Yvelines,Cardiologues,7.89,6.28,25.6
78057,Bennecourt,78,CC Les Portes de l'Ile de France,Cardiologues,7.89,6.28,25.6
78062,Beynes,78,CC Coeur d'Yvelines,Cardiologues,7.89,6.28,25.6
78068,Blaru,78,CC Les Portes de l'Ile de France,Cardiologues,7.89,6.28,25.6
78070,Boinville-en-Mantois,78,CU Grand Paris Seine et Oise,Cardiologues,7.89,6.28,25.6
78071,Boinville-le-Gaillard,78,CA Rambouillet Territoires,Cardiologues,7.89,6.28,25.6
78072,Boinvilliers,78,CC du Pays Houdanais (CCPH),Cardiologues,7.89,6.28,25.6
78073,Bois-d'Arcy,78,CA Versailles Grand Parc (CAVGP),Cardiologues,7.89,6.28,25.6
78076,Boissets,78,CC du Pays Houdanais (CCPH),Cardiologues,7.89,6.28,25.6
78077,La Boissière-École,78,CA Rambouillet Territoires,Cardiologues,7.89,6.28,25.6
78082,Boissy-Mauvoisin,78,CC Les Portes de l'Ile de France,Cardiologues,7.89,6.28,25.6
78084,Boissy-sans-Avoir,78,CC Coeur d'Yvelines,Cardiologues,7.89,6.28,25.6
78087,Bonnelles,78,CA Rambouillet Territoires,Cardiologues,7.89,6.28,25.6
78089,Bonnières-sur-Seine,78,CC Les Portes de l'Ile de France,Cardiologues,7.89,6.28,25.6
78090,Bouafle,78,CU Grand Paris Seine et Oise,Cardiologues,7.89,6.28,25.6
78092,Bougival,78,CA Versailles Grand Parc (CAVGP),Cardiologues,7.89,6.28,25.6
78096,Bourdonné,78,CC du Pays Houdanais (CCPH),Cardiologues,7.89,6.28,25.6
78104,Breuil-Bois-Robert,78,CU Grand Paris Seine et Oise,Cardiologues,7.89,6.28,25.6
78107,Bréval,78,CC Les Portes de l'Ile de France,Cardiologues,7.89,6.28,25.6
78108,Les Bréviaires,78,CA Rambouillet Territoires,Cardiologues,7.89,6.28,25.6
78113,Brueil-en-Vexin,78,CU Grand Paris Seine et Oise,Cardiologues,7.89,6.28,25.6
78117,Buc,78,CA Versailles Grand Parc (CAVGP),Cardiologues,7.89,6.28,25.6
78118,Buchelay,78,CU Grand Paris Seine et Oise,Cardiologues,7.89,6.28,25.6
78120,Bullion,78,CA Rambouillet Territoires,Cardiologues,7.89,6.28,25.6
78123,Carrières-sous-Poissy,78,CU Grand Paris Seine et Oise,Cardiologues,7.89,6.28,25.6
78124,Carrières-sur-Seine,78,CA Saint Germain Boucles de Seine,Cardiologues,7.89,6.28,25.6
78125,La Celle-les-Bordes,78,CA Rambouillet Territoires,Cardiologues,7.89,6.28,25.6
78126,La Celle-Saint-Cloud,78,CA Versailles Grand Parc (CAVGP),Cardiologues,7.89,6.28,25.6
78128,Cernay-la-Ville,78,CA Rambouillet Territoires,Cardiologues,7.89,6.28,25.6
78133,Chambourcy,78,CA Saint Germain Boucles de Seine,Cardiologues,7.89,6.28,25.6
78138,Chanteloup-les-Vignes,78,CU Grand Paris Seine et Oise,Cardiologues,7.89,6.28,25.6
78140,Chapet,78,CU Grand Paris Seine et Oise,Cardiologues,7.89,6.28,25.6
78143,Châteaufort,78,CA Versailles Grand Parc (CAVGP),Cardiologues,7.89,6.28,25.6
78146,Chatou,78,CA Saint Germain Boucles de Seine,Cardiologues,7.89,6.28,25.6
78147,Chaufour-lès-Bonnières,78,CC Les Portes de l'Ile de France,Cardiologues,7.89,6.28,25.6
78152,Chavenay,78,CC Gally Mauldre,Cardiologues,7.89,6.28,25.6
78158,Le Chesnay-Rocquencourt,78,CA Versailles Grand Parc (CAVGP),Cardiologues,7.89,6.28,25.6
78160,Chevreuse,78,CC de la Haute Vallée de Chevreuse,Cardiologues,7.89,6.28,25.6
78162,Choisel,78,CC de la Haute Vallée de Chevreuse,Cardiologues,7.89,6.28,25.6
78163,Civry-la-Forêt,78,CC du Pays Houdanais (CCPH),Cardiologues,7.89,6.28,25.6
78164,Clairefontaine-en-Yvelines,78,CA Rambouillet Territoires,Cardiologues,7.89,6.28,25.6
78165,Les Clayes-sous-Bois,78,CA de Saint Quentin en Yvelines,Cardiologues,7.89,6.28,25.6
78168,Coignières,78,CA de Saint Quentin en Yvelines,Cardiologues,7.89,6.28,25.6
78171,Condé-sur-Vesgre,78,CC du Pays Houdanais (CCPH),Cardiologues,7.89,6.28,25.6
78172,Conflans-Sainte-Honorine,78,CU Grand Paris Seine et Oise,Cardiologues,7.89,6.28,25.6
78185,Courgent,78,CC du Pays Houdanais (CCPH),Cardiologues,7.89,6.28,25.6
78188,Cravent,78,CC Les Portes de l'Ile de France,Cardiologues,7.89,6.28,25.6
78189,Crespières,78,CC Gally Mauldre,Cardiologues,7.89,6.28,25.6
78190,Croissy-sur-Seine,78,CA Saint Germain Boucles de Seine,Cardiologues,7.89,6.28,25.6
78192,Dammartin-en-Serve,78,CC du Pays Houdanais (CCPH),Cardiologues,7.89,6.28,25.6
78193,Dampierre-en-Yvelines,78,CC de la Haute Vallée de Chevreuse,Cardiologues,7.89,6.28,25.6
78194,Dannemarie,78,CC du Pays Houdanais (CCPH),Cardiologues,7.89,6.28,25.6
78196,Davron,78,CC Gally Mauldre,Cardiologues,7.89,6.28,25.6
78202,Drocourt,78,CU Grand Paris Seine et Oise,Cardiologues,7.89,6.28,25.6
78206,Ecquevilly,78,CU Grand Paris Seine et Oise,Cardiologues,7.89,6.28,25.6
78208,Élancourt,78,CA de Saint Quentin en Yvelines,Cardiologues,7.89,6.28,25.6
78209,Émancé,78,CA Rambouillet Territoires,Cardiologues,7.89,6.28,25.6
78217,Épône,78,CU Grand Paris Seine et Oise,Cardiologues,7.89,6.28,25.6
78220,Les Essarts-le-Roi,78,CA Rambouillet Territoires,Cardiologues,7.89,6.28,25.6
78224,L'Étang-la-Ville,78,CA Saint Germain Boucles de Seine,Cardiologues,7.89,6.28,25.6
78227,Évecquemont,78,CU Grand Paris Seine et Oise,Cardiologues,7.89,6.28,25.6
78230,La Falaise,78,CU Grand Paris Seine et Oise,Cardiologues,7.89,6.28,25.6
78231,Favrieux,78,CU Grand Paris Seine et Oise,Cardiologues,7.89,6.28,25.6
78233,Feucherolles,78,CC Gally Mauldre,Cardiologues,7.89,6.28,25.6
78234,Flacourt,78,CU Grand Paris Seine et Oise,Cardiologues,7.89,6.28,25.6
78236,Flexanville,78,CC Coeur d'Yvelines,Cardiologues,7.89,6.28,25.6
78237,Flins-Neuve-Église,78,CC du Pays Houdanais (CCPH),Cardiologues,7.89,6.28,25.6
78238,Flins-sur-Seine,78,CU Grand Paris Seine et Oise,Cardiologues,7.89,6.28,25.6
78239,Follainville-Dennemont,78,CU Grand Paris Seine et Oise,Cardiologues,7.89,6.28,25.6
78242,Fontenay-le-Fleury,78,CA Versailles Grand Parc (CAVGP),Cardiologues,7.89,6.28,25.6
78245,Fontenay-Mauvoisin,78,CU Grand Paris Seine et Oise,Cardiologues,7.89,6.28,25.6
78246,Fontenay-Saint-Père,78,CU Grand Paris Seine et Oise,Cardiologues,7.89,6.28,25.6
78255,Freneuse,78,CC Les Portes de l'Ile de France,Cardiologues,7.89,6.28,25.6
78261,Gaillon-sur-Montcient,78,CU Grand Paris Seine et Oise,Cardiologues,7.89,6.28,25.6
78262,Galluis,78,CC Coeur d'Yvelines,Cardiologues,7.89,6.28,25.6
78263,Gambais,78,CC Coeur d'Yvelines,Cardiologues,7.89,6.28,25.6
78264,Gambaiseuil,78,CA Rambouillet Territoires,Cardiologues,7.89,6.28,25.6
78265,Garancières,78,CC Coeur d'Yvelines,Cardiologues,7.89,6.28,25.6
78267,Gargenville,78,CU Grand Paris Seine et Oise,Cardiologues,7.89,6.28,25.6
78269,Gazeran,78,CA Rambouillet Territoires,Cardiologues,7.89,6.28,25.6
78276,Gommecourt,78,CC Les Portes de l'Ile de France,Cardiologues,7.89,6.28,25.6
78278,Goupillières,78,CC Coeur d'Yvelines,Cardiologues,7.89,6.28,25.6
78281,Goussonville,78,CU Grand Paris Seine et Oise,Cardiologues,7.89,6.28,25.6
78283,Grandchamp,78,CC du Pays Houdanais (CCPH),Cardiologues,7.89,6.28,25.6
78285,Gressey,78,CC du Pays Houdanais (CCPH),Cardiologues,7.89,6.28,25.6
78289,Grosrouvre,78,CC Coeur d'Yvelines,Cardiologues,7.89,6.28,25.6
78290,Guernes,78,CU Grand Paris Seine et Oise,Cardiologues,7.89,6.28,25.6
78291,Guerville,78,CU Grand Paris Seine et Oise,Cardiologues,7.89,6.28,25.6
78296,Guitrancourt,78,CU Grand Paris Seine et Oise,Cardiologues,7.89,6.28,25.6
78297,Guyancourt,78,CA de Saint Quentin en Yvelines,Cardiologues,7.89,6.28,25.6
78299,Hardricourt,78,CU Grand Paris Seine et Oise,Cardiologues,7.89,6.28,25.6
78300,Hargeville,78,CU Grand Paris Seine et Oise,Cardiologues,7.89,6.28,25.6
78302,La Hauteville,78,CC du Pays Houdanais (CCPH),Cardiologues,7.89,6.28,25.6
78305,Herbeville,78,CC Gally Mauldre,Cardiologues,7.89,6.28,25.6
78307,Hermeray,78,CA Rambouillet Territoires,Cardiologues,7.89,6.28,25.6
78310,Houdan,78,CC du Pays Houdanais (CCPH),Cardiologues,7.89,6.28,25.6
78311,Houilles,78,CA Saint Germain Boucles de Seine,Cardiologues,7.89,6.28,25.6
78314,Issou,78,CU Grand Paris Seine et Oise,Cardiologues,7.89,6.28,25.6
78317,Jambville,78,CU Grand Paris Seine et Oise,Cardiologues,7.89,6.28,25.6
78320,Notre-Dame-de-la-Mer,78,CC Les Portes de l'Ile de France,Cardiologues,7.89,6.28,25.6
78321,Jouars-Pontchartrain,78,CC Coeur d'Yvelines,Cardiologues,7.89,6.28,25.6
78322,Jouy-en-Josas,78,CA Versailles Grand Parc (CAVGP),Cardiologues,7.89,6.28,25.6
78324,Jouy-Mauvoisin,78,CU Grand Paris Seine et Oise,Cardiologues,7.89,6.28,25.6
78325,Jumeauville,78,CU Grand Paris Seine et Oise,Cardiologues,7.89,6.28,25.6
78327,Juziers,78,CU Grand Paris Seine et Oise,Cardiologues,7.89,6.28,25.6
78329,Lainville-en-Vexin,78,CU Grand Paris Seine et Oise,Cardiologues,7.89,6.28,25.6
78334,Lévis-Saint-Nom,78,CC de la Haute Vallée de Chevreuse,Cardiologues,7.89,6.28,25.6
78335,Limay,78,CU Grand Paris Seine et Oise,Cardiologues,7.89,6.28,25.6
78337,Limetz-Villez,78,CC Les Portes de l'Ile de France,Cardiologues,7.89,6.28,25.6
78343,Les Loges-en-Josas,78,CA Versailles Grand Parc (CAVGP),Cardiologues,7.89,6.28,25.6
78344,Lommoye,78,CC Les Portes de l'Ile de France,Cardiologues,7.89,6.28,25.6
78346,Longnes,78,CC du Pays Houdanais (CCPH),Cardiologues,7.89,6.28,25.6
78349,Longvilliers,78,CA Rambouillet Territoires,Cardiologues,7.89,6.28,25.6
78350,Louveciennes,78,CA Saint Germain Boucles de Seine,Cardiologues,7.89,6.28,25.6
78354,Magnanville,78,CU Grand Paris Seine et Oise,Cardiologues,7.89,6.28,25.6
78356,Magny-les-Hameaux,78,CA de Saint Quentin en Yvelines,Cardiologues,7.89,6.28,25.6
78358,Maisons-Laffitte,78,CA Saint Germain Boucles de Seine,Cardiologues,7.89,6.28,25.6
78361,Mantes-la-Jolie,78,CU Grand Paris Seine et Oise,Cardiologues,7.89,6.28,25.6
78362,Mantes-la-Ville,78,CU Grand Paris Seine et Oise,Cardiologues,7.89,6.28,25.6
78364,Marcq,78,CC Coeur d'Yvelines,Cardiologues,7.89,6.28,25.6
78366,Mareil-le-Guyon,78,CC Coeur d'Yvelines,Cardiologues,7.89,6.28,25.6
78367,Mareil-Marly,78,CA Saint Germain Boucles de Seine,Cardiologues,7.89,6.28,25.6
78368,Mareil-sur-Mauldre,78,CC Gally Mauldre,Cardiologues,7.89,6.28,25.6
78372,Marly-le-Roi,78,CA Saint Germain Boucles de Seine,Cardiologues,7.89,6.28,25.6
78380,Maule,78,CC Gally Mauldre,Cardiologues,7.89,6.28,25.6
78381,Maulette,78,CC du Pays Houdanais (CCPH),Cardiologues,7.89,6.28,25.6
78382,Maurecourt,78,CA de Cergy-Pontoise,Cardiologues,7.89,6.28,25.6
78383,Maurepas,78,CA de Saint Quentin en Yvelines,Cardiologues,7.89,6.28,25.6
78384,Médan,78,CU Grand Paris Seine et Oise,Cardiologues,7.89,6.28,25.6
78385,Ménerville,78,CC Les Portes de l'Ile de France,Cardiologues,7.89,6.28,25.6
78389,Méré,78,CC Coeur d'Yvelines,Cardiologues,7.89,6.28,25.6
78391,Méricourt,78,CU Grand Paris Seine et Oise,Cardiologues,7.89,6.28,25.6
78396,Le Mesnil-le-Roi,78,CA Saint Germain Boucles de Seine,Cardiologues,7.89,6.28,25.6
78397,Le Mesnil-Saint-Denis,78,CC de la Haute Vallée de Chevreuse,Cardiologues,7.89,6.28,25.6
78398,Les Mesnuls,78,CC Coeur d'Yvelines,Cardiologues,7.89,6.28,25.6
78401,Meulan-en-Yvelines,78,CU Grand Paris Seine et Oise,Cardiologues,7.89,6.28,25.6
78402,Mézières-sur-Seine,78,CU Grand Paris Seine et Oise,Cardiologues,7.89,6.28,25.6
78403,Mézy-sur-Seine,78,CU Grand Paris Seine et Oise,Cardiologues,7.89,6.28,25.6
78404,Millemont,78,CC Coeur d'Yvelines,Cardiologues,7.89,6.28,25.6
78406,Milon-la-Chapelle,78,CC de la Haute Vallée de Chevreuse,Cardiologues,7.89,6.28,25.6
78407,Mittainville,78,CA Rambouillet Territoires,Cardiologues,7.89,6.28,25.6
78410,Moisson,78,CC Les Portes de l'Ile de France,Cardiologues,7.89,6.28,25.6
78413,Mondreville,78,CC du Pays Houdanais (CCPH),Cardiologues,7.89,6.28,25.6
78415,Montainville,78,CC Gally Mauldre,Cardiologues,7.89,6.28,25.6
78416,Montalet-le-Bois,78,CU Grand Paris Seine et Oise,Cardiologues,7.89,6.28,25.6
78417,Montchauvet,78,CC du Pays Houdanais (CCPH),Cardiologues,7.89,6.28,25.6
78418,Montesson,78,CA Saint Germain Boucles de Seine,Cardiologues,7.89,6.28,25.6
78420,Montfort-l'Amaury,78,CC Coeur d'Yvelines,Cardiologues,7.89,6.28,25.6
78423,Montigny-le-Bretonneux,78,CA de Saint Quentin en Yvelines,Cardiologues,7.89,6.28,25.6
78431,Morainvilliers,78,CU Grand Paris Seine et Oise,Cardiologues,7.89,6.28,25.6
78437,Mousseaux-sur-Seine,78,CU Grand Paris Seine et Oise,Cardiologues,7.89,6.28,25.6
78439,Mulcent,78,CC du Pays Houdanais (CCPH),Cardiologues,7.89,6.28,25.6
78440,Les Mureaux,78,CU Grand Paris Seine et Oise,Cardiologues,7.89,6.28,25.6
78442,Neauphle-le-Château,78,CC Coeur d'Yvelines,Cardiologues,7.89,6.28,25.6
78443,Neauphle-le-Vieux,78,CC Coeur d'Yvelines,Cardiologues,7.89,6.28,25.6
78444,Neauphlette,78,CC Les Portes de l'Ile de France,Cardiologues,7.89,6.28,25.6
78451,Nézel,78,CU Grand Paris Seine et Oise,Cardiologues,7.89,6.28,25.6
78455,Noisy-le-Roi,78,CA Versailles Grand Parc (CAVGP),Cardiologues,7.89,6.28,25.6
78460,Oinville-sur-Montcient,78,CU Grand Paris Seine et Oise,Cardiologues,7.89,6.28,25.6
78464,Orcemont,78,CA Rambouillet Territoires,Cardiologues,7.89,6.28,25.6
78465,Orgerus,78,CC du Pays Houdanais (CCPH),Cardiologues,7.89,6.28,25.6
78466,Orgeval,78,CU Grand Paris Seine et Oise,Cardiologues,7.89,6.28,25.6
78470,Orphin,78,CA Rambouillet Territoires,Cardiologues,7.89,6.28,25.6
78472,Orsonville,78,CA Rambouillet Territoires,Cardiologues,7.89,6.28,25.6
78474,Orvilliers,78,CC du Pays Houdanais (CCPH),Cardiologues,7.89,6.28,25.6
78475,Osmoy,78,CC du Pays Houdanais (CCPH),Cardiologues,7.89,6.28,25.6
78478,Paray-Douaville,78,CA Rambouillet Territoires,Cardiologues,7.89,6.28,25.6
78481,Le Pecq,78,CA Saint Germain Boucles de Seine,Cardiologues,7.89,6.28,25.6
78484,Perdreauville,78,CU Grand Paris Seine et Oise,Cardiologues,7.89,6.28,25.6
78486,Le Perray-en-Yvelines,78,CA Rambouillet Territoires,Cardiologues,7.89,6.28,25.6
78490,Plaisir,78,CA de Saint Quentin en Yvelines,Cardiologues,7.89,6.28,25.6
78497,Poigny-la-Forêt,78,CA Rambouillet Territoires,Cardiologues,7.89,6.28,25.6
78498,Poissy,78,CU Grand Paris Seine et Oise,Cardiologues,7.89,6.28,25.6
78499,Ponthévrard,78,CA Rambouillet Territoires,Cardiologues,7.89,6.28,25.6
78501,Porcheville,78,CU Grand Paris Seine et Oise,Cardiologues,7.89,6.28,25.6
78502,Le Port-Marly,78,CA Saint Germain Boucles de Seine,Cardiologues,7.89,6.28,25.6
78505,Prunay-le-Temple,78,CC du Pays Houdanais (CCPH),Cardiologues,7.89,6.28,25.6
78506,Prunay-en-Yvelines,78,CA Rambouillet Territoires,Cardiologues,7.89,6.28,25.6
78513,La Queue-les-Yvelines,78,CC Coeur d'Yvelines,Cardiologues,7.89,6.28,25.6
78516,Raizeux,78,CA Rambouillet Territoires,Cardiologues,7.89,6.28,25.6
78517,Rambouillet,78,CA Rambouillet Territoires,Cardiologues,7.89,6.28,25.6
78518,Rennemoulin,78,CA Versailles Grand Parc (CAVGP),Cardiologues,7.89,6.28,25.6
78520,Richebourg,78,CC du Pays Houdanais (CCPH),Cardiologues,7.89,6.28,25.6
78522,Rochefort-en-Yvelines,78,CA Rambouillet Territoires,Cardiologues,7.89,6.28,25.6
78528,Rolleboise,78,CU Grand Paris Seine et Oise,Cardiologues,7.89,6.28,25.6
78530,Rosay,78,CC du Pays Houdanais (CCPH),Cardiologues,7.89,6.28,25.6
78531,Rosny-sur-Seine,78,CU Grand Paris Seine et Oise,Cardiologues,7.89,6.28,25.6
78536,Sailly,78,CU Grand Paris Seine et Oise,Cardiologues,7.89,6.28,25.6
78537,Saint-Arnoult-en-Yvelines,78,CA Rambouillet Territoires,Cardiologues,7.89,6.28,25.6
78545,Saint-Cyr-l'École,78,CA Versailles Grand Parc (CAVGP),Cardiologues,7.89,6.28,25.6
78548,Saint-Forget,78,CC de la Haute Vallée de Chevreuse,Cardiologues,7.89,6.28,25.6
78550,Saint-Germain-de-la-Grange,78,CC Coeur d'Yvelines,Cardiologues,7.89,6.28,25.6
78551,Saint-Germain-en-Laye,78,CA Saint Germain Boucles de Seine,Cardiologues,7.89,6.28,25.6
78557,Saint-Hilarion,78,CA Rambouillet Territoires,Cardiologues,7.89,6.28,25.6
78558,Saint-Illiers-la-Ville,78,CC Les Portes de l'Ile de France,Cardiologues,7.89,6.28,25.6
78559,Saint-Illiers-le-Bois,78,CC Les Portes de l'Ile de France,Cardiologues,7.89,6.28,25.6
78561,Saint-Lambert,78,CC de la Haute Vallée de Chevreuse,Cardiologues,7.89,6.28,25.6
78562,Saint-Léger-en-Yvelines,78,CA Rambouillet Territoires,Cardiologues,7.89,6.28,25.6
78564,Saint-Martin-de-Bréthencourt,78,CA Rambouillet Territoires,Cardiologues,7.89,6.28,25.6
78565,Saint-Martin-des-Champs,78,CC du Pays Houdanais (CCPH),Cardiologues,7.89,6.28,25.6
78567,Saint-Martin-la-Garenne,78,CU Grand Paris Seine et Oise,Cardiologues,7.89,6.28,25.6
78569,Sainte-Mesme,78,CA Rambouillet Territoires,Cardiologues,7.89,6.28,25.6
78571,Saint-Nom-la-Bretèche,78,CC Gally Mauldre,Cardiologues,7.89,6.28,25.6
78575,Saint-Rémy-lès-Chevreuse,78,CC de la Haute Vallée de Chevreuse,Cardiologues,7.89,6.28,25.6
78576,Saint-Rémy-l'Honoré,78,CC Coeur d'Yvelines,Cardiologues,7.89,6.28,25.6
78586,Sartrouville,78,CA Saint Germain Boucles de Seine,Cardiologues,7.89,6.28,25.6
78588,Saulx-Marchais,78,CC Coeur d'Yvelines,Cardiologues,7.89,6.28,25.6
78590,Senlisse,78,CC de la Haute Vallée de Chevreuse,Cardiologues,7.89,6.28,25.6
78591,Septeuil,78,CC du Pays Houdanais (CCPH),Cardiologues,7.89,6.28,25.6
78597,Soindres,78,CU Grand Paris Seine et Oise,Cardiologues,7.89,6.28,25.6
78601,Sonchamp,78,CA Rambouillet Territoires,Cardiologues,7.89,6.28,25.6
78605,Tacoignières,78,CC du Pays Houdanais (CCPH),Cardiologues,7.89,6.28,25.6
78606,Le Tartre-Gaudran,78,CC du Pays Houdanais (CCPH),Cardiologues,7.89,6.28,25.6
78608,Le Tertre-Saint-Denis,78,CU Grand Paris Seine et Oise,Cardiologues,7.89,6.28,25.6
78609,Tessancourt-sur-Aubette,78,CU Grand Paris Seine et Oise,Cardiologues,7.89,6.28,25.6
78615,Thiverval-Grignon,78,CC Coeur d'Yvelines,Cardiologues,7.89,6.28,25.6
78616,Thoiry,78,CC Coeur d'Yvelines,Cardiologues,7.89,6.28,25.6
78618,Tilly,78,CC du Pays Houdanais (CCPH),Cardiologues,7.89,6.28,25.6
78620,Toussus-le-Noble,78,CA Versailles Grand Parc (CAVGP),Cardiologues,7.89,6.28,25.6
78621,Trappes,78,CA de Saint Quentin en Yvelines,Cardiologues,7.89,6.28,25.6
78623,Le Tremblay-sur-Mauldre,78,CC Coeur d'Yvelines,Cardiologues,7.89,6.28,25.6
78624,Triel-sur-Seine,78,CU Grand Paris Seine et Oise,Cardiologues,7.89,6.28,25.6
78638,Vaux-sur-Seine,78,CU Grand Paris Seine et Oise,Cardiologues,7.89,6.28,25.6
78640,Vélizy-Villacoublay,78,CA Versailles Grand Parc (CAVGP),Cardiologues,7.89,6.28,25.6
78642,Verneuil-sur-Seine,78,CU Grand Paris Seine et Oise,Cardiologues,7.89,6.28,25.6
78643,Vernouillet,78,CU Grand Paris Seine et Oise,Cardiologues,7.89,6.28,25.6
78644,La Verrière,78,CA de Saint Quentin en Yvelines,Cardiologues,7.89,6.28,25.6
78646,Versailles,78,CA Versailles Grand Parc (CAVGP),Cardiologues,7.89,6.28,25.6
78647,Vert,78,CU Grand Paris Seine et Oise,Cardiologues,7.89,6.28,25.6
78650,Le Vésinet,78,CA Saint Germain Boucles de Seine,Cardiologues,7.89,6.28,25.6
78653,Vicq,78,CC Coeur d'Yvelines,Cardiologues,7.89,6.28,25.6
78655,Vieille-Église-en-Yvelines,78,CA Rambouillet Territoires,Cardiologues,7.89,6.28,25.6
78668,La Villeneuve-en-Chevrie,78,CC Les Portes de l'Ile de France,Cardiologues,7.89,6.28,25.6
78672,Villennes-sur-Seine,78,CU Grand Paris Seine et Oise,Cardiologues,7.89,6.28,25.6
78674,Villepreux,78,CA de Saint Quentin en Yvelines,Cardiologues,7.89,6.28,25.6
78677,Villette,78,CC du Pays Houdanais (CCPH),Cardiologues,7.89,6.28,25.6
78681,Villiers-le-Mahieu,78,CC Coeur d'Yvelines,Cardiologues,7.89,6.28,25.6
78683,Villiers-Saint-Frédéric,78,CC Coeur d'Yvelines,Cardiologues,7.89,6.28,25.6
78686,Viroflay,78,CA Versailles Grand Parc (CAVGP),Cardiologues,7.89,6.28,25.6
78688,Voisins-le-Bretonneux,78,CA de Saint Quentin en Yvelines,Cardiologues,7.89,6.28,25.6
91001,Abbéville-la-Rivière,91,CA Étampois Sud Essonne,Cardiologues,8.38,6.28,33.4
91016,Angerville,91,CA Étampois Sud Essonne,Cardiologues,8.38,6.28,33.4
91017,Angervilliers,91,CC du Pays de Limours (CCPL),Cardiologues,8.38,6.28,33.4
91021,Arpajon,91,CA Coeur d'Essonne Agglomération,Cardiologues,8.38,6.28,33.4
91022,Arrancourt,91,CA Étampois Sud Essonne,Cardiologues,8.38,6.28,33.4
91027,Athis-Mons,91,Métropole du Grand Paris,Cardiologues,8.38,6.28,33.4
91035,Authon-la-Plaine,91,CA Étampois Sud Essonne,Cardiologues,8.38,6.28,33.4
91037,Auvernaux,91,CC du Val d'Essonne (CCVE),Cardiologues,8.38,6.28,33.4
91038,Auvers-Saint-Georges,91,CC Entre Juine et Renarde (CCEJR),Cardiologues,8.38,6.28,33.4
91041,Avrainville,91,CA Coeur d'Essonne Agglomération,Cardiologues,8.38,6.28,33.4
91044,Ballainvilliers,91,CA Communauté Paris-Saclay,Cardiologues,8.38,6.28,33.4
91045,Ballancourt-sur-Essonne,91,CC du Val d'Essonne (CCVE),Cardiologues,8.38,6.28,33.4
91047,Baulne,91,CC du Val d'Essonne (CCVE),Cardiologues,8.38,6.28,33.4
91064,Bièvres,91,CA Versailles Grand Parc (CAVGP),Cardiologues,8.38,6.28,33.4
91067,Blandy,91,CA Étampois Sud Essonne,Cardiologues,8.38,6.28,33.4
91069,Boigneville,91,CC des 2 Vallées,Cardiologues,8.38,6.28,33.4
91075,Bois-Herpin,91,CA Étampois Sud Essonne,Cardiologues,8.38,6.28,33.4
91079,Boissy-la-Rivière,91,CA Étampois Sud Essonne,Cardiologues,8.38,6.28,33.4
91080,Boissy-le-Cutté,91,CC Entre Juine et Renarde (CCEJR),Cardiologues,8.38,6.28,33.4
91081,Boissy-le-Sec,91,CA Étampois Sud Essonne,Cardiologues,8.38,6.28,33.4
91085,Boissy-sous-Saint-Yon,91,CC Entre Juine et Renarde (CCEJR),Cardiologues,8.38,6.28,33.4
91086,Bondoufle,91,CA Grand Paris Sud Seine Essonne Sénart,Cardiologues,8.38,6.28,33.4
91093,Boullay-les-Troux,91,CC du Pays de Limours (CCPL),Cardiologues,8.38,6.28,33.4
91095,Bouray-sur-Juine,91,CC Entre Juine et Renarde (CCEJR),Cardiologues,8.38,6.28,33.4
91097,Boussy-Saint-Antoine,91,CA Val d'Yerres Val de Seine,Cardiologues,8.38,6.28,33.4
91098,Boutervilliers,91,CA Étampois Sud Essonne,Cardiologues,8.38,6.28,33.4
91099,Boutigny-sur-Essonne,91,CC des 2 Vallées,Cardiologues,8.38,6.28,33.4
91100,Bouville,91,CA Étampois Sud Essonne,Cardiologues,8.38,6.28,33.4
91103,Brétigny-sur-Orge,91,CA Coeur d'Essonne Agglomération,Cardiologues,8.38,6.28,33.4
91105,Breuillet,91,CA Coeur d'Essonne Agglomération,Cardiologues,8.38,6.28,33.4
91106,Breux-Jouy,91,CC le Dourdannais en Hurepoix (CCDH),Cardiologues,8.38,6.28,33.4
91109,Brières-les-Scellés,91,CA Étampois Sud Essonne,Cardiologues,8.38,6.28,33.4
91111,Briis-sous-Forges,91,CC du Pays de Limours (CCPL),Cardiologues,8.38,6.28,33.4
91112,Brouy,91,CA Étampois Sud Essonne,Cardiologues,8.38,6.28,33.4
91114,Brunoy,91,CA Val d'Yerres Val de Seine,Cardiologues,8.38,6.28,33.4
91115,Bruyères-le-Châtel,91,CA Coeur d'Essonne Agglomération,Cardiologues,8.38,6.28,33.4
91121,Buno-Bonnevaux,91,CC des 2 Vallées,Cardiologues,8.38,6.28,33.4
91122,Bures-sur-Yvette,91,CA Communauté Paris-Saclay,Cardiologues,8.38,6.28,33.4
91129,Cerny,91,CC du Val d'Essonne (CCVE),Cardiologues,8.38,6.28,33.4
91130,Chalo-Saint-Mars,91,CA Étampois Sud Essonne,Cardiologues,8.38,6.28,33.4
91131,Chalou-Moulineux,91,CA Étampois Sud Essonne,Cardiologues,8.38,6.28,33.4
91132,Chamarande,91,CC Entre Juine et Renarde (CCEJR),Cardiologues,8.38,6.28,33.4
91135,Champcueil,91,CC du Val d'Essonne (CCVE),Cardiologues,8.38,6.28,33.4
91136,Champlan,91,CA Communauté Paris-Saclay,Cardiologues,8.38,6.28,33.4
91137,Champmotteux,91,CA Étampois Sud Essonne,Cardiologues,8.38,6.28,33.4
91145,Chatignonville,91,CA Étampois Sud Essonne,Cardiologues,8.38,6.28,33.4
91148,Chauffour-lès-Étréchy,91,CC Entre Juine et Renarde (CCEJR),Cardiologues,8.38,6.28,33.4
91156,Cheptainville,91,CA Coeur d'Essonne Agglomération,Cardiologues,8.38,6.28,33.4
91159,Chevannes,91,CC du Val d'Essonne (CCVE),Cardiologues,8.38,6.28,33.4
91161,Chilly-Mazarin,91,CA Communauté Paris-Saclay,Cardiologues,8.38,6.28,33.4
91174,Corbeil-Essonnes,91,CA Grand Paris Sud Seine Essonne Sénart,Cardiologues,8.38,6.28,33.4
91175,Corbreuse,91,CC le Dourdannais en Hurepoix (CCDH),Cardiologues,8.38,6.28,33.4
91179,Le Coudray-Montceaux,91,CA Grand Paris Sud Seine Essonne Sénart,Cardiologues,8.38,6.28,33.4
91180,Courances,91,CC des 2 Vallées,Cardiologues,8.38,6.28,33.4
91184,Courdimanche-sur-Essonne,91,CC des 2 Vallées,Cardiologues,8.38,6.28,33.4
91186,Courson-Monteloup,91,CC du Pays de Limours (CCPL),Cardiologues,8.38,6.28,33.4
91191,Crosne,91,CA Val d'Yerres Val de Seine,Cardiologues,8.38,6.28,33.4
91195,Dannemois,91,CC des 2 Vallées,Cardiologues,8.38,6.28,33.4
91198,D'Huison-Longueville,91,CC du Val d'Essonne (CCVE),Cardiologues,8.38,6.28,33.4
91200,Dourdan,91,CC le Dourdannais en Hurepoix (CCDH),Cardiologues,8.38,6.28,33.4
91201,Draveil,91,CA Val d'Yerres Val de Seine,Cardiologues,8.38,6.28,33.4
91204,Écharcon,91,CC du Val d'Essonne (CCVE),Cardiologues,8.38,6.28,33.4
91207,Égly,91,CA Coeur d'Essonne Agglomération,Cardiologues,8.38,6.28,33.4
91215,Épinay-sous-Sénart,91,CA Val d'Yerres Val de Seine,Cardiologues,8.38,6.28,33.4
91216,Épinay-sur-Orge,91,CA Communauté Paris-Saclay,Cardiologues,8.38,6.28,33.4
91223,Étampes,91,CA Étampois Sud Essonne,Cardiologues,8.38,6.28,33.4
91225,Étiolles,91,CA Grand Paris Sud Seine Essonne Sénart,Cardiologues,8.38,6.28,33.4
91226,Étréchy,91,CC Entre Juine et Renarde (CCEJR),Cardiologues,8.38,6.28,33.4
91228,Évry-Courcouronnes,91,CA Grand Paris Sud Seine Essonne Sénart,Cardiologues,8.38,6.28,33.4
91232,La Ferté-Alais,91,CC du Val d'Essonne (CCVE),Cardiologues,8.38,6.28,33.4
91235,Fleury-Mérogis,91,CA Coeur d'Essonne Agglomération,Cardiologues,8.38,6.28,33.4
91240,Fontaine-la-Rivière,91,CA Étampois Sud Essonne,Cardiologues,8.38,6.28,33.4
91243,Fontenay-lès-Briis,91,CC du Pays de Limours (CCPL),Cardiologues,8.38,6.28,33.4
91244,Fontenay-le-Vicomte,91,CC du Val d'Essonne (CCVE),Cardiologues,8.38,6.28,33.4
91247,La Forêt-le-Roi,91,CC le Dourdannais en Hurepoix (CCDH),Cardiologues,8.38,6.28,33.4
91248,La Forêt-Sainte-Croix,91,CA Étampois Sud Essonne,Cardiologues,8.38,6.28,33.4
91249,Forges-les-Bains,91,CC du Pays de Limours (CCPL),Cardiologues,8.38,6.28,33.4
91272,Gif-sur-Yvette,91,CA Communauté Paris-Saclay,Cardiologues,8.38,6.28,33.4
91273,Gironville-sur-Essonne,91,CC des 2 Vallées,Cardiologues,8.38,6.28,33.4
91274,Gometz-la-Ville,91,CC du Pays de Limours (CCPL),Cardiologues,8.38,6.28,33.4
91275,Gometz-le-Châtel,91,CA Communauté Paris-Saclay,Cardiologues,8.38,6.28,33.4
91284,Les Granges-le-Roi,91,CC le Dourdannais en Hurepoix (CCDH),Cardiologues,8.38,6.28,33.4
91286,Grigny,91,CA Grand Paris Sud Seine Essonne Sénart,Cardiologues,8.38,6.28,33.4
91292,Guibeville,91,CA Coeur d'Essonne Agglomération,Cardiologues,8.38,6.28,33.4
91293,Guigneville-sur-Essonne,91,CC du Val d'Essonne (CCVE),Cardiologues,8.38,6.28,33.4
91294,Guillerval,91,CA Étampois Sud Essonne,Cardiologues,8.38,6.28,33.4
91312,Igny,91,CA Communauté Paris-Saclay,Cardiologues,8.38,6.28,33.4
91315,Itteville,91,CC du Val d'Essonne (CCVE),Cardiologues,8.38,6.28,33.4
91318,Janville-sur-Juine,91,CC Entre Juine et Renarde (CCEJR),Cardiologues,8.38,6.28,33.4
91319,Janvry,91,CC du Pays de Limours (CCPL),Cardiologues,8.38,6.28,33.4
91326,Juvisy-sur-Orge,91,Métropole du Grand Paris,Cardiologues,8.38,6.28,33.4
91330,Lardy,91,CC Entre Juine et Renarde (CCEJR),Cardiologues,8.38,6.28,33.4
91332,Leudeville,91,CC du Val d'Essonne (CCVE),Cardiologues,8.38,6.28,33.4
91333,Leuville-sur-Orge,91,CA Coeur d'Essonne Agglomération,Cardiologues,8.38,6.28,33.4
91338,Limours,91,CC du Pays de Limours (CCPL),Cardiologues,8.38,6.28,33.4
91339,Linas,91,CA Communauté Paris-Saclay,Cardiologues,8.38,6.28,33.4
91340,Lisses,91,CA Grand Paris Sud Seine Essonne Sénart,Cardiologues,8.38,6.28,33.4
91345,Longjumeau,91,CA Communauté Paris-Saclay,Cardiologues,8.38,6.28,33.4
91347,Longpont-sur-Orge,91,CA Coeur d'Essonne Agglomération,Cardiologues,8.38,6.28,33.4
91359,Maisse,91,CC des 2 Vallées,Cardiologues,8.38,6.28,33.4
91363,Marcoussis,91,CA Communauté Paris-Saclay,Cardiologues,8.38,6.28,33.4
91374,Marolles-en-Beauce,91,CA Étampois Sud Essonne,Cardiologues,8.38,6.28,33.4
91376,Marolles-en-Hurepoix,91,CA Coeur d'Essonne Agglomération,Cardiologues,8.38,6.28,33.4
91377,Massy,91,CA Communauté Paris-Saclay,Cardiologues,8.38,6.28,33.4
91378,Mauchamps,91,CC Entre Juine et Renarde (CCEJR),Cardiologues,8.38,6.28,33.4
91386,Mennecy,91,CC du Val d'Essonne (CCVE),Cardiologues,8.38,6.28,33.4
91390,Le Mérévillois,91,CA Étampois Sud Essonne,Cardiologues,8.38,6.28,33.4
91393,Mérobert,91,CA Étampois Sud Essonne,Cardiologues,8.38,6.28,33.4
91399,Mespuits,91,CA Étampois Sud Essonne,Cardiologues,8.38,6.28,33.4
91405,Milly-la-Forêt,91,CC des 2 Vallées,Cardiologues,8.38,6.28,33.4
91408,Moigny-sur-École,91,CC des 2 Vallées,Cardiologues,8.38,6.28,33.4
91411,Les Molières,91,CC du Pays de Limours (CCPL),Cardiologues,8.38,6.28,33.4
91412,Mondeville,91,CC des 2 Vallées,Cardiologues,8.38,6.28,33.4
91414,Monnerville,91,CA Étampois Sud Essonne,Cardiologues,8.38,6.28,33.4
91421,Montgeron,91,CA Val d'Yerres Val de Seine,Cardiologues,8.38,6.28,33.4
91425,Montlhéry,91,CA Communauté Paris-Saclay,Cardiologues,8.38,6.28,33.4
91432,Morangis,91,Métropole du Grand Paris,Cardiologues,8.38,6.28,33.4
91433,Morigny-Champigny,91,CA Étampois Sud Essonne,Cardiologues,8.38,6.28,33.4
91434,Morsang-sur-Orge,91,CA Coeur d'Essonne Agglomération,Cardiologues,8.38,6.28,33.4
91435,Morsang-sur-Seine,91,CA Grand Paris Sud Seine Essonne Sénart,Cardiologues,8.38,6.28,33.4
91441,Nainville-les-Roches,91,CC du Val d'Essonne (CCVE),Cardiologues,8.38,6.28,33.4
91457,La Norville,91,CA Coeur d'Essonne Agglomération,Cardiologues,8.38,6.28,33.4
91458,Nozay,91,CA Communauté Paris-Saclay,Cardiologues,8.38,6.28,33.4
91461,Ollainville,91,CA Coeur d'Essonne Agglomération,Cardiologues,8.38,6.28,33.4
91463,Oncy-sur-École,91,CC des 2 Vallées,Cardiologues,8.38,6.28,33.4
91468,Ormoy,91,CC du Val d'Essonne (CCVE),Cardiologues,8.38,6.28,33.4
91469,Ormoy-la-Rivière,91,CA Étampois Sud Essonne,Cardiologues,8.38,6.28,33.4
91471,Orsay,91,CA Communauté Paris-Saclay,Cardiologues,8.38,6.28,33.4
91473,Orveau,91,CC du Val d'Essonne (CCVE),Cardiologues,8.38,6.28,33.4
91477,Palaiseau,91,CA Communauté Paris-Saclay,Cardiologues,8.38,6.28,33.4
91479,Paray-Vieille-Poste,91,Métropole du Grand Paris,Cardiologues,8.38,6.28,33.4
91482,Pecqueuse,91,CC du Pays de Limours (CCPL),Cardiologues,8.38,6.28,33.4
91494,Le Plessis-Pâté,91,CA Coeur d'Essonne Agglomération,Cardiologues,8.38,6.28,33.4
91495,Plessis-Saint-Benoist,91,CA Étampois Sud Essonne,Cardiologues,8.38,6.28,33.4
91507,Prunay-sur-Essonne,91,CC des 2 Vallées,Cardiologues,8.38,6.28,33.4
91508,Puiselet-le-Marais,91,CA Étampois Sud Essonne,Cardiologues,8.38,6.28,33.4
91511,Pussay,91,CA Étampois Sud Essonne,Cardiologues,8.38,6.28,33.4
91514,Quincy-sous-Sénart,91,CA Val d'Yerres Val de Seine,Cardiologues,8.38,6.28,33.4
91519,Richarville,91,CC le Dourdannais en Hurepoix (CCDH),Cardiologues,8.38,6.28,33.4
91521,Ris-Orangis,91,CA Grand Paris Sud Seine Essonne Sénart,Cardiologues,8.38,6.28,33.4
91525,Roinville,91,CC le Dourdannais en Hurepoix (CCDH),Cardiologues,8.38,6.28,33.4
91526,Roinvilliers,91,CA Étampois Sud Essonne,Cardiologues,8.38,6.28,33.4
91533,Saclas,91,CA Étampois Sud Essonne,Cardiologues,8.38,6.28,33.4
91534,Saclay,91,CA Communauté Paris-Saclay,Cardiologues,8.38,6.28,33.4
91538,Saint-Aubin,91,CA Communauté Paris-Saclay,Cardiologues,8.38,6.28,33.4
91540,Saint-Chéron,91,CC le Dourdannais en Hurepoix (CCDH),Cardiologues,8.38,6.28,33.4
91544,Saint-Cyr-la-Rivière,91,CA Étampois Sud Essonne,Cardiologues,8.38,6.28,33.4
91546,Saint-Cyr-sous-Dourdan,91,CC le Dourdannais en Hurepoix (CCDH),Cardiologues,8.38,6.28,33.4
91547,Saint-Escobille,91,CA Étampois Sud Essonne,Cardiologues,8.38,6.28,33.4
91549,Sainte-Geneviève-des-Bois,91,CA Coeur d'Essonne Agglomération,Cardiologues,8.38,6.28,33.4
91552,Saint-Germain-lès-Arpajon,91,CA Coeur d'Essonne Agglomération,Cardiologues,8.38,6.28,33.4
91553,Saint-Germain-lès-Corbeil,91,CA Grand Paris Sud Seine Essonne Sénart,Cardiologues,8.38,6.28,33.4
91556,Saint-Hilaire,91,CA Étampois Sud Essonne,Cardiologues,8.38,6.28,33.4
91560,Saint-Jean-de-Beauregard,91,CC du Pays de Limours (CCPL),Cardiologues,8.38,6.28,33.4
91568,Saint-Maurice-Montcouronne,91,CC du Pays de Limours (CCPL),Cardiologues,8.38,6.28,33.4
91570,Saint-Michel-sur-Orge,91,CA Coeur d'Essonne Agglomération,Cardiologues,8.38,6.28,33.4
91573,Saint-Pierre-du-Perray,91,CA Grand Paris Sud Seine Essonne Sénart,Cardiologues,8.38,6.28,33.4
91577,Saintry-sur-Seine,91,CA Grand Paris Sud Seine Essonne Sénart,Cardiologues,8.38,6.28,33.4
91578,Saint-Sulpice-de-Favières,91,CC Entre Juine et Renarde (CCEJR),Cardiologues,8.38,6.28,33.4
91579,Saint-Vrain,91,CC du Val d'Essonne (CCVE),Cardiologues,8.38,6.28,33.4
91581,Saint-Yon,91,CC Entre Juine et Renarde (CCEJR),Cardiologues,8.38,6.28,33.4
91587,Saulx-les-Chartreux,91,CA Communauté Paris-Saclay,Cardiologues,8.38,6.28,33.4
91589,Savigny-sur-Orge,91,Métropole du Grand Paris,Cardiologues,8.38,6.28,33.4
91593,Sermaise,91,CC le Dourdannais en Hurepoix (CCDH),Cardiologues,8.38,6.28,33.4
91599,Soisy-sur-École,91,CC des 2 Vallées,Cardiologues,8.38,6.28,33.4
91600,Soisy-sur-Seine,91,CA Grand Paris Sud Seine Essonne Sénart,Cardiologues,8.38,6.28,33.4
91602,Souzy-la-Briche,91,CC Entre Juine et Renarde (CCEJR),Cardiologues,8.38,6.28,33.4
91613,Congerville-Thionville,91,CA Étampois Sud Essonne,Cardiologues,8.38,6.28,33.4
91617,Tigery,91,CA Grand Paris Sud Seine Essonne Sénart,Cardiologues,8.38,6.28,33.4
91619,Torfou,91,CC Entre Juine et Renarde (CCEJR),Cardiologues,8.38,6.28,33.4
91629,Valpuiseaux,91,CA Étampois Sud Essonne,Cardiologues,8.38,6.28,33.4
91630,Le Val-Saint-Germain,91,CC le Dourdannais en Hurepoix (CCDH),Cardiologues,8.38,6.28,33.4
91631,Varennes-Jarcy,91,CC l'Orée de la Brie,Cardiologues,8.38,6.28,33.4
91634,Vaugrigneuse,91,CC du Pays de Limours (CCPL),Cardiologues,8.38,6.28,33.4
91635,Vauhallan,91,CA Communauté Paris-Saclay,Cardiologues,8.38,6.28,33.4
91639,Vayres-sur-Essonne,91,CC du Val d'Essonne (CCVE),Cardiologues,8.38,6.28,33.4
91645,Verrières-le-Buisson,91,CA Communauté Paris-Saclay,Cardiologues,8.38,6.28,33.4
91648,Vert-le-Grand,91,CC du Val d'Essonne (CCVE),Cardiologues,8.38,6.28,33.4
91649,Vert-le-Petit,91,CC du Val d'Essonne (CCVE),Cardiologues,8.38,6.28,33.4
91654,Videlles,91,CC des 2 Vallées,Cardiologues,8.38,6.28,33.4
91657,Vigneux-sur-Seine,91,CA Val d'Yerres Val de Seine,Cardiologues,8.38,6.28,33.4
91659,Villabé,91,CA Grand Paris Sud Seine Essonne Sénart,Cardiologues,8.38,6.28,33.4
91661,Villebon-sur-Yvette,91,CA Communauté Paris-Saclay,Cardiologues,8.38,6.28,33.4
91662,Villeconin,91,CC Entre Juine et Renarde (CCEJR),Cardiologues,8.38,6.28,33.4
91665,La Ville-du-Bois,91,CA Communauté Paris-Saclay,Cardiologues,8.38,6.28,33.4
91666,Villejust,91,CA Communauté Paris-Saclay,Cardiologues,8.38,6.28,33.4
91667,Villemoisson-sur-Orge,91,CA Coeur d'Essonne Agglomération,Cardiologues,8.38,6.28,33.4
91671,Villeneuve-sur-Auvers,91,CC Entre Juine et Renarde (CCEJR),Cardiologues,8.38,6.28,33.4
91679,Villiers-le-Bâcle,91,CA Communauté Paris-Saclay,Cardiologues,8.38,6.28,33.4
91685,Villiers-sur-Orge,91,CA Coeur d'Essonne Agglomération,Cardiologues,8.38,6.28,33.4
91687,Viry-Châtillon,91,Métropole du Grand Paris,Cardiologues,8.38,6.28,33.4
91689,Wissous,91,CA Communauté Paris-Saclay,Cardiologues,8.38,6.28,33.4
91691,Yerres,91,CA Val d'Yerres Val de Seine,Cardiologues,8.38,6.28,33.4
91692,Les Ulis,91,CA Communauté Paris-Saclay,Cardiologues,8.38,6.28,33.4
92002,Antony,92,Métropole du Grand Paris,Cardiologues,10.26,6.28,63.3
92004,Asnières-sur-Seine,92,Métropole du Grand Paris,Cardiologues,10.26,6.28,63.3
92007,Bagneux,92,Métropole du Grand Paris,Cardiologues,10.26,6.28,63.3
92009,Bois-Colombes,92,Métropole du Grand Paris,Cardiologues,10.26,6.28,63.3
92012,Boulogne-Billancourt,92,Métropole du Grand Paris,Cardiologues,10.26,6.28,63.3
92014,Bourg-la-Reine,92,Métropole du Grand Paris,Cardiologues,10.26,6.28,63.3
92019,Châtenay-Malabry,92,Métropole du Grand Paris,Cardiologues,10.26,6.28,63.3
92020,Châtillon,92,Métropole du Grand Paris,Cardiologues,10.26,6.28,63.3
92022,Chaville,92,Métropole du Grand Paris,Cardiologues,10.26,6.28,63.3
92023,Clamart,92,Métropole du Grand Paris,Cardiologues,10.26,6.28,63.3
92024,Clichy,92,Métropole du Grand Paris,Cardiologues,10.26,6.28,63.3
92025,Colombes,92,Métropole du Grand Paris,Cardiologues,10.26,6.28,63.3
92026,Courbevoie,92,Métropole du Grand Paris,Cardiologues,10.26,6.28,63.3
92032,Fontenay-aux-Roses,92,Métropole du Grand Paris,Cardiologues,10.26,6.28,63.3
92033,Garches,92,Métropole du Grand Paris,Cardiologues,10.26,6.28,63.3
92035,La Garenne-Colombes,92,Métropole du Grand Paris,Cardiologues,10.26,6.28,63.3
92036,Gennevilliers,92,Métropole du Grand Paris,Cardiologues,10.26,6.28,63.3
92040,Issy-les-Moulineaux,92,Métropole du Grand Paris,Cardiologues,10.26,6.28,63.3
92044,Levallois-Perret,92,Métropole du Grand Paris,Cardiologues,10.26,6.28,63.3
92046,Malakoff,92,Métropole du Grand Paris,Cardiologues,10.26,6.28,63.3
92047,Marnes-la-Coquette,92,Métropole du Grand Paris,Cardiologues,10.26,6.28,63.3
92048,Meudon,92,Métropole du Grand Paris,Cardiologues,10.26,6.28,63.3
92049,Montrouge,92,Métropole du Grand Paris,Cardiologues,10.26,6.28,63.3
92050,Nanterre,92,Métropole du Grand Paris,Cardiologues,10.26,6.28,63.3
92051,Neuilly-sur-Seine,92,Métropole du Grand Paris,Cardiologues,10.26,6.28,63.3
92060,Le Plessis-Robinson,92,Métropole du Grand Paris,Cardiologues,10.26,6.28,63.3
92062,Puteaux,92,Métropole du Grand Paris,Cardiologues,10.26,6.28,63.3
92063,Rueil-Malmaison,92,Métropole du Grand Paris,Cardiologues,10.26,6.28,63.3
92064,Saint-Cloud,92,Métropole du Grand Paris,Cardiologues,10.26,6.28,63.3
92071,Sceaux,92,Métropole du Grand Paris,Cardiologues,10.26,6.28,63.3
92072,Sèvres,92,Métropole du Grand Paris,Cardiologues,10.26,6.28,63.3
92073,Suresnes,92,Métropole du Grand Paris,Cardiologues,10.26,6.28,63.3
92075,Vanves,92,Métropole du Grand Paris,Cardiologues,10.26,6.28,63.3
92076,Vaucresson,92,Métropole du Grand Paris,Cardiologues,10.26,6.28,63.3
92077,Ville-d'Avray,92,Métropole du Grand Paris,Cardiologues,10.26,6.28,63.3
92078,Villeneuve-la-Garenne,92,Métropole du Grand Paris,Cardiologues,10.26,6.28,63.3
93001,Aubervilliers,93,Métropole du Grand Paris,Cardiologues,7.55,6.28,20.2
93005,Aulnay-sous-Bois,93,Métropole du Grand Paris,Cardiologues,7.55,6.28,20.2
93006,Bagnolet,93,Métropole du Grand Paris,Cardiologues,7.55,6.28,20.2
93007,Le Blanc-Mesnil,93,Métropole du Grand Paris,Cardiologues,7.55,6.28,20.2
93008,Bobigny,93,Métropole du Grand Paris,Cardiologues,7.55,6.28,20.2
93010,Bondy,93,Métropole du Grand Paris,Cardiologues,7.55,6.28,20.2
93013,Le Bourget,93,Métropole du Grand Paris,Cardiologues,7.55,6.28,20.2
93014,Clichy-sous-Bois,93,Métropole du Grand Paris,Cardiologues,7.55,6.28,20.2
93015,Coubron,93,Métropole du Grand Paris,Cardiologues,7.55,6.28,20.2
93027,La Courneuve,93,Métropole du Grand Paris,Cardiologues,7.55,6.28,20.2
93029,Drancy,93,Métropole du Grand Paris,Cardiologues,7.55,6.28,20.2
93030,Dugny,93,Métropole du Grand Paris,Cardiologues,7.55,6.28,20.2
93031,Épinay-sur-Seine,93,Métropole du Grand Paris,Cardiologues,7.55,6.28,20.2
93032,Gagny,93,Métropole du Grand Paris,Cardiologues,7.55,6.28,20.2
93033,Gournay-sur-Marne,93,Métropole du Grand Paris,Cardiologues,7.55,6.28,20.2
93039,L'Île-Saint-Denis,93,Métropole du Grand Paris,Cardiologues,7.55,6.28,20.2
93045,Les Lilas,93,Métropole du Grand Paris,Cardiologues,7.55,6.28,20.2
93046,Livry-Gargan,93,Métropole du Grand Paris,Cardiologues,7.55,6.28,20.2
93047,Montfermeil,93,Métropole du Grand Paris,Cardiologues,7.55,6.28,20.2
93048,Montreuil,93,Métropole du Grand Paris,Cardiologues,7.55,6.28,20.2
93049,Neuilly-Plaisance,93,Métropole du Grand Paris,Cardiologues,7.55,6.28,20.2
93050,Neuilly-sur-Marne,93,Métropole du Grand Paris,Cardiologues,7.55,6.28,20.2
93051,Noisy-le-Grand,93,Métropole du Grand Paris,Cardiologues,7.55,6.28,20.2
93053,Noisy-le-Sec,93,Métropole du Grand Paris,Cardiologues,7.55,6.28,20.2
93055,Pantin,93,Métropole du Grand Paris,Cardiologues,7.55,6.28,20.2
93057,Les Pavillons-sous-Bois,93,Métropole du Grand Paris,Cardiologues,7.55,6.28,20.2
93061,Le Pré-Saint-Gervais,93,Métropole du Grand Paris,Cardiologues,7.55,6.28,20.2
93062,Le Raincy,93,Métropole du Grand Paris,Cardiologues,7.55,6.28,20.2
93063,Romainville,93,Métropole du Grand Paris,Cardiologues,7.55,6.28,20.2
93064,Rosny-sous-Bois,93,Métropole du Grand Paris,Cardiologues,7.55,6.28,20.2
93066,Saint-Denis,93,Métropole du Grand Paris,Cardiologues,7.55,6.28,20.2
93070,Saint-Ouen-sur-Seine,93,Métropole du Grand Paris,Cardiologues,7.55,6.28,20.2
93071,Sevran,93,Métropole du Grand Paris,Cardiologues,7.55,6.28,20.2
93072,Stains,93,Métropole du Grand Paris,Cardiologues,7.55,6.28,20.2
93073,Tremblay-en-France,93,Métropole du Grand Paris,Cardiologues,7.55,6.28,20.2
93074,Vaujours,93,Métropole du Grand Paris,Cardiologues,7.55,6.28,20.2
93077,Villemomble,93,Métropole du Grand Paris,Cardiologues,7.55,6.28,20.2
93078,Villepinte,93,Métropole du Grand Paris,Cardiologues,7.55,6.28,20.2
93079,Villetaneuse,93,Métropole du Grand Paris,Cardiologues,7.55,6.28,20.2
94001,Ablon-sur-Seine,94,Métropole du Grand Paris,Cardiologues,6.9,6.28,9.9
94002,Alfortville,94,Métropole du Grand Paris,Cardiologues,6.9,6.28,9.9
94003,Arcueil,94,Métropole du Grand Paris,Cardiologues,6.9,6.28,9.9
94004,Boissy-Saint-Léger,94,Métropole du Grand Paris,Cardiologues,6.9,6.28,9.9
94011,Bonneuil-sur-Marne,94,Métropole du Grand Paris,Cardiologues,6.9,6.28,9.9
94015,Bry-sur-Marne,94,Métropole du Grand Paris,Cardiologues,6.9,6.28,9.9
94016,Cachan,94,Métropole du Grand Paris,Cardiologues,6.9,6.28,9.9
94017,Champigny-sur-Marne,94,Métropole du Grand Paris,Cardiologues,6.9,6.28,9.9
94018,Charenton-le-Pont,94,Métropole du Grand Paris,Cardiologues,6.9,6.28,9.9
94019,Chennevières-sur-Marne,94,Métropole du Grand Paris,Cardiologues,6.9,6.28,9.9
94021,Chevilly-Larue,94,Métropole du Grand Paris,Cardiologues,6.9,6.28,9.9
94022,Choisy-le-Roi,94,Métropole du Grand Paris,Cardiologues,6.9,6.28,9.9
94028,Créteil,94,Métropole du Grand Paris,Cardiologues,6.9,6.28,9.9
94033,Fontenay-sous-Bois,94,Métropole du Grand Paris,Cardiologues,6.9,6.28,9.9
94034,Fresnes,94,Métropole du Grand Paris,Cardiologues,6.9,6.28,9.9
94037,Gentilly,94,Métropole du Grand Paris,Cardiologues,6.9,6.28,9.9
94038,L'Haÿ-les-Roses,94,Métropole du Grand Paris,Cardiologues,6.9,6.28,9.9
94041,Ivry-sur-Seine,94,Métropole du Grand Paris,Cardiologues,6.9,6.28,9.9
94042,Joinville-le-Pont,94,Métropole du Grand Paris,Cardiologues,6.9,6.28,9.9
94043,Le Kremlin-Bicêtre,94,Métropole du Grand Paris,Cardiologues,6.9,6.28,9.9
94044,Limeil-Brévannes,94,Métropole du Grand Paris,Cardiologues,6.9,6.28,9.9
94046,Maisons-Alfort,94,Métropole du Grand Paris,Cardiologues,6.9,6.28,9.9
94047,Mandres-les-Roses,94,Métropole du Grand Paris,Cardiologues,6.9,6.28,9.9
94048,Marolles-en-Brie,94,Métropole du Grand Paris,Cardiologues,6.9,6.28,9.9
94052,Nogent-sur-Marne,94,Métropole du Grand Paris,Cardiologues,6.9,6.28,9.9
94053,Noiseau,94,Métropole du Grand Paris,Cardiologues,6.9,6.28,9.9
94054,Orly,94,Métropole du Grand Paris,Cardiologues,6.9,6.28,9.9
94055,Ormesson-sur-Marne,94,Métropole du Grand Paris,Cardiologues,6.9,6.28,9.9
94056,Périgny,94,Métropole du Grand Paris,Cardiologues,6.9,6.28,9.9
94058,Le Perreux-sur-Marne,94,Métropole du Grand Paris,Cardiologues,6.9,6.28,9.9
94059,Le Plessis-Trévise,94,Métropole du Grand Paris,Cardiologues,6.9,6.28,9.9
94060,La Queue-en-Brie,94,Métropole du Grand Paris,Cardiologues,6.9,6.28,9.9
94065,Rungis,94,Métropole du Grand Paris,Cardiologues,6.9,6.28,9.9
94067,Saint-Mandé,94,Métropole du Grand Paris,Cardiologues,6.9,6.28,9.9
94068,Saint-Maur-des-Fossés,94,Métropole du Grand Paris,Cardiologues,6.9,6.28,9.9
94069,Saint-Maurice,94,Métropole du Grand Paris,Cardiologues,6.9,6.28,9.9
94070,Santeny,94,Métropole du Grand Paris,Cardiologues,6.9,6.28,9.9
94071,Sucy-en-Brie,94,Métropole du Grand Paris,Cardiologues,6.9,6.28,9.9
94073,Thiais,94,Métropole du Grand Paris,Cardiologues,6.9,6.28,9.9
94074,Valenton,94,Métropole du Grand Paris,Cardiologues,6.9,6.28,9.9
94075,Villecresnes,94,Métropole du Grand Paris,Cardiologues,6.9,6.28,9.9
94076,Villejuif,94,Métropole du Grand Paris,Cardiologues,6.9,6.28,9.9
94077,Villeneuve-le-Roi,94,Métropole du Grand Paris,Cardiologues,6.9,6.28,9.9
94078,Villeneuve-Saint-Georges,94,Métropole du Grand Paris,Cardiologues,6.9,6.28,9.9
94079,Villiers-sur-Marne,94,Métropole du Grand Paris,Cardiologues,6.9,6.28,9.9
94080,Vincennes,94,Métropole du Grand Paris,Cardiologues,6.9,6.28,9.9
94081,Vitry-sur-Seine,94,Métropole du Grand Paris,Cardiologues,6.9,6.28,9.9
95002,Ableiges,95,CC Vexin Centre,Cardiologues,4.56,6.28,-27.3
95008,Aincourt,95,CC du Vexin-Val de Seine,Cardiologues,4.56,6.28,-27.3
95011,Ambleville,95,CC du Vexin-Val de Seine,Cardiologues,4.56,6.28,-27.3
95012,Amenucourt,95,CC du Vexin-Val de Seine,Cardiologues,4.56,6.28,-27.3
95014,Andilly,95,CA Plaine Vallée,Cardiologues,4.56,6.28,-27.3
95018,Argenteuil,95,Métropole du Grand Paris,Cardiologues,4.56,6.28,-27.3
95019,Arnouville,95,CA Roissy Pays de France,Cardiologues,4.56,6.28,-27.3
95023,Arronville,95,CC Sausseron Impressionnistes,Cardiologues,4.56,6.28,-27.3
95024,Arthies,95,CC du Vexin-Val de Seine,Cardiologues,4.56,6.28,-27.3
95026,Asnières-sur-Oise,95,CC Carnelle Pays-de-France,Cardiologues,4.56,6.28,-27.3
95028,Attainville,95,CA Plaine Vallée,Cardiologues,4.56,6.28,-27.3
95039,Auvers-sur-Oise,95,CC Sausseron Impressionnistes,Cardiologues,4.56,6.28,-27.3
95040,Avernes,95,CC Vexin Centre,Cardiologues,4.56,6.28,-27.3
95042,Baillet-en-France,95,CC Carnelle Pays-de-France,Cardiologues,4.56,6.28,-27.3
95046,Banthelu,95,CC du Vexin-Val de Seine,Cardiologues,4.56,6.28,-27.3
95051,Beauchamp,95,CA Val Parisis,Cardiologues,4.56,6.28,-27.3
95052,Beaumont-sur-Oise,95,CC du Haut Val d'Oise,Cardiologues,4.56,6.28,-27.3
95054,Le Bellay-en-Vexin,95,CC Vexin Centre,Cardiologues,4.56,6.28,-27.3
95055,Bellefontaine,95,CC Carnelle Pays-de-France,Cardiologues,4.56,6.28,-27.3
95056,Belloy-en-France,95,CC Carnelle Pays-de-France,Cardiologues,4.56,6.28,-27.3
95058,Bernes-sur-Oise,95,CC du Haut Val d'Oise,Cardiologues,4.56,6.28,-27.3
95059,Berville,95,CC Vexin Centre,Cardiologues,4.56,6.28,-27.3
95060,Bessancourt,95,CA Val Parisis,Cardiologues,4.56,6.28,-27.3
95061,Béthemont-la-Forêt,95,CC de la Vallée de l'Oise et des Trois Forêts,Cardiologues,4.56,6.28,-27.3
95063,Bezons,95,CA Saint Germain Boucles de Seine,Cardiologues,4.56,6.28,-27.3
95074,Boisemont,95,CA de Cergy-Pontoise,Cardiologues,4.56,6.28,-27.3
95078,Boissy-l'Aillerie,95,CC Vexin Centre,Cardiologues,4.56,6.28,-27.3
95088,Bonneuil-en-France,95,CA Roissy Pays de France,Cardiologues,4.56,6.28,-27.3
95091,Bouffémont,95,CA Plaine Vallée,Cardiologues,4.56,6.28,-27.3
95094,Bouqueval,95,CA Roissy Pays de France,Cardiologues,4.56,6.28,-27.3
95101,Bray-et-Lû,95,CC du Vexin-Val de Seine,Cardiologues,4.56,6.28,-27.3
95102,Bréançon,95,CC Vexin Centre,Cardiologues,4.56,6.28,-27.3
95110,Brignancourt,95,CC Vexin Centre,Cardiologues,4.56,6.28,-27.3
95116,Bruyères-sur-Oise,95,CC du Haut Val d'Oise,Cardiologues,4.56,6.28,-27.3
95119,Buhy,95,CC du Vexin-Val de Seine,Cardiologues,4.56,6.28,-27.3
95120,Butry-sur-Oise,95,CC Sausseron Impressionnistes,Cardiologues,4.56,6.28,-27.3
95127,Cergy,95,CA de Cergy-Pontoise,Cardiologues,4.56,6.28,-27.3
95134,Champagne-sur-Oise,95,CC du Haut Val d'Oise,Cardiologues,4.56,6.28,-27.3
95139,La Chapelle-en-Vexin,95,CC du Vexin-Val de Seine,Cardiologues,4.56,6.28,-27.3
95141,Charmont,95,CC du Vexin-Val de Seine,Cardiologues,4.56,6.28,-27.3
95142,Chars,95,CC Vexin Centre,Cardiologues,4.56,6.28,-27.3
95144,Châtenay-en-France,95,CC Carnelle Pays-de-France,Cardiologues,4.56,6.28,-27.3
95149,Chaumontel,95,CC Carnelle Pays-de-France,Cardiologues,4.56,6.28,-27.3
95150,Chaussy,95,CC du Vexin-Val de Seine,Cardiologues,4.56,6.28,-27.3
95151,Chauvry,95,CC de la Vallée de l'Oise et des Trois Forêts,Cardiologues,4.56,6.28,-27.3
95154,Chennevières-lès-Louvres,95,CA Roissy Pays de France,Cardiologues,4.56,6.28,-27.3
95157,Chérence,95,CC du Vexin-Val de Seine,Cardiologues,4.56,6.28,-27.3
95166,Cléry-en-Vexin,95,CC Vexin Centre,Cardiologues,4.56,6.28,-27.3
95169,Commeny,95,CC Vexin Centre,Cardiologues,4.56,6.28,-27.3
95170,Condécourt,95,CC Vexin Centre,Cardiologues,4.56,6.28,-27.3
95176,Cormeilles-en-Parisis,95,CA Val Parisis,Cardiologues,4.56,6.28,-27.3
95177,Cormeilles-en-Vexin,95,CC Vexin Centre,Cardiologues,4.56,6.28,-27.3
95181,Courcelles-sur-Viosne,95,CC Vexin Centre,Cardiologues,4.56,6.28,-27.3
95183,Courdimanche,95,CA de Cergy-Pontoise,Cardiologues,4.56,6.28,-27.3
95197,Deuil-la-Barre,95,CA Plaine Vallée,Cardiologues,4.56,6.28,-27.3
95199,Domont,95,CA Plaine Vallée,Cardiologues,4.56,6.28,-27.3
95203,Eaubonne,95,CA Val Parisis,Cardiologues,4.56,6.28,-27.3
95205,Écouen,95,CA Roissy Pays de France,Cardiologues,4.56,6.28,-27.3
95210,Enghien-les-Bains,95,CA Plaine Vallée,Cardiologues,4.56,6.28,-27.3
95211,Ennery,95,CC Sausseron Impressionnistes,Cardiologues,4.56,6.28,-27.3
95212,Épiais-lès-Louvres,95,CA Roissy Pays de France,Cardiologues,4.56,6.28,-27.3
95213,Épiais-Rhus,95,CC Sausseron Impressionnistes,Cardiologues,4.56,6.28,-27.3
95214,Épinay-Champlâtreux,95,CC Carnelle Pays-de-France,Cardiologues,4.56,6.28,-27.3
95218,Éragny-sur-Oise,95,CA de Cergy-Pontoise,Cardiologues,4.56,6.28,-27.3
95219,Ermont,95,CA Val Parisis,Cardiologues,4.56,6.28,-27.3
95229,Ézanville,95,CA Plaine Vallée,Cardiologues,4.56,6.28,-27.3
95241,Fontenay-en-Parisis,95,CA Roissy Pays de France,Cardiologues,4.56,6.28,-27.3
95250,Fosses,95,CA Roissy Pays de France,Cardiologues,4.56,6.28,-27.3
95252,Franconville,95,CA Val Parisis,Cardiologues,4.56,6.28,-27.3
95253,Frémainville,95,CC Vexin Centre,Cardiologues,4.56,6.28,-27.3
95254,Frémécourt,95,CC Vexin Centre,Cardiologues,4.56,6.28,-27.3
95256,Frépillon,95,CA Val Parisis,Cardiologues,4.56,6.28,-27.3
95257,La Frette-sur-Seine,95,CA Val Parisis,Cardiologues,4.56,6.28,-27.3
95258,Frouville,95,CC Sausseron Impressionnistes,Cardiologues,4.56,6.28,-27.3
95268,Garges-lès-Gonesse,95,CA Roissy Pays de France,Cardiologues,4.56,6.28,-27.3
95270,Genainville,95,CC du Vexin-Val de Seine,Cardiologues,4.56,6.28,-27.3
95271,Génicourt,95,CC Sausseron Impressionnistes,Cardiologues,4.56,6.28,-27.3
95277,Gonesse,95,CA Roissy Pays de France,Cardiologues,4.56,6.28,-27.3
95280,Goussainville,95,CA Roissy Pays de France,Cardiologues,4.56,6.28,-27.3
95287,Grisy-les-Plâtres,95,CC Vexin Centre,Cardiologues,4.56,6.28,-27.3
95288,Groslay,95,CA Plaine Vallée,Cardiologues,4.56,6.28,-27.3
95295,Guiry-en-Vexin,95,CC Vexin Centre,Cardiologues,4.56,6.28,-27.3
95298,Haravilliers,95,CC Vexin Centre,Cardiologues,4.56,6.28,-27.3
95301,Haute-Isle,95,CC du Vexin-Val de Seine,Cardiologues,4.56,6.28,-27.3
95303,Le Heaulme,95,CC Vexin Centre,Cardiologues,4.56,6.28,-27.3
95304,Hédouville,95,CC Sausseron Impressionnistes,Cardiologues,4.56,6.28,-27.3
95306,Herblay-sur-Seine,95,CA Val Parisis,Cardiologues,4.56,6.28,-27.3
95308,Hérouville-en-Vexin,95,CC Sausseron Impressionnistes,Cardiologues,4.56,6.28,-27.3
95309,Hodent,95,CC du Vexin-Val de Seine,Cardiologues,4.56,6.28,-27.3
95313,L'Isle-Adam,95,CC de la Vallée de l'Oise et des Trois Forêts,Cardiologues,4.56,6.28,-27.3
95316,Jagny-sous-Bois,95,CC Carnelle Pays-de-France,Cardiologues,4.56,6.28,-27.3
95323,Jouy-le-Moutier,95,CA de Cergy-Pontoise,Cardiologues,4.56,6.28,-27.3
95328,Labbeville,95,CC Sausseron Impressionnistes,Cardiologues,4.56,6.28,-27.3
95331,Lassy,95,CC Carnelle Pays-de-France,Cardiologues,4.56,6.28,-27.3
95341,Livilliers,95,CC Sausseron Impressionnistes,Cardiologues,4.56,6.28,-27.3
95348,Longuesse,95,CC Vexin Centre,Cardiologues,4.56,6.28,-27.3
95351,Louvres,95,CA Roissy Pays de France,Cardiologues,4.56,6.28,-27.3
95352,Luzarches,95,CC Carnelle Pays-de-France,Cardiologues,4.56,6.28,-27.3
95353,Maffliers,95,CC Carnelle Pays-de-France,Cardiologues,4.56,6.28,-27.3
95355,Magny-en-Vexin,95,CC du Vexin-Val de Seine,Cardiologues,4.56,6.28,-27.3
95365,Mareil-en-France,95,CC Carnelle Pays-de-France,Cardiologues,4.56,6.28,-27.3
95369,Margency,95,CA Plaine Vallée,Cardiologues,4.56,6.28,-27.3
95370,Marines,95,CC Vexin Centre,Cardiologues,4.56,6.28,-27.3
95371,Marly-la-Ville,95,CA Roissy Pays de France,Cardiologues,4.56,6.28,-27.3
95379,Maudétour-en-Vexin,95,CC du Vexin-Val de Seine,Cardiologues,4.56,6.28,-27.3
95387,Menouville,95,CC Sausseron Impressionnistes,Cardiologues,4.56,6.28,-27.3
95388,Menucourt,95,CA de Cergy-Pontoise,Cardiologues,4.56,6.28,-27.3
95392,Mériel,95,CC de la Vallée de l'Oise et des Trois Forêts,Cardiologues,4.56,6.28,-27.3
95394,Méry-sur-Oise,95,CC de la Vallée de l'Oise et des Trois Forêts,Cardiologues,4.56,6.28,-27.3
95395,Le Mesnil-Aubry,95,CA Roissy Pays de France,Cardiologues,4.56,6.28,-27.3
95409,Moisselles,95,CA Plaine Vallée,Cardiologues,4.56,6.28,-27.3
95422,Montgeroult,95,CC Vexin Centre,Cardiologues,4.56,6.28,-27.3
95424,Montigny-lès-Cormeilles,95,CA Val Parisis,Cardiologues,4.56,6.28,-27.3
95426,Montlignon,95,CA Plaine Vallée,Cardiologues,4.56,6.28,-27.3
95427,Montmagny,95,CA Plaine Vallée,Cardiologues,4.56,6.28,-27.3
95428,Montmorency,95,CA Plaine Vallée,Cardiologues,4.56,6.28,-27.3
95429,Montreuil-sur-Epte,95,CC du Vexin-Val de Seine,Cardiologues,4.56,6.28,-27.3
95430,Montsoult,95,CC Carnelle Pays-de-France,Cardiologues,4.56,6.28,-27.3
95436,Mours,95,CC du Haut Val d'Oise,Cardiologues,4.56,6.28,-27.3
95438,Moussy,95,CC Vexin Centre,Cardiologues,4.56,6.28,-27.3
95445,Nerville-la-Forêt,95,CC de la Vallée de l'Oise et des Trois Forêts,Cardiologues,4.56,6.28,-27.3
95446,Nesles-la-Vallée,95,CC Sausseron Impressionnistes,Cardiologues,4.56,6.28,-27.3
95447,Neuilly-en-Vexin,95,CC Vexin Centre,Cardiologues,4.56,6.28,-27.3
95450,Neuville-sur-Oise,95,CA de Cergy-Pontoise,Cardiologues,4.56,6.28,-27.3
95452,Nointel,95,CC du Haut Val d'Oise,Cardiologues,4.56,6.28,-27.3
95456,Noisy-sur-Oise,95,CC du Haut Val d'Oise,Cardiologues,4.56,6.28,-27.3
95459,Nucourt,95,CC Vexin Centre,Cardiologues,4.56,6.28,-27.3
95462,Omerville,95,CC du Vexin-Val de Seine,Cardiologues,4.56,6.28,-27.3
95476,Osny,95,CA de Cergy-Pontoise,Cardiologues,4.56,6.28,-27.3
95480,Parmain,95,CC de la Vallée de l'Oise et des Trois Forêts,Cardiologues,4.56,6.28,-27.3
95483,Le Perchay,95,CC Vexin Centre,Cardiologues,4.56,6.28,-27.3
95487,Persan,95,CC du Haut Val d'Oise,Cardiologues,4.56,6.28,-27.3
95488,Pierrelaye,95,CA Val Parisis,Cardiologues,4.56,6.28,-27.3
95489,Piscop,95,CA Plaine Vallée,Cardiologues,4.56,6.28,-27.3
95491,Le Plessis-Bouchard,95,CA Val Parisis,Cardiologues,4.56,6.28,-27.3
95492,Le Plessis-Gassot,95,CA Roissy Pays de France,Cardiologues,4.56,6.28,-27.3
95493,Le Plessis-Luzarches,95,CC Carnelle Pays-de-France,Cardiologues,4.56,6.28,-27.3
95500,Pontoise,95,CA de Cergy-Pontoise,Cardiologues,4.56,6.28,-27.3
95504,Presles,95,CC de la Vallée de l'Oise et des Trois Forêts,Cardiologues,4.56,6.28,-27.3
95509,Puiseux-en-France,95,CA Roissy Pays de France,Cardiologues,4.56,6.28,-27.3
95510,Puiseux-Pontoise,95,CA de Cergy-Pontoise,Cardiologues,4.56,6.28,-27.3
95523,La Roche-Guyon,95,CC du Vexin-Val de Seine,Cardiologues,4.56,6.28,-27.3
95527,Roissy-en-France,95,CA Roissy Pays de France,Cardiologues,4.56,6.28,-27.3
95529,Ronquerolles,95,CC du Haut Val d'Oise,Cardiologues,4.56,6.28,-27.3
95535,Sagy,95,CC Vexin Centre,Cardiologues,4.56,6.28,-27.3
95539,Saint-Brice-sous-Forêt,95,CA Plaine Vallée,Cardiologues,4.56,6.28,-27.3
95541,Saint-Clair-sur-Epte,95,CC du Vexin-Val de Seine,Cardiologues,4.56,6.28,-27.3
95543,Saint-Cyr-en-Arthies,95,CC du Vexin-Val de Seine,Cardiologues,4.56,6.28,-27.3
95554,Saint-Gervais,95,CC du Vexin-Val de Seine,Cardiologues,4.56,6.28,-27.3
95555,Saint-Gratien,95,CA Plaine Vallée,Cardiologues,4.56,6.28,-27.3
95563,Saint-Leu-la-Forêt,95,CA Val Parisis,Cardiologues,4.56,6.28,-27.3
95566,Saint-Martin-du-Tertre,95,CC Carnelle Pays-de-France,Cardiologues,4.56,6.28,-27.3
95572,Saint-Ouen-l'Aumône,95,CA de Cergy-Pontoise,Cardiologues,4.56,6.28,-27.3
95574,Saint-Prix,95,CA Plaine Vallée,Cardiologues,4.56,6.28,-27.3
95580,Saint-Witz,95,CA Roissy Pays de France,Cardiologues,4.56,6.28,-27.3
95582,Sannois,95,CA Val Parisis,Cardiologues,4.56,6.28,-27.3
95584,Santeuil,95,CC Vexin Centre,Cardiologues,4.56,6.28,-27.3
95585,Sarcelles,95,CA Roissy Pays de France,Cardiologues,4.56,6.28,-27.3
95592,Seraincourt,95,CC Vexin Centre,Cardiologues,4.56,6.28,-27.3
95594,Seugy,95,CC Carnelle Pays-de-France,Cardiologues,4.56,6.28,-27.3
95598,Soisy-sous-Montmorency,95,CA Plaine Vallée,Cardiologues,4.56,6.28,-27.3
95604,Survilliers,95,CA Roissy Pays de France,Cardiologues,4.56,6.28,-27.3
95607,Taverny,95,CA Val Parisis,Cardiologues,4.56,6.28,-27.3
95610,Théméricourt,95,CC Vexin Centre,Cardiologues,4.56,6.28,-27.3
95611,Theuville,95,CC Vexin Centre,Cardiologues,4.56,6.28,-27.3
95612,Le Thillay,95,CA Roissy Pays de France,Cardiologues,4.56,6.28,-27.3
95625,Us,95,CC Vexin Centre,Cardiologues,4.56,6.28,-27.3
95627,Vallangoujard,95,CC Sausseron Impressionnistes,Cardiologues,4.56,6.28,-27.3
95628,Valmondois,95,CC Sausseron Impressionnistes,Cardiologues,4.56,6.28,-27.3
95633,Vaudherland,95,CA Roissy Pays de France,Cardiologues,4.56,6.28,-27.3
95637,Vauréal,95,CA de Cergy-Pontoise,Cardiologues,4.56,6.28,-27.3
95641,Vémars,95,CA Roissy Pays de France,Cardiologues,4.56,6.28,-27.3
95651,Vétheuil,95,CC du Vexin-Val de Seine,Cardiologues,4.56,6.28,-27.3
95652,Viarmes,95,CC Carnelle Pays-de-France,Cardiologues,4.56,6.28,-27.3
95656,Vienne-en-Arthies,95,CC du Vexin-Val de Seine,Cardiologues,4.56,6.28,-27.3
95658,Vigny,95,CC Vexin Centre,Cardiologues,4.56,6.28,-27.3
95660,Villaines-sous-Bois,95,CC Carnelle Pays-de-France,Cardiologues,4.56,6.28,-27.3
95675,Villeron,95,CA Roissy Pays de France,Cardiologues,4.56,6.28,-27.3
95676,Villers-en-Arthies,95,CC du Vexin-Val de Seine,Cardiologues,4.56,6.28,-27.3
95678,Villiers-Adam,95,CC de la Vallée de l'Oise et des Trois Forêts,Cardiologues,4.56,6.28,-27.3
95680,Villiers-le-Bel,95,CA Roissy Pays de France,Cardiologues,4.56,6.28,-27.3
95682,Villiers-le-Sec,95,CC Carnelle Pays-de-France,Cardiologues,4.56,6.28,-27.3
95690,Wy-dit-Joli-Village,95,CC du Vexin-Val de Seine,Cardiologues,4.56,6.28,-27.3
75056,Paris,75,Métropole du Grand Paris,Dermatologues,14.76,2.14,591.3
77001,Achères-la-Forêt,77,CA du Pays de Fontainebleau,Dermatologues,1.17,2.14,-45.2
77002,Amillis,77,CA Coulommiers Pays de Brie,Dermatologues,1.17,2.14,-45.2
77003,Amponville,77,CC Pays de Nemours,Dermatologues,1.17,2.14,-45.2
77004,Andrezel,77,CC Brie des Rivières et Châteaux,Dermatologues,1.17,2.14,-45.2
77005,Annet-sur-Marne,77,CC Plaines et Monts de France,Dermatologues,1.17,2.14,-45.2
77006,Arbonne-la-Forêt,77,CA du Pays de Fontainebleau,Dermatologues,1.17,2.14,-45.2
77007,Argentières,77,CC Brie des Rivières et Châteaux,Dermatologues,1.17,2.14,-45.2
77008,Armentières-en-Brie,77,CC du Pays de l'Ourcq,Dermatologues,1.17,2.14,-45.2
77009,Arville,77,CC Gâtinais Val de Loing,Dermatologues,1.17,2.14,-45.2
77010,Aubepierre-Ozouer-le-Repos,77,CC Brie Nangissienne,Dermatologues,1.17,2.14,-45.2
77011,Aufferville,77,CC Gâtinais Val de Loing,Dermatologues,1.17,2.14,-45.2
77012,Augers-en-Brie,77,CC du Provinois,Dermatologues,1.17,2.14,-45.2
77013,Aulnoy,77,CA Coulommiers Pays de Brie,Dermatologues,1.17,2.14,-45.2
77014,Avon,77,CA du Pays de Fontainebleau,Dermatologues,1.17,2.14,-45.2
77015,Baby,77,CC Bassée-Montois,Dermatologues,1.17,2.14,-45.2
77016,Bagneaux-sur-Loing,77,CC Pays de Nemours,Dermatologues,1.17,2.14,-45.2
77018,Bailly-Romainvilliers,77,CA Val d'Europe Agglomération,Dermatologues,1.17,2.14,-45.2
77019,Balloy,77,CC Bassée-Montois,Dermatologues,1.17,2.14,-45.2
77020,Bannost-Villegagnon,77,CC du Provinois,Dermatologues,1.17,2.14,-45.2
77021,Barbey,77,CC Pays de Montereau,Dermatologues,1.17,2.14,-45.2
77022,Barbizon,77,CA du Pays de Fontainebleau,Dermatologues,1.17,2.14,-45.2
77023,Barcy,77,CA du Pays de Meaux,Dermatologues,1.17,2.14,-45.2
77024,Bassevelle,77,CA Coulommiers Pays de Brie,Dermatologues,1.17,2.14,-45.2
77025,Bazoches-lès-Bray,77,CC Bassée-Montois,Dermatologues,1.17,2.14,-45.2
77026,Beauchery-Saint-Martin,77,CC du Provinois,Dermatologues,1.17,2.14,-45.2
77027,Beaumont-du-Gâtinais,77,CC Gâtinais Val de Loing,Dermatologues,1.17,2.14,-45.2
77029,Beauvoir,77,CC Brie des Rivières et Châteaux,Dermatologues,1.17,2.14,-45.2
77030,Bellot,77,CC des Deux Morin,Dermatologues,1.17,2.14,-45.2
77031,Bernay-Vilbert,77,CC Val Briard,Dermatologues,1.17,2.14,-45.2
77032,Beton-Bazoches,77,CC du Provinois,Dermatologues,1.17,2.14,-45.2
77033,Bezalles,77,CC du Provinois,Dermatologues,1.17,2.14,-45.2
77034,Blandy,77,CC Brie des Rivières et Châteaux,Dermatologues,1.17,2.14,-45.2
77035,Blennes,77,CC Pays de Montereau,Dermatologues,1.17,2.14,-45.2
77036,Boisdon,77,CC du Provinois,Dermatologues,1.17,2.14,-45.2
77037,Bois-le-Roi,77,CA du Pays de Fontainebleau,Dermatologues,1.17,2.14,-45.2
77038,Boissettes,77,CA Melun Val de Seine,Dermatologues,1.17,2.14,-45.2
77039,Boissise-la-Bertrand,77,CA Melun Val de Seine,Dermatologues,1.17,2.14,-45.2
77040,Boissise-le-Roi,77,CA Melun Val de Seine,Dermatologues,1.17,2.14,-45.2
77041,Boissy-aux-Cailles,77,CA du Pays de Fontainebleau,Dermatologues,1.17,2.14,-45.2
77042,Boissy-le-Châtel,77,CA Coulommiers Pays de Brie,Dermatologues,1.17,2.14,-45.2
77043,Boitron,77,CC des Deux Morin,Dermatologues,1.17,2.14,-45.2
77044,Bombon,77,CC Brie des Rivières et Châteaux,Dermatologues,1.17,2.14,-45.2
77045,Bougligny,77,CC Gâtinais Val de Loing,Dermatologues,1.17,2.14,-45.2
77046,Boulancourt,77,CC Pays de Nemours,Dermatologues,1.17,2.14,-45.2
77047,Bouleurs,77,CA Coulommiers Pays de Brie,Dermatologues,1.17,2.14,-45.2
77048,Bourron-Marlotte,77,CA du Pays de Fontainebleau,Dermatologues,1.17,2.14,-45.2
77049,Boutigny,77,CA du Pays de Meaux,Dermatologues,1.17,2.14,-45.2
77050,Bransles,77,CC Gâtinais Val de Loing,Dermatologues,1.17,2.14,-45.2
77051,Bray-sur-Seine,77,CC Bassée-Montois,Dermatologues,1.17,2.14,-45.2
77052,Bréau,77,CC Brie Nangissienne,Dermatologues,1.17,2.14,-45.2
77053,Brie-Comte-Robert,77,CC l'Orée de la Brie,Dermatologues,1.17,2.14,-45.2
77054,La Brosse-Montceaux,77,CC Pays de Montereau,Dermatologues,1.17,2.14,-45.2
77055,Brou-sur-Chantereine,77,CA Paris - Vallée de la Marne,Dermatologues,1.17,2.14,-45.2
77056,Burcy,77,CC Pays de Nemours,Dermatologues,1.17,2.14,-45.2
77057,Bussières,77,CA Coulommiers Pays de Brie,Dermatologues,1.17,2.14,-45.2
77058,Bussy-Saint-Georges,77,CA Marne et Gondoire,Dermatologues,1.17,2.14,-45.2
77059,Bussy-Saint-Martin,77,CA Marne et Gondoire,Dermatologues,1.17,2.14,-45.2
77060,Buthiers,77,CC Pays de Nemours,Dermatologues,1.17,2.14,-45.2
77061,Cannes-Écluse,77,CC Pays de Montereau,Dermatologues,1.17,2.14,-45.2
77062,Carnetin,77,CA Marne et Gondoire,Dermatologues,1.17,2.14,-45.2
77063,La Celle-sur-Morin,77,CA Coulommiers Pays de Brie,Dermatologues,1.17,2.14,-45.2
77065,Cély,77,CA du Pays de Fontainebleau,Dermatologues,1.17,2.14,-45.2
77066,Cerneux,77,CC du Provinois,Dermatologues,1.17,2.14,-45.2
77067,Cesson,77,CA Grand Paris Sud Seine Essonne Sénart,Dermatologues,1.17,2.14,-45.2
77068,Cessoy-en-Montois,77,CC Bassée-Montois,Dermatologues,1.17,2.14,-45.2
77069,Chailly-en-Bière,77,CA du Pays de Fontainebleau,Dermatologues,1.17,2.14,-45.2
77070,Chailly-en-Brie,77,CA Coulommiers Pays de Brie,Dermatologues,1.17,2.14,-45.2
77071,Chaintreaux,77,CC Gâtinais Val de Loing,Dermatologues,1.17,2.14,-45.2
77072,Chalautre-la-Grande,77,CC du Provinois,Dermatologues,1.17,2.14,-45.2
77073,Chalautre-la-Petite,77,CC du Provinois,Dermatologues,1.17,2.14,-45.2
77075,Chalifert,77,CA Marne et Gondoire,Dermatologues,1.17,2.14,-45.2
77076,Chalmaison,77,CC Bassée-Montois,Dermatologues,1.17,2.14,-45.2
77077,Chambry,77,CA du Pays de Meaux,Dermatologues,1.17,2.14,-45.2
77078,Chamigny,77,CA Coulommiers Pays de Brie,Dermatologues,1.17,2.14,-45.2
77079,Champagne-sur-Seine,77,CC Moret Seine et Loing,Dermatologues,1.17,2.14,-45.2
77080,Champcenest,77,CC du Provinois,Dermatologues,1.17,2.14,-45.2
77081,Champdeuil,77,CC Brie des Rivières et Châteaux,Dermatologues,1.17,2.14,-45.2
77082,Champeaux,77,CC Brie des Rivières et Châteaux,Dermatologues,1.17,2.14,-45.2
77083,Champs-sur-Marne,77,CA Paris - Vallée de la Marne,Dermatologues,1.17,2.14,-45.2
77084,Changis-sur-Marne,77,CA Coulommiers Pays de Brie,Dermatologues,1.17,2.14,-45.2
77085,Chanteloup-en-Brie,77,CA Marne et Gondoire,Dermatologues,1.17,2.14,-45.2
77086,La Chapelle-Gauthier,77,CC Brie Nangissienne,Dermatologues,1.17,2.14,-45.2
77087,La Chapelle-Iger,77,CC Val Briard,Dermatologues,1.17,2.14,-45.2
77088,La Chapelle-la-Reine,77,CA du Pays de Fontainebleau,Dermatologues,1.17,2.14,-45.2
77089,La Chapelle-Rablais,77,CC Brie Nangissienne,Dermatologues,1.17,2.14,-45.2
77090,La Chapelle-Saint-Sulpice,77,CC du Provinois,Dermatologues,1.17,2.14,-45.2
77091,Les Chapelles-Bourbon,77,CC Val Briard,Dermatologues,1.17,2.14,-45.2
77093,La Chapelle-Moutils,77,CC des Deux Morin,Dermatologues,1.17,2.14,-45.2
77094,Charmentray,77,CC Plaines et Monts de France,Dermatologues,1.17,2.14,-45.2
77095,Charny,77,CC Plaines et Monts de France,Dermatologues,1.17,2.14,-45.2
77096,Chartrettes,77,CA du Pays de Fontainebleau,Dermatologues,1.17,2.14,-45.2
77097,Chartronges,77,CC des Deux Morin,Dermatologues,1.17,2.14,-45.2
77098,Châteaubleau,77,CC Brie Nangissienne,Dermatologues,1.17,2.14,-45.2
77099,Château-Landon,77,CC Gâtinais Val de Loing,Dermatologues,1.17,2.14,-45.2
77100,Le Châtelet-en-Brie,77,CC Brie des Rivières et Châteaux,Dermatologues,1.17,2.14,-45.2
77101,Châtenay-sur-Seine,77,CC Bassée-Montois,Dermatologues,1.17,2.14,-45.2
77102,Châtenoy,77,CC Pays de Nemours,Dermatologues,1.17,2.14,-45.2
77103,Châtillon-la-Borde,77,CC Brie des Rivières et Châteaux,Dermatologues,1.17,2.14,-45.2
77104,Châtres,77,CC Val Briard,Dermatologues,1.17,2.14,-45.2
77106,Chauffry,77,CA Coulommiers Pays de Brie,Dermatologues,1.17,2.14,-45.2
77107,Chaumes-en-Brie,77,CC Brie des Rivières et Châteaux,Dermatologues,1.17,2.14,-45.2
77108,Chelles,77,CA Paris - Vallée de la Marne,Dermatologues,1.17,2.14,-45.2
77109,Chenoise-Cucharmoy,77,CC du Provinois,Dermatologues,1.17,2.14,-45.2
77110,Chenou,77,CC Gâtinais Val de Loing,Dermatologues,1.17,2.14,-45.2
77111,Chessy,77,CA Val d'Europe Agglomération,Dermatologues,1.17,2.14,-45.2
77112,Chevrainvilliers,77,CC Pays de Nemours,Dermatologues,1.17,2.14,-45.2
77113,Chevru,77,CA Coulommiers Pays de Brie,Dermatologues,1.17,2.14,-45.2
77114,Chevry-Cossigny,77,CC l'Orée de la Brie,Dermatologues,1.17,2.14,-45.2
77115,Chevry-en-Sereine,77,CC Pays de Montereau,Dermatologues,1.17,2.14,-45.2
77116,Choisy-en-Brie,77,CC des Deux Morin,Dermatologues,1.17,2.14,-45.2
77117,Citry,77,CA Coulommiers Pays de Brie,Dermatologues,1.17,2.14,-45.2
77118,Claye-Souilly,77,CA Roissy Pays de France,Dermatologues,1.17,2.14,-45.2
77119,Clos-Fontaine,77,CC Brie Nangissienne,Dermatologues,1.17,2.14,-45.2
77120,Cocherel,77,CC du Pays de l'Ourcq,Dermatologues,1.17,2.14,-45.2
77121,Collégien,77,CA Marne et Gondoire,Dermatologues,1.17,2.14,-45.2
77122,Combs-la-Ville,77,CA Grand Paris Sud Seine Essonne Sénart,Dermatologues,1.17,2.14,-45.2
77123,Compans,77,CA Roissy Pays de France,Dermatologues,1.17,2.14,-45.2
77124,Conches-sur-Gondoire,77,CA Marne et Gondoire,Dermatologues,1.17,2.14,-45.2
77125,Condé-Sainte-Libiaire,77,CA Coulommiers Pays de Brie,Dermatologues,1.17,2.14,-45.2
77126,Congis-sur-Thérouanne,77,CC du Pays de l'Ourcq,Dermatologues,1.17,2.14,-45.2
77127,Coubert,77,CC Brie des Rivières et Châteaux,Dermatologues,1.17,2.14,-45.2
77128,Couilly-Pont-aux-Dames,77,CA Coulommiers Pays de Brie,Dermatologues,1.17,2.14,-45.2
77129,Coulombs-en-Valois,77,CC du Pays de l'Ourcq,Dermatologues,1.17,2.14,-45.2
77130,Coulommes,77,CA Coulommiers Pays de Brie,Dermatologues,1.17,2.14,-45.2
77131,Coulommiers,77,CA Coulommiers Pays de Brie,Dermatologues,1.17,2.14,-45.2
77132,Coupvray,77,CA Val d'Europe Agglomération,Dermatologues,1.17,2.14,-45.2
77133,Courcelles-en-Bassée,77,CC Pays de Montereau,Dermatologues,1.17,2.14,-45.2
77134,Courchamp,77,CC du Provinois,Dermatologues,1.17,2.14,-45.2
77135,Courpalay,77,CC Val Briard,Dermatologues,1.17,2.14,-45.2
77136,Courquetaine,77,CC Brie des Rivières et Châteaux,Dermatologues,1.17,2.14,-45.2
77137,Courtacon,77,CC du Provinois,Dermatologues,1.17,2.14,-45.2
77138,Courtomer,77,CC Val Briard,Dermatologues,1.17,2.14,-45.2
77139,Courtry,77,CA Paris - Vallée de la Marne,Dermatologues,1.17,2.14,-45.2
77140,Coutençon,77,CC Bassée-Montois,Dermatologues,1.17,2.14,-45.2
77141,Coutevroult,77,CA Coulommiers Pays de Brie,Dermatologues,1.17,2.14,-45.2
77142,Crécy-la-Chapelle,77,CA Coulommiers Pays de Brie,Dermatologues,1.17,2.14,-45.2
77143,Crégy-lès-Meaux,77,CA du Pays de Meaux,Dermatologues,1.17,2.14,-45.2
77144,Crèvecœur-en-Brie,77,CC Val Briard,Dermatologues,1.17,2.14,-45.2
77145,Crisenoy,77,CC Brie des Rivières et Châteaux,Dermatologues,1.17,2.14,-45.2
77146,Croissy-Beaubourg,77,CA Paris - Vallée de la Marne,Dermatologues,1.17,2.14,-45.2
77147,La Croix-en-Brie,77,CC Brie Nangissienne,Dermatologues,1.17,2.14,-45.2
77148,Crouy-sur-Ourcq,77,CC du Pays de l'Ourcq,Dermatologues,1.17,2.14,-45.2
77150,Cuisy,77,CC Plaines et Monts de France,Dermatologues,1.17,2.14,-45.2
77151,Dagny,77,CA Coulommiers Pays de Brie,Dermatologues,1.17,2.14,-45.2
77152,Dammarie-les-Lys,77,CA Melun Val de Seine,Dermatologues,1.17,2.14,-45.2
77153,Dammartin-en-Goële,77,CA Roissy Pays de France,Dermatologues,1.17,2.14,-45.2
77154,Dammartin-sur-Tigeaux,77,CA Coulommiers Pays de Brie,Dermatologues,1.17,2.14,-45.2
77155,Dampmart,77,CA Marne et Gondoire,Dermatologues,1.17,2.14,-45.2
77156,Darvault,77,CC Pays de Nemours,Dermatologues,1.17,2.14,-45.2
77157,Dhuisy,77,CC du Pays de l'Ourcq,Dermatologues,1.17,2.14,-45.2
77158,Diant,77,CC Pays de Montereau,Dermatologues,1.17,2.14,-45.2
77159,Donnemarie-Dontilly,77,CC Bassée-Montois,Dermatologues,1.17,2.14,-45.2
77161,Dormelles,77,CC Moret Seine et Loing,Dermatologues,1.17,2.14,-45.2
77162,Doue,77,CC des Deux Morin,Dermatologues,1.17,2.14,-45.2
77163,Douy-la-Ramée,77,CC du Pays de l'Ourcq,Dermatologues,1.17,2.14,-45.2
77164,Échouboulains,77,CC Brie des Rivières et Châteaux,Dermatologues,1.17,2.14,-45.2
77165,Les Écrennes,77,CC Brie des Rivières et Châteaux,Dermatologues,1.17,2.14,-45.2
77167,Égligny,77,CC Bassée-Montois,Dermatologues,1.17,2.14,-45.2
77168,Égreville,77,CC Gâtinais Val de Loing,Dermatologues,1.17,2.14,-45.2
77169,Émerainville,77,CA Paris - Vallée de la Marne,Dermatologues,1.17,2.14,-45.2
77171,Esbly,77,CA Val d'Europe Agglomération,Dermatologues,1.17,2.14,-45.2
77172,Esmans,77,CC Pays de Montereau,Dermatologues,1.17,2.14,-45.2
77173,Étrépilly,77,CC du Pays de l'Ourcq,Dermatologues,1.17,2.14,-45.2
77174,Everly,77,CC Bassée-Montois,Dermatologues,1.17,2.14,-45.2
77175,Évry-Grégy-sur-Yerre,77,CC Brie des Rivières et Châteaux,Dermatologues,1.17,2.14,-45.2
77176,Faremoutiers,77,CA Coulommiers Pays de Brie,Dermatologues,1.17,2.14,-45.2
77177,Favières,77,CC Val Briard,Dermatologues,1.17,2.14,-45.2
77178,Faÿ-lès-Nemours,77,CC Pays de Nemours,Dermatologues,1.17,2.14,-45.2
77179,Féricy,77,CC Brie des Rivières et Châteaux,Dermatologues,1.17,2.14,-45.2
77180,Férolles-Attilly,77,CC Les Portes Briardes Entre Villes et Forêts,Dermatologues,1.17,2.14,-45.2
77181,Ferrières-en-Brie,77,CA Marne et Gondoire,Dermatologues,1.17,2.14,-45.2
77182,La Ferté-Gaucher,77,CC des Deux Morin,Dermatologues,1.17,2.14,-45.2
77183,La Ferté-sous-Jouarre,77,CA Coulommiers Pays de Brie,Dermatologues,1.17,2.14,-45.2
77184,Flagy,77,CC Moret Seine et Loing,Dermatologues,1.17,2.14,-45.2
77185,Fleury-en-Bière,77,CA du Pays de Fontainebleau,Dermatologues,1.17,2.14,-45.2
77186,Fontainebleau,77,CA du Pays de Fontainebleau,Dermatologues,1.17,2.14,-45.2
77187,Fontaine-Fourches,77,CC Bassée-Montois,Dermatologues,1.17,2.14,-45.2
77188,Fontaine-le-Port,77,CC Brie des Rivières et Châteaux,Dermatologues,1.17,2.14,-45.2
77190,Fontains,77,CC Brie Nangissienne,Dermatologues,1.17,2.14,-45.2
77191,Fontenailles,77,CC Brie Nangissienne,Dermatologues,1.17,2.14,-45.2
77192,Fontenay-Trésigny,77,CC Val Briard,Dermatologues,1.17,2.14,-45.2
77193,Forfry,77,CA du Pays de Meaux,Dermatologues,1.17,2.14,-45.2
77194,Forges,77,CC Pays de Montereau,Dermatologues,1.17,2.14,-45.2
77195,Fouju,77,CC Brie des Rivières et Châteaux,Dermatologues,1.17,2.14,-45.2
77196,Fresnes-sur-Marne,77,CC Plaines et Monts de France,Dermatologues,1.17,2.14,-45.2
77197,Frétoy,77,CC du Provinois,Dermatologues,1.17,2.14,-45.2
77198,Fromont,77,CC Pays de Nemours,Dermatologues,1.17,2.14,-45.2
77199,Fublaines,77,CA du Pays de Meaux,Dermatologues,1.17,2.14,-45.2
77200,Garentreville,77,CC Pays de Nemours,Dermatologues,1.17,2.14,-45.2
77201,Gastins,77,CC Brie Nangissienne,Dermatologues,1.17,2.14,-45.2
77202,La Genevraye,77,CC Moret Seine et Loing,Dermatologues,1.17,2.14,-45.2
77203,Germigny-l'Évêque,77,CA du Pays de Meaux,Dermatologues,1.17,2.14,-45.2
77204,Germigny-sous-Coulombs,77,CC du Pays de l'Ourcq,Dermatologues,1.17,2.14,-45.2
77205,Gesvres-le-Chapitre,77,CA du Pays de Meaux,Dermatologues,1.17,2.14,-45.2
77206,Giremoutiers,77,CA Coulommiers Pays de Brie,Dermatologues,1.17,2.14,-45.2
77207,Gironville,77,CC Gâtinais Val de Loing,Dermatologues,1.17,2.14,-45.2
77208,Gouaix,77,CC Bassée-Montois,Dermatologues,1.17,2.14,-45.2
77209,Gouvernes,77,CA Marne et Gondoire,Dermatologues,1.17,2.14,-45.2
77210,La Grande-Paroisse,77,CC Pays de Montereau,Dermatologues,1.17,2.14,-45.2
77211,Grandpuits-Bailly-Carrois,77,CC Brie Nangissienne,Dermatologues,1.17,2.14,-45.2
77212,Gravon,77,CC Bassée-Montois,Dermatologues,1.17,2.14,-45.2
77214,Gressy,77,CA Roissy Pays de France,Dermatologues,1.17,2.14,-45.2
77215,Gretz-Armainvilliers,77,CC Les Portes Briardes Entre Villes et Forêts,Dermatologues,1.17,2.14,-45.2
77216,Grez-sur-Loing,77,CC Pays de Nemours,Dermatologues,1.17,2.14,-45.2
77217,Grisy-Suisnes,77,CC Brie des Rivières et Châteaux,Dermatologues,1.17,2.14,-45.2
77218,Grisy-sur-Seine,77,CC Bassée-Montois,Dermatologues,1.17,2.14,-45.2
77219,Guérard,77,CA Coulommiers Pays de Brie,Dermatologues,1.17,2.14,-45.2
77220,Guercheville,77,CC Pays de Nemours,Dermatologues,1.17,2.14,-45.2
77221,Guermantes,77,CA Marne et Gondoire,Dermatologues,1.17,2.14,-45.2
77222,Guignes,77,CC Brie des Rivières et Châteaux,Dermatologues,1.17,2.14,-45.2
77223,Gurcy-le-Châtel,77,CC Bassée-Montois,Dermatologues,1.17,2.14,-45.2
77224,Hautefeuille,77,CA Coulommiers Pays de Brie,Dermatologues,1.17,2.14,-45.2
77225,La Haute-Maison,77,CA Coulommiers Pays de Brie,Dermatologues,1.17,2.14,-45.2
77226,Héricy,77,CA du Pays de Fontainebleau,Dermatologues,1.17,2.14,-45.2
77227,Hermé,77,CC Bassée-Montois,Dermatologues,1.17,2.14,-45.2
77228,Hondevilliers,77,CC des Deux Morin,Dermatologues,1.17,2.14,-45.2
77229,La Houssaye-en-Brie,77,CC Val Briard,Dermatologues,1.17,2.14,-45.2
77230,Ichy,77,CC Gâtinais Val de Loing,Dermatologues,1.17,2.14,-45.2
77231,Isles-les-Meldeuses,77,CC du Pays de l'Ourcq,Dermatologues,1.17,2.14,-45.2
77232,Isles-lès-Villenoy,77,CA du Pays de Meaux,Dermatologues,1.17,2.14,-45.2
77233,Iverny,77,CC Plaines et Monts de France,Dermatologues,1.17,2.14,-45.2
77234,Jablines,77,CA Marne et Gondoire,Dermatologues,1.17,2.14,-45.2
77235,Jaignes,77,CC du Pays de l'Ourcq,Dermatologues,1.17,2.14,-45.2
77236,Jaulnes,77,CC Bassée-Montois,Dermatologues,1.17,2.14,-45.2
77237,Jossigny,77,CA Marne et Gondoire,Dermatologues,1.17,2.14,-45.2
77238,Jouarre,77,CA Coulommiers Pays de Brie,Dermatologues,1.17,2.14,-45.2
77239,Jouy-le-Châtel,77,CC du Provinois,Dermatologues,1.17,2.14,-45.2
77240,Jouy-sur-Morin,77,CC des Deux Morin,Dermatologues,1.17,2.14,-45.2
77241,Juilly,77,CA Roissy Pays de France,Dermatologues,1.17,2.14,-45.2
77242,Jutigny,77,CC Bassée-Montois,Dermatologues,1.17,2.14,-45.2
77243,Lagny-sur-Marne,77,CA Marne et Gondoire,Dermatologues,1.17,2.14,-45.2
77244,Larchant,77,CC Pays de Nemours,Dermatologues,1.17,2.14,-45.2
77245,Laval-en-Brie,77,CC Pays de Montereau,Dermatologues,1.17,2.14,-45.2
77246,Léchelle,77,CC du Provinois,Dermatologues,1.17,2.14,-45.2
77247,Lescherolles,77,CC des Deux Morin,Dermatologues,1.17,2.14,-45.2
77248,Lesches,77,CA Marne et Gondoire,Dermatologues,1.17,2.14,-45.2
77249,Lésigny,77,CC Les Portes Briardes Entre Villes et Forêts,Dermatologues,1.17,2.14,-45.2
77250,Leudon-en-Brie,77,CC des Deux Morin,Dermatologues,1.17,2.14,-45.2
77251,Lieusaint,77,CA Grand Paris Sud Seine Essonne Sénart,Dermatologues,1.17,2.14,-45.2
77252,Limoges-Fourches,77,CA Melun Val de Seine,Dermatologues,1.17,2.14,-45.2
77253,Lissy,77,CA Melun Val de Seine,Dermatologues,1.17,2.14,-45.2
77254,Liverdy-en-Brie,77,CC Val Briard,Dermatologues,1.17,2.14,-45.2
77255,Livry-sur-Seine,77,CA Melun Val de Seine,Dermatologues,1.17,2.14,-45.2
77256,Lizines,77,CC Bassée-Montois,Dermatologues,1.17,2.14,-45.2
77257,Lizy-sur-Ourcq,77,CC du Pays de l'Ourcq,Dermatologues,1.17,2.14,-45.2
77258,Lognes,77,CA Paris - Vallée de la Marne,Dermatologues,1.17,2.14,-45.2
77259,Longperrier,77,CA Roissy Pays de France,Dermatologues,1.17,2.14,-45.2
77260,Longueville,77,CC du Provinois,Dermatologues,1.17,2.14,-45.2
77261,Lorrez-le-Bocage-Préaux,77,CC Gâtinais Val de Loing,Dermatologues,1.17,2.14,-45.2
77262,Louan-Villegruis-Fontaine,77,CC du Provinois,Dermatologues,1.17,2.14,-45.2
77263,Luisetaines,77,CC Bassée-Montois,Dermatologues,1.17,2.14,-45.2
77264,Lumigny-Nesles-Ormeaux,77,CC Val Briard,Dermatologues,1.17,2.14,-45.2
77265,Luzancy,77,CA Coulommiers Pays de Brie,Dermatologues,1.17,2.14,-45.2
77266,Machault,77,CC Brie des Rivières et Châteaux,Dermatologues,1.17,2.14,-45.2
77267,La Madeleine-sur-Loing,77,CC Gâtinais Val de Loing,Dermatologues,1.17,2.14,-45.2
77268,Magny-le-Hongre,77,CA Val d'Europe Agglomération,Dermatologues,1.17,2.14,-45.2
77269,Maincy,77,CA Melun Val de Seine,Dermatologues,1.17,2.14,-45.2
77270,Maisoncelles-en-Brie,77,CA Coulommiers Pays de Brie,Dermatologues,1.17,2.14,-45.2
77271,Maisoncelles-en-Gâtinais,77,CC Gâtinais Val de Loing,Dermatologues,1.17,2.14,-45.2
77272,Maison-Rouge,77,CC du Provinois,Dermatologues,1.17,2.14,-45.2
77273,Marchémoret,77,CC Plaines et Monts de France,Dermatologues,1.17,2.14,-45.2
77274,Marcilly,77,CC du Pays de l'Ourcq,Dermatologues,1.17,2.14,-45.2
77275,Les Marêts,77,CC du Provinois,Dermatologues,1.17,2.14,-45.2
77276,Mareuil-lès-Meaux,77,CA du Pays de Meaux,Dermatologues,1.17,2.14,-45.2
77277,Marles-en-Brie,77,CC Val Briard,Dermatologues,1.17,2.14,-45.2
77278,Marolles-en-Brie,77,CA Coulommiers Pays de Brie,Dermatologues,1.17,2.14,-45.2
77279,Marolles-sur-Seine,77,CC Pays de Montereau,Dermatologues,1.17,2.14,-45.2
77280,Mary-sur-Marne,77,CC du Pays de l'Ourcq,Dermatologues,1.17,2.14,-45.2
77281,Mauperthuis,77,CA Coulommiers Pays de Brie,Dermatologues,1.17,2.14,-45.2
77282,Mauregard,77,CA Roissy Pays de France,Dermatologues,1.17,2.14,-45.2
77283,May-en-Multien,77,CC du Pays de l'Ourcq,Dermatologues,1.17,2.14,-45.2
77284,Meaux,77,CA du Pays de Meaux,Dermatologues,1.17,2.14,-45.2
77285,Le Mée-sur-Seine,77,CA Melun Val de Seine,Dermatologues,1.17,2.14,-45.2
77286,Meigneux,77,CC Bassée-Montois,Dermatologues,1.17,2.14,-45.2
77287,Meilleray,77,CC des Deux Morin,Dermatologues,1.17,2.14,-45.2
77288,Melun,77,CA Melun Val de Seine,Dermatologues,1.17,2.14,-45.2
77289,Melz-sur-Seine,77,CC du Provinois,Dermatologues,1.17,2.14,-45.2
77290,Méry-sur-Marne,77,CA Coulommiers Pays de Brie,Dermatologues,1.17,2.14,-45.2
77291,Le Mesnil-Amelot,77,CA Roissy Pays de France,Dermatologues,1.17,2.14,-45.2
77292,Messy,77,CC Plaines et Monts de France,Dermatologues,1.17,2.14,-45.2
77293,Misy-sur-Yonne,77,CC Pays de Montereau,Dermatologues,1.17,2.14,-45.2
77294,Mitry-Mory,77,CA Roissy Pays de France,Dermatologues,1.17,2.14,-45.2
77295,Moisenay,77,CC Brie des Rivières et Châteaux,Dermatologues,1.17,2.14,-45.2
77296,Moissy-Cramayel,77,CA Grand Paris Sud Seine Essonne Sénart,Dermatologues,1.17,2.14,-45.2
77297,Mondreville,77,CC Gâtinais Val de Loing,Dermatologues,1.17,2.14,-45.2
77298,Mons-en-Montois,77,CC Bassée-Montois,Dermatologues,1.17,2.14,-45.2
77300,Montceaux-lès-Meaux,77,CA du Pays de Meaux,Dermatologues,1.17,2.14,-45.2
77301,Montceaux-lès-Provins,77,CC du Provinois,Dermatologues,1.17,2.14,-45.2
77302,Moncourt-Fromonville,77,CC Pays de Nemours,Dermatologues,1.17,2.14,-45.2
77303,Montdauphin,77,CC des Deux Morin,Dermatologues,1.17,2.14,-45.2
77304,Montenils,77,CC des Deux Morin,Dermatologues,1.17,2.14,-45.2
77305,Montereau-Fault-Yonne,77,CC Pays de Montereau,Dermatologues,1.17,2.14,-45.2
77306,Montereau-sur-le-Jard,77,CA Melun Val de Seine,Dermatologues,1.17,2.14,-45.2
77307,Montévrain,77,CA Marne et Gondoire,Dermatologues,1.17,2.14,-45.2
77308,Montgé-en-Goële,77,CC Plaines et Monts de France,Dermatologues,1.17,2.14,-45.2
77309,Monthyon,77,CA du Pays de Meaux,Dermatologues,1.17,2.14,-45.2
77310,Montigny-le-Guesdier,77,CC Bassée-Montois,Dermatologues,1.17,2.14,-45.2
77311,Montigny-Lencoup,77,CC Bassée-Montois,Dermatologues,1.17,2.14,-45.2
77312,Montigny-sur-Loing,77,CC Moret Seine et Loing,Dermatologues,1.17,2.14,-45.2
77313,Montmachoux,77,CC Pays de Montereau,Dermatologues,1.17,2.14,-45.2
77314,Montolivet,77,CC des Deux Morin,Dermatologues,1.17,2.14,-45.2
77315,Montry,77,CA Val d'Europe Agglomération,Dermatologues,1.17,2.14,-45.2
77316,Moret-Loing-et-Orvanne,77,CC Moret Seine et Loing,Dermatologues,1.17,2.14,-45.2
77317,Mormant,77,CC Brie Nangissienne,Dermatologues,1.17,2.14,-45.2
77318,Mortcerf,77,CC Val Briard,Dermatologues,1.17,2.14,-45.2
77319,Mortery,77,CC du Provinois,Dermatologues,1.17,2.14,-45.2
77320,Mouroux,77,CA Coulommiers Pays de Brie,Dermatologues,1.17,2.14,-45.2
77321,Mousseaux-lès-Bray,77,CC Bassée-Montois,Dermatologues,1.17,2.14,-45.2
77322,Moussy-le-Neuf,77,CA Roissy Pays de France,Dermatologues,1.17,2.14,-45.2
77323,Moussy-le-Vieux,77,CA Roissy Pays de France,Dermatologues,1.17,2.14,-45.2
77325,Mouy-sur-Seine,77,CC Bassée-Montois,Dermatologues,1.17,2.14,-45.2
77326,Nandy,77,CA Grand Paris Sud Seine Essonne Sénart,Dermatologues,1.17,2.14,-45.2
77327,Nangis,77,CC Brie Nangissienne,Dermatologues,1.17,2.14,-45.2
77328,Nanteau-sur-Essonne,77,CC Pays de Nemours,Dermatologues,1.17,2.14,-45.2
77329,Nanteau-sur-Lunain,77,CC Moret Seine et Loing,Dermatologues,1.17,2.14,-45.2
77330,Nanteuil-lès-Meaux,77,CA du Pays de Meaux,Dermatologues,1.17,2.14,-45.2
77331,Nanteuil-sur-Marne,77,CA Coulommiers Pays de Brie,Dermatologues,1.17,2.14,-45.2
77332,Nantouillet,77,CC Plaines et Monts de France,Dermatologues,1.17,2.14,-45.2
77333,Nemours,77,CC Pays de Nemours,Dermatologues,1.17,2.14,-45.2
77335,Chauconin-Neufmontiers,77,CA du Pays de Meaux,Dermatologues,1.17,2.14,-45.2
77336,Neufmoutiers-en-Brie,77,CC Val Briard,Dermatologues,1.17,2.14,-45.2
77337,Noisiel,77,CA Paris - Vallée de la Marne,Dermatologues,1.17,2.14,-45.2
77338,Noisy-Rudignon,77,CC Pays de Montereau,Dermatologues,1.17,2.14,-45.2
77339,Noisy-sur-École,77,CA du Pays de Fontainebleau,Dermatologues,1.17,2.14,-45.2
77340,Nonville,77,CC Moret Seine et Loing,Dermatologues,1.17,2.14,-45.2
77341,Noyen-sur-Seine,77,CC Bassée-Montois,Dermatologues,1.17,2.14,-45.2
77342,Obsonville,77,CC Gâtinais Val de Loing,Dermatologues,1.17,2.14,-45.2
77343,Ocquerre,77,CC du Pays de l'Ourcq,Dermatologues,1.17,2.14,-45.2
77344,Oissery,77,CC Plaines et Monts de France,Dermatologues,1.17,2.14,-45.2
77345,Orly-sur-Morin,77,CC des Deux Morin,Dermatologues,1.17,2.14,-45.2
77347,Les Ormes-sur-Voulzie,77,CC Bassée-Montois,Dermatologues,1.17,2.14,-45.2
77348,Ormesson,77,CC Pays de Nemours,Dermatologues,1.17,2.14,-45.2
77349,Othis,77,CA Roissy Pays de France,Dermatologues,1.17,2.14,-45.2
77350,Ozoir-la-Ferrière,77,CC Les Portes Briardes Entre Villes et Forêts,Dermatologues,1.17,2.14,-45.2
77352,Ozouer-le-Voulgis,77,CC Brie des Rivières et Châteaux,Dermatologues,1.17,2.14,-45.2
77353,Paley,77,CC Moret Seine et Loing,Dermatologues,1.17,2.14,-45.2
77354,Pamfou,77,CC Brie des Rivières et Châteaux,Dermatologues,1.17,2.14,-45.2
77355,Paroy,77,CC Bassée-Montois,Dermatologues,1.17,2.14,-45.2
77356,Passy-sur-Seine,77,CC Bassée-Montois,Dermatologues,1.17,2.14,-45.2
77357,Pécy,77,CC Val Briard,Dermatologues,1.17,2.14,-45.2
77358,Penchard,77,CA du Pays de Meaux,Dermatologues,1.17,2.14,-45.2
77359,Perthes,77,CA du Pays de Fontainebleau,Dermatologues,1.17,2.14,-45.2
77360,Pézarches,77,CA Coulommiers Pays de Brie,Dermatologues,1.17,2.14,-45.2
77361,Pierre-Levée,77,CA Coulommiers Pays de Brie,Dermatologues,1.17,2.14,-45.2
77363,Le Pin,77,CC Plaines et Monts de France,Dermatologues,1.17,2.14,-45.2
77364,Le Plessis-aux-Bois,77,CC Plaines et Monts de France,Dermatologues,1.17,2.14,-45.2
77365,Le Plessis-Feu-Aussoux,77,CC Val Briard,Dermatologues,1.17,2.14,-45.2
77366,Le Plessis-l'Évêque,77,CC Plaines et Monts de France,Dermatologues,1.17,2.14,-45.2
77367,Le Plessis-Placy,77,CC du Pays de l'Ourcq,Dermatologues,1.17,2.14,-45.2
77368,Poigny,77,CC du Provinois,Dermatologues,1.17,2.14,-45.2
77369,Poincy,77,CA du Pays de Meaux,Dermatologues,1.17,2.14,-45.2
77370,Poligny,77,CC Gâtinais Val de Loing,Dermatologues,1.17,2.14,-45.2
77371,Pommeuse,77,CA Coulommiers Pays de Brie,Dermatologues,1.17,2.14,-45.2
77372,Pomponne,77,CA Marne et Gondoire,Dermatologues,1.17,2.14,-45.2
77373,Pontault-Combault,77,CA Paris - Vallée de la Marne,Dermatologues,1.17,2.14,-45.2
77374,Pontcarré,77,CA Marne et Gondoire,Dermatologues,1.17,2.14,-45.2
77376,Précy-sur-Marne,77,CC Plaines et Monts de France,Dermatologues,1.17,2.14,-45.2
77377,Presles-en-Brie,77,CC Val Briard,Dermatologues,1.17,2.14,-45.2
77378,Pringy,77,CA Melun Val de Seine,Dermatologues,1.17,2.14,-45.2
77379,Provins,77,CC du Provinois,Dermatologues,1.17,2.14,-45.2
77380,Puisieux,77,CC du Pays de l'Ourcq,Dermatologues,1.17,2.14,-45.2
77381,Quiers,77,CC Brie Nangissienne,Dermatologues,1.17,2.14,-45.2
77382,Quincy-Voisins,77,CA du Pays de Meaux,Dermatologues,1.17,2.14,-45.2
77383,Rampillon,77,CC Brie Nangissienne,Dermatologues,1.17,2.14,-45.2
77384,Réau,77,CA Grand Paris Sud Seine Essonne Sénart,Dermatologues,1.17,2.14,-45.2
77385,Rebais,77,CC des Deux Morin,Dermatologues,1.17,2.14,-45.2
77386,Recloses,77,CA du Pays de Fontainebleau,Dermatologues,1.17,2.14,-45.2
77387,Remauville,77,CC Moret Seine et Loing,Dermatologues,1.17,2.14,-45.2
77388,Reuil-en-Brie,77,CA Coulommiers Pays de Brie,Dermatologues,1.17,2.14,-45.2
77389,La Rochette,77,CA Melun Val de Seine,Dermatologues,1.17,2.14,-45.2
77390,Roissy-en-Brie,77,CA Paris - Vallée de la Marne,Dermatologues,1.17,2.14,-45.2
77391,Rouilly,77,CC du Provinois,Dermatologues,1.17,2.14,-45.2
77392,Rouvres,77,CA Roissy Pays de France,Dermatologues,1.17,2.14,-45.2
77393,Rozay-en-Brie,77,CC Val Briard,Dermatologues,1.17,2.14,-45.2
77394,Rubelles,77,CA Melun Val de Seine,Dermatologues,1.17,2.14,-45.2
77395,Rumont,77,CC Pays de Nemours,Dermatologues,1.17,2.14,-45.2
77396,Rupéreux,77,CC du Provinois,Dermatologues,1.17,2.14,-45.2
77397,Saâcy-sur-Marne,77,CA Coulommiers Pays de Brie,Dermatologues,1.17,2.14,-45.2
77398,Sablonnières,77,CC des Deux Morin,Dermatologues,1.17,2.14,-45.2
77400,Saint-Augustin,77,CA Coulommiers Pays de Brie,Dermatologues,1.17,2.14,-45.2
77401,Sainte-Aulde,77,CA Coulommiers Pays de Brie,Dermatologues,1.17,2.14,-45.2
77402,Saint-Barthélemy,77,CC des Deux Morin,Dermatologues,1.17,2.14,-45.2
77403,Saint-Brice,77,CC du Provinois,Dermatologues,1.17,2.14,-45.2
77404,Sainte-Colombe,77,CC du Provinois,Dermatologues,1.17,2.14,-45.2
77405,Saint-Cyr-sur-Morin,77,CC des Deux Morin,Dermatologues,1.17,2.14,-45.2
77406,Saint-Denis-lès-Rebais,77,CC des Deux Morin,Dermatologues,1.17,2.14,-45.2
77407,Saint-Fargeau-Ponthierry,77,CA Melun Val de Seine,Dermatologues,1.17,2.14,-45.2
77408,Saint-Fiacre,77,CA du Pays de Meaux,Dermatologues,1.17,2.14,-45.2
77409,Saint-Germain-Laval,77,CC Pays de Montereau,Dermatologues,1.17,2.14,-45.2
77410,Saint-Germain-Laxis,77,CA Melun Val de Seine,Dermatologues,1.17,2.14,-45.2
77411,Saint-Germain-sous-Doue,77,CC des Deux Morin,Dermatologues,1.17,2.14,-45.2
77412,Saint-Germain-sur-École,77,CA du Pays de Fontainebleau,Dermatologues,1.17,2.14,-45.2
77413,Saint-Germain-sur-Morin,77,CA Val d'Europe Agglomération,Dermatologues,1.17,2.14,-45.2
77414,Saint-Hilliers,77,CC du Provinois,Dermatologues,1.17,2.14,-45.2
77415,Saint-Jean-les-Deux-Jumeaux,77,CA Coulommiers Pays de Brie,Dermatologues,1.17,2.14,-45.2
77416,Saint-Just-en-Brie,77,CC Brie Nangissienne,Dermatologues,1.17,2.14,-45.2
77417,Saint-Léger,77,CC des Deux Morin,Dermatologues,1.17,2.14,-45.2
77418,Saint-Loup-de-Naud,77,CC du Provinois,Dermatologues,1.17,2.14,-45.2
77419,Saint-Mammès,77,CC Moret Seine et Loing,Dermatologues,1.17,2.14,-45.2
77420,Saint-Mard,77,CA Roissy Pays de France,Dermatologues,1.17,2.14,-45.2
77421,Saint-Mars-Vieux-Maisons,77,CC des Deux Morin,Dermatologues,1.17,2.14,-45.2
77423,Saint-Martin-des-Champs,77,CC des Deux Morin,Dermatologues,1.17,2.14,-45.2
77424,Saint-Martin-du-Boschet,77,CC du Provinois,Dermatologues,1.17,2.14,-45.2
77425,Saint-Martin-en-Bière,77,CA du Pays de Fontainebleau,Dermatologues,1.17,2.14,-45.2
77426,Saint-Méry,77,CC Brie des Rivières et Châteaux,Dermatologues,1.17,2.14,-45.2
77427,Saint-Mesmes,77,CC Plaines et Monts de France,Dermatologues,1.17,2.14,-45.2
77428,Saint-Ouen-en-Brie,77,CC Brie Nangissienne,Dermatologues,1.17,2.14,-45.2
77429,Saint-Ouen-sur-Morin,77,CC des Deux Morin,Dermatologues,1.17,2.14,-45.2
77430,Saint-Pathus,77,CC Plaines et Monts de France,Dermatologues,1.17,2.14,-45.2
77431,Saint-Pierre-lès-Nemours,77,CC Pays de Nemours,Dermatologues,1.17,2.14,-45.2
77432,Saint-Rémy-de-la-Vanne,77,CC des Deux Morin,Dermatologues,1.17,2.14,-45.2
77433,Beautheil-Saints,77,CA Coulommiers Pays de Brie,Dermatologues,1.17,2.14,-45.2
77434,Saint-Sauveur-lès-Bray,77,CC Bassée-Montois,Dermatologues,1.17,2.14,-45.2
77435,Saint-Sauveur-sur-École,77,CA du Pays de Fontainebleau,Dermatologues,1.17,2.14,-45.2
77436,Saint-Siméon,77,CC des Deux Morin,Dermatologues,1.17,2.14,-45.2
77437,Saint-Soupplets,77,CA du Pays de Meaux,Dermatologues,1.17,2.14,-45.2
77438,Saint-Thibault-des-Vignes,77,CA Marne et Gondoire,Dermatologues,1.17,2.14,-45.2
77439,Salins,77,CC Pays de Montereau,Dermatologues,1.17,2.14,-45.2
77440,Sammeron,77,CA Coulommiers Pays de Brie,Dermatologues,1.17,2.14,-45.2
77441,Samois-sur-Seine,77,CA du Pays de Fontainebleau,Dermatologues,1.17,2.14,-45.2
77442,Samoreau,77,CA du Pays de Fontainebleau,Dermatologues,1.17,2.14,-45.2
77443,Sancy,77,CA Coulommiers Pays de Brie,Dermatologues,1.17,2.14,-45.2
77444,Sancy-lès-Provins,77,CC du Provinois,Dermatologues,1.17,2.14,-45.2
77445,Savigny-le-Temple,77,CA Grand Paris Sud Seine Essonne Sénart,Dermatologues,1.17,2.14,-45.2
77446,Savins,77,CC Bassée-Montois,Dermatologues,1.17,2.14,-45.2
77447,Seine-Port,77,CA Melun Val de Seine,Dermatologues,1.17,2.14,-45.2
77448,Sept-Sorts,77,CA Coulommiers Pays de Brie,Dermatologues,1.17,2.14,-45.2
77449,Serris,77,CA Val d'Europe Agglomération,Dermatologues,1.17,2.14,-45.2
77450,Servon,77,CC l'Orée de la Brie,Dermatologues,1.17,2.14,-45.2
77451,Signy-Signets,77,CA Coulommiers Pays de Brie,Dermatologues,1.17,2.14,-45.2
77452,Sigy,77,CC Bassée-Montois,Dermatologues,1.17,2.14,-45.2
77453,Sivry-Courtry,77,CC Brie des Rivières et Châteaux,Dermatologues,1.17,2.14,-45.2
77454,Sognolles-en-Montois,77,CC Bassée-Montois,Dermatologues,1.17,2.14,-45.2
77455,Soignolles-en-Brie,77,CC Brie des Rivières et Châteaux,Dermatologues,1.17,2.14,-45.2
77456,Soisy-Bouy,77,CC du Provinois,Dermatologues,1.17,2.14,-45.2
77457,Solers,77,CC Brie des Rivières et Châteaux,Dermatologues,1.17,2.14,-45.2
77458,Souppes-sur-Loing,77,CC Gâtinais Val de Loing,Dermatologues,1.17,2.14,-45.2
77459,Sourdun,77,CC du Provinois,Dermatologues,1.17,2.14,-45.2
77460,Tancrou,77,CC du Pays de l'Ourcq,Dermatologues,1.17,2.14,-45.2
77461,Thénisy,77,CC Bassée-Montois,Dermatologues,1.17,2.14,-45.2
77462,Thieux,77,CA Roissy Pays de France,Dermatologues,1.17,2.14,-45.2
77463,Thomery,77,CC Moret Seine et Loing,Dermatologues,1.17,2.14,-45.2
77464,Thorigny-sur-Marne,77,CA Marne et Gondoire,Dermatologues,1.17,2.14,-45.2
77465,Thoury-Férottes,77,CC Pays de Montereau,Dermatologues,1.17,2.14,-45.2
77466,Tigeaux,77,CA Coulommiers Pays de Brie,Dermatologues,1.17,2.14,-45.2
77467,La Tombe,77,CC Bassée-Montois,Dermatologues,1.17,2.14,-45.2
77468,Torcy,77,CA Paris - Vallée de la Marne,Dermatologues,1.17,2.14,-45.2
77469,Touquin,77,CA Coulommiers Pays de Brie,Dermatologues,1.17,2.14,-45.2
77470,Tournan-en-Brie,77,CC Les Portes Briardes Entre Villes et Forêts,Dermatologues,1.17,2.14,-45.2
77471,Tousson,77,CA du Pays de Fontainebleau,Dermatologues,1.17,2.14,-45.2
77472,La Trétoire,77,CC des Deux Morin,Dermatologues,1.17,2.14,-45.2
77473,Treuzy-Levelay,77,CC Moret Seine et Loing,Dermatologues,1.17,2.14,-45.2
77474,Trilbardou,77,CA du Pays de Meaux,Dermatologues,1.17,2.14,-45.2
77475,Trilport,77,CA du Pays de Meaux,Dermatologues,1.17,2.14,-45.2
77476,Trocy-en-Multien,77,CC du Pays de l'Ourcq,Dermatologues,1.17,2.14,-45.2
77477,Ury,77,CA du Pays de Fontainebleau,Dermatologues,1.17,2.14,-45.2
77478,Ussy-sur-Marne,77,CA Coulommiers Pays de Brie,Dermatologues,1.17,2.14,-45.2
77479,Vaires-sur-Marne,77,CA Paris - Vallée de la Marne,Dermatologues,1.17,2.14,-45.2
77480,Valence-en-Brie,77,CC Brie des Rivières et Châteaux,Dermatologues,1.17,2.14,-45.2
77481,Vanvillé,77,CC Brie Nangissienne,Dermatologues,1.17,2.14,-45.2
77482,Varennes-sur-Seine,77,CC Pays de Montereau,Dermatologues,1.17,2.14,-45.2
77483,Varreddes,77,CA du Pays de Meaux,Dermatologues,1.17,2.14,-45.2
77484,Vaucourtois,77,CA Coulommiers Pays de Brie,Dermatologues,1.17,2.14,-45.2
77485,Le Vaudoué,77,CA du Pays de Fontainebleau,Dermatologues,1.17,2.14,-45.2
77486,Vaudoy-en-Brie,77,CC Val Briard,Dermatologues,1.17,2.14,-45.2
77487,Vaux-le-Pénil,77,CA Melun Val de Seine,Dermatologues,1.17,2.14,-45.2
77489,Vaux-sur-Lunain,77,CC Gâtinais Val de Loing,Dermatologues,1.17,2.14,-45.2
77490,Vendrest,77,CC du Pays de l'Ourcq,Dermatologues,1.17,2.14,-45.2
77492,Verdelot,77,CC des Deux Morin,Dermatologues,1.17,2.14,-45.2
77493,Verneuil-l'Étang,77,CC Brie Nangissienne,Dermatologues,1.17,2.14,-45.2
77494,Vernou-la-Celle-sur-Seine,77,CC Moret Seine et Loing,Dermatologues,1.17,2.14,-45.2
77495,Vert-Saint-Denis,77,CA Grand Paris Sud Seine Essonne Sénart,Dermatologues,1.17,2.14,-45.2
77496,Vieux-Champagne,77,CC Brie Nangissienne,Dermatologues,1.17,2.14,-45.2
77498,Vignely,77,CA du Pays de Meaux,Dermatologues,1.17,2.14,-45.2
77500,Villebéon,77,CC Gâtinais Val de Loing,Dermatologues,1.17,2.14,-45.2
77501,Villecerf,77,CC Moret Seine et Loing,Dermatologues,1.17,2.14,-45.2
77504,Villemaréchal,77,CC Moret Seine et Loing,Dermatologues,1.17,2.14,-45.2
77505,Villemareuil,77,CA du Pays de Meaux,Dermatologues,1.17,2.14,-45.2
77506,Villemer,77,CC Moret Seine et Loing,Dermatologues,1.17,2.14,-45.2
77507,Villenauxe-la-Petite,77,CC Bassée-Montois,Dermatologues,1.17,2.14,-45.2
77508,Villeneuve-le-Comte,77,CA Val d'Europe Agglomération,Dermatologues,1.17,2.14,-45.2
77509,Villeneuve-les-Bordes,77,CC Bassée-Montois,Dermatologues,1.17,2.14,-45.2
77510,Villeneuve-Saint-Denis,77,CA Val d'Europe Agglomération,Dermatologues,1.17,2.14,-45.2
77511,Villeneuve-sous-Dammartin,77,CA Roissy Pays de France,Dermatologues,1.17,2.14,-45.2
77512,Villeneuve-sur-Bellot,77,CC des Deux Morin,Dermatologues,1.17,2.14,-45.2
77513,Villenoy,77,CA du Pays de Meaux,Dermatologues,1.17,2.14,-45.2
77514,Villeparisis,77,CA Roissy Pays de France,Dermatologues,1.17,2.14,-45.2
77515,Villeroy,77,CC Plaines et Monts de France,Dermatologues,1.17,2.14,-45.2
77516,Ville-Saint-Jacques,77,CC Moret Seine et Loing,Dermatologues,1.17,2.14,-45.2
77517,Villevaudé,77,CC Plaines et Monts de France,Dermatologues,1.17,2.14,-45.2
77518,Villiers-en-Bière,77,CA Melun Val de Seine,Dermatologues,1.17,2.14,-45.2
77519,Villiers-Saint-Georges,77,CC du Provinois,Dermatologues,1.17,2.14,-45.2
77520,Villiers-sous-Grez,77,CC Pays de Nemours,Dermatologues,1.17,2.14,-45.2
77521,Villiers-sur-Morin,77,CA Coulommiers Pays de Brie,Dermatologues,1.17,2.14,-45.2
77522,Villiers-sur-Seine,77,CC Bassée-Montois,Dermatologues,1.17,2.14,-45.2
77523,Villuis,77,CC Bassée-Montois,Dermatologues,1.17,2.14,-45.2
77524,Vimpelles,77,CC Bassée-Montois,Dermatologues,1.17,2.14,-45.2
77525,Vinantes,77,CC Plaines et Monts de France,Dermatologues,1.17,2.14,-45.2
77526,Vincy-Manœuvre,77,CC du Pays de l'Ourcq,Dermatologues,1.17,2.14,-45.2
77527,Voinsles,77,CC Val Briard,Dermatologues,1.17,2.14,-45.2
77528,Voisenon,77,CA Melun Val de Seine,Dermatologues,1.17,2.14,-45.2
77529,Voulangis,77,CA Coulommiers Pays de Brie,Dermatologues,1.17,2.14,-45.2
77530,Voulton,77,CC du Provinois,Dermatologues,1.17,2.14,-45.2
77531,Voulx,77,CC Pays de Montereau,Dermatologues,1.17,2.14,-45.2
77532,Vulaines-lès-Provins,77,CC du Provinois,Dermatologues,1.17,2.14,-45.2
77533,Vulaines-sur-Seine,77,CA du Pays de Fontainebleau,Dermatologues,1.17,2.14,-45.2
77534,Yèbles,77,CC Brie des Rivières et Châteaux,Dermatologues,1.17,2.14,-45.2
78003,Ablis,78,CA Rambouillet Territoires,Dermatologues,3.2,2.14,49.7
78005,Achères,78,CU Grand Paris Seine et Oise,Dermatologues,3.2,2.14,49.7
78006,Adainville,78,CC du Pays Houdanais (CCPH),Dermatologues,3.2,2.14,49.7
78007,Aigremont,78,CA Saint Germain Boucles de Seine,Dermatologues,3.2,2.14,49.7
78009,Allainville,78,CA Rambouillet Territoires,Dermatologues,3.2,2.14,49.7
78010,Les Alluets-le-Roi,78,CU Grand Paris Seine et Oise,Dermatologues,3.2,2.14,49.7
78013,Andelu,78,CC Gally Mauldre,Dermatologues,3.2,2.14,49.7
78015,Andrésy,78,CU Grand Paris Seine et Oise,Dermatologues,3.2,2.14,49.7
78020,Arnouville-lès-Mantes,78,CU Grand Paris Seine et Oise,Dermatologues,3.2,2.14,49.7
78029,Aubergenville,78,CU Grand Paris Seine et Oise,Dermatologues,3.2,2.14,49.7
78030,Auffargis,78,CA Rambouillet Territoires,Dermatologues,3.2,2.14,49.7
78031,Auffreville-Brasseuil,78,CU Grand Paris Seine et Oise,Dermatologues,3.2,2.14,49.7
78033,Aulnay-sur-Mauldre,78,CU Grand Paris Seine et Oise,Dermatologues,3.2,2.14,49.7
78034,Auteuil,78,CC Coeur d'Yvelines,Dermatologues,3.2,2.14,49.7
78036,Autouillet,78,CC Coeur d'Yvelines,Dermatologues,3.2,2.14,49.7
78043,Bailly,78,CA Versailles Grand Parc (CAVGP),Dermatologues,3.2,2.14,49.7
78048,Bazainville,78,CC du Pays Houdanais (CCPH),Dermatologues,3.2,2.14,49.7
78049,Bazemont,78,CC Gally Mauldre,Dermatologues,3.2,2.14,49.7
78050,Bazoches-sur-Guyonne,78,CC Coeur d'Yvelines,Dermatologues,3.2,2.14,49.7
78053,Béhoust,78,CC Coeur d'Yvelines,Dermatologues,3.2,2.14,49.7
78057,Bennecourt,78,CC Les Portes de l'Ile de France,Dermatologues,3.2,2.14,49.7
78062,Beynes,78,CC Coeur d'Yvelines,Dermatologues,3.2,2.14,49.7
78068,Blaru,78,CC Les Portes de l'Ile de France,Dermatologues,3.2,2.14,49.7
78070,Boinville-en-Mantois,78,CU Grand Paris Seine et Oise,Dermatologues,3.2,2.14,49.7
78071,Boinville-le-Gaillard,78,CA Rambouillet Territoires,Dermatologues,3.2,2.14,49.7
78072,Boinvilliers,78,CC du Pays Houdanais (CCPH),Dermatologues,3.2,2.14,49.7
78073,Bois-d'Arcy,78,CA Versailles Grand Parc (CAVGP),Dermatologues,3.2,2.14,49.7
78076,Boissets,78,CC du Pays Houdanais (CCPH),Dermatologues,3.2,2.14,49.7
78077,La Boissière-École,78,CA Rambouillet Territoires,Dermatologues,3.2,2.14,49.7
78082,Boissy-Mauvoisin,78,CC Les Portes de l'Ile de France,Dermatologues,3.2,2.14,49.7
78084,Boissy-sans-Avoir,78,CC Coeur d'Yvelines,Dermatologues,3.2,2.14,49.7
78087,Bonnelles,78,CA Rambouillet Territoires,Dermatologues,3.2,2.14,49.7
78089,Bonnières-sur-Seine,78,CC Les Portes de l'Ile de France,Dermatologues,3.2,2.14,49.7
78090,Bouafle,78,CU Grand Paris Seine et Oise,Dermatologues,3.2,2.14,49.7
78092,Bougival,78,CA Versailles Grand Parc (CAVGP),Dermatologues,3.2,2.14,49.7
78096,Bourdonné,78,CC du Pays Houdanais (CCPH),Dermatologues,3.2,2.14,49.7
78104,Breuil-Bois-Robert,78,CU Grand Paris Seine et Oise,Dermatologues,3.2,2.14,49.7
78107,Bréval,78,CC Les Portes de l'Ile de France,Dermatologues,3.2,2.14,49.7
78108,Les Bréviaires,78,CA Rambouillet Territoires,Dermatologues,3.2,2.14,49.7
78113,Brueil-en-Vexin,78,CU Grand Paris Seine et Oise,Dermatologues,3.2,2.14,49.7
78117,Buc,78,CA Versailles Grand Parc (CAVGP),Dermatologues,3.2,2.14,49.7
78118,Buchelay,78,CU Grand Paris Seine et Oise,Dermatologues,3.2,2.14,49.7
78120,Bullion,78,CA Rambouillet Territoires,Dermatologues,3.2,2.14,49.7
78123,Carrières-sous-Poissy,78,CU Grand Paris Seine et Oise,Dermatologues,3.2,2.14,49.7
78124,Carrières-sur-Seine,78,CA Saint Germain Boucles de Seine,Dermatologues,3.2,2.14,49.7
78125,La Celle-les-Bordes,78,CA Rambouillet Territoires,Dermatologues,3.2,2.14,49.7
78126,La Celle-Saint-Cloud,78,CA Versailles Grand Parc (CAVGP),Dermatologues,3.2,2.14,49.7
78128,Cernay-la-Ville,78,CA Rambouillet Territoires,Dermatologues,3.2,2.14,49.7
78133,Chambourcy,78,CA Saint Germain Boucles de Seine,Dermatologues,3.2,2.14,49.7
78138,Chanteloup-les-Vignes,78,CU Grand Paris Seine et Oise,Dermatologues,3.2,2.14,49.7
78140,Chapet,78,CU Grand Paris Seine et Oise,Dermatologues,3.2,2.14,49.7
78143,Châteaufort,78,CA Versailles Grand Parc (CAVGP),Dermatologues,3.2,2.14,49.7
78146,Chatou,78,CA Saint Germain Boucles de Seine,Dermatologues,3.2,2.14,49.7
78147,Chaufour-lès-Bonnières,78,CC Les Portes de l'Ile de France,Dermatologues,3.2,2.14,49.7
78152,Chavenay,78,CC Gally Mauldre,Dermatologues,3.2,2.14,49.7
78158,Le Chesnay-Rocquencourt,78,CA Versailles Grand Parc (CAVGP),Dermatologues,3.2,2.14,49.7
78160,Chevreuse,78,CC de la Haute Vallée de Chevreuse,Dermatologues,3.2,2.14,49.7
78162,Choisel,78,CC de la Haute Vallée de Chevreuse,Dermatologues,3.2,2.14,49.7
78163,Civry-la-Forêt,78,CC du Pays Houdanais (CCPH),Dermatologues,3.2,2.14,49.7
78164,Clairefontaine-en-Yvelines,78,CA Rambouillet Territoires,Dermatologues,3.2,2.14,49.7
78165,Les Clayes-sous-Bois,78,CA de Saint Quentin en Yvelines,Dermatologues,3.2,2.14,49.7
78168,Coignières,78,CA de Saint Quentin en Yvelines,Dermatologues,3.2,2.14,49.7
78171,Condé-sur-Vesgre,78,CC du Pays Houdanais (CCPH),Dermatologues,3.2,2.14,49.7
78172,Conflans-Sainte-Honorine,78,CU Grand Paris Seine et Oise,Dermatologues,3.2,2.14,49.7
78185,Courgent,78,CC du Pays Houdanais (CCPH),Dermatologues,3.2,2.14,49.7
78188,Cravent,78,CC Les Portes de l'Ile de France,Dermatologues,3.2,2.14,49.7
78189,Crespières,78,CC Gally Mauldre,Dermatologues,3.2,2.14,49.7
78190,Croissy-sur-Seine,78,CA Saint Germain Boucles de Seine,Dermatologues,3.2,2.14,49.7
78192,Dammartin-en-Serve,78,CC du Pays Houdanais (CCPH),Dermatologues,3.2,2.14,49.7
78193,Dampierre-en-Yvelines,78,CC de la Haute Vallée de Chevreuse,Dermatologues,3.2,2.14,49.7
78194,Dannemarie,78,CC du Pays Houdanais (CCPH),Dermatologues,3.2,2.14,49.7
78196,Davron,78,CC Gally Mauldre,Dermatologues,3.2,2.14,49.7
78202,Drocourt,78,CU Grand Paris Seine et Oise,Dermatologues,3.2,2.14,49.7
78206,Ecquevilly,78,CU Grand Paris Seine et Oise,Dermatologues,3.2,2.14,49.7
78208,Élancourt,78,CA de Saint Quentin en Yvelines,Dermatologues,3.2,2.14,49.7
78209,Émancé,78,CA Rambouillet Territoires,Dermatologues,3.2,2.14,49.7
78217,Épône,78,CU Grand Paris Seine et Oise,Dermatologues,3.2,2.14,49.7
78220,Les Essarts-le-Roi,78,CA Rambouillet Territoires,Dermatologues,3.2,2.14,49.7
78224,L'Étang-la-Ville,78,CA Saint Germain Boucles de Seine,Dermatologues,3.2,2.14,49.7
78227,Évecquemont,78,CU Grand Paris Seine et Oise,Dermatologues,3.2,2.14,49.7
78230,La Falaise,78,CU Grand Paris Seine et Oise,Dermatologues,3.2,2.14,49.7
78231,Favrieux,78,CU Grand Paris Seine et Oise,Dermatologues,3.2,2.14,49.7
78233,Feucherolles,78,CC Gally Mauldre,Dermatologues,3.2,2.14,49.7
78234,Flacourt,78,CU Grand Paris Seine et Oise,Dermatologues,3.2,2.14,49.7
78236,Flexanville,78,CC Coeur d'Yvelines,Dermatologues,3.2,2.14,49.7
78237,Flins-Neuve-Église,78,CC du Pays Houdanais (CCPH),Dermatologues,3.2,2.14,49.7
78238,Flins-sur-Seine,78,CU Grand Paris Seine et Oise,Dermatologues,3.2,2.14,49.7
78239,Follainville-Dennemont,78,CU Grand Paris Seine et Oise,Dermatologues,3.2,2.14,49.7
78242,Fontenay-le-Fleury,78,CA Versailles Grand Parc (CAVGP),Dermatologues,3.2,2.14,49.7
78245,Fontenay-Mauvoisin,78,CU Grand Paris Seine et Oise,Dermatologues,3.2,2.14,49.7
78246,Fontenay-Saint-Père,78,CU Grand Paris Seine et Oise,Dermatologues,3.2,2.14,49.7
78255,Freneuse,78,CC Les Portes de l'Ile de France,Dermatologues,3.2,2.14,49.7
78261,Gaillon-sur-Montcient,78,CU Grand Paris Seine et Oise,Dermatologues,3.2,2.14,49.7
78262,Galluis,78,CC Coeur d'Yvelines,Dermatologues,3.2,2.14,49.7
78263,Gambais,78,CC Coeur d'Yvelines,Dermatologues,3.2,2.14,49.7
78264,Gambaiseuil,78,CA Rambouillet Territoires,Dermatologues,3.2,2.14,49.7
78265,Garancières,78,CC Coeur d'Yvelines,Dermatologues,3.2,2.14,49.7
78267,Gargenville,78,CU Grand Paris Seine et Oise,Dermatologues,3.2,2.14,49.7
78269,Gazeran,78,CA Rambouillet Territoires,Dermatologues,3.2,2.14,49.7
78276,Gommecourt,78,CC Les Portes de l'Ile de France,Dermatologues,3.2,2.14,49.7
78278,Goupillières,78,CC Coeur d'Yvelines,Dermatologues,3.2,2.14,49.7
78281,Goussonville,78,CU Grand Paris Seine et Oise,Dermatologues,3.2,2.14,49.7
78283,Grandchamp,78,CC du Pays Houdanais (CCPH),Dermatologues,3.2,2.14,49.7
78285,Gressey,78,CC du Pays Houdanais (CCPH),Dermatologues,3.2,2.14,49.7
78289,Grosrouvre,78,CC Coeur d'Yvelines,Dermatologues,3.2,2.14,49.7
78290,Guernes,78,CU Grand Paris Seine et Oise,Dermatologues,3.2,2.14,49.7
78291,Guerville,78,CU Grand Paris Seine et Oise,Dermatologues,3.2,2.14,49.7
78296,Guitrancourt,78,CU Grand Paris Seine et Oise,Dermatologues,3.2,2.14,49.7
78297,Guyancourt,78,CA de Saint Quentin en Yvelines,Dermatologues,3.2,2.14,49.7
78299,Hardricourt,78,CU Grand Paris Seine et Oise,Dermatologues,3.2,2.14,49.7
78300,Hargeville,78,CU Grand Paris Seine et Oise,Dermatologues,3.2,2.14,49.7
78302,La Hauteville,78,CC du Pays Houdanais (CCPH),Dermatologues,3.2,2.14,49.7
78305,Herbeville,78,CC Gally Mauldre,Dermatologues,3.2,2.14,49.7
78307,Hermeray,78,CA Rambouillet Territoires,Dermatologues,3.2,2.14,49.7
78310,Houdan,78,CC du Pays Houdanais (CCPH),Dermatologues,3.2,2.14,49.7
78311,Houilles,78,CA Saint Germain Boucles de Seine,Dermatologues,3.2,2.14,49.7
78314,Issou,78,CU Grand Paris Seine et Oise,Dermatologues,3.2,2.14,49.7
78317,Jambville,78,CU Grand Paris Seine et Oise,Dermatologues,3.2,2.14,49.7
78320,Notre-Dame-de-la-Mer,78,CC Les Portes de l'Ile de France,Dermatologues,3.2,2.14,49.7
78321,Jouars-Pontchartrain,78,CC Coeur d'Yvelines,Dermatologues,3.2,2.14,49.7
78322,Jouy-en-Josas,78,CA Versailles Grand Parc (CAVGP),Dermatologues,3.2,2.14,49.7
78324,Jouy-Mauvoisin,78,CU Grand Paris Seine et Oise,Dermatologues,3.2,2.14,49.7
78325,Jumeauville,78,CU Grand Paris Seine et Oise,Dermatologues,3.2,2.14,49.7
78327,Juziers,78,CU Grand Paris Seine et Oise,Dermatologues,3.2,2.14,49.7
78329,Lainville-en-Vexin,78,CU Grand Paris Seine et Oise,Dermatologues,3.2,2.14,49.7
78334,Lévis-Saint-Nom,78,CC de la Haute Vallée de Chevreuse,Dermatologues,3.2,2.14,49.7
78335,Limay,78,CU Grand Paris Seine et Oise,Dermatologues,3.2,2.14,49.7
78337,Limetz-Villez,78,CC Les Portes de l'Ile de France,Dermatologues,3.2,2.14,49.7
78343,Les Loges-en-Josas,78,CA Versailles Grand Parc (CAVGP),Dermatologues,3.2,2.14,49.7
78344,Lommoye,78,CC Les Portes de l'Ile de France,Dermatologues,3.2,2.14,49.7
78346,Longnes,78,CC du Pays Houdanais (CCPH),Dermatologues,3.2,2.14,49.7
78349,Longvilliers,78,CA Rambouillet Territoires,Dermatologues,3.2,2.14,49.7
78350,Louveciennes,78,CA Saint Germain Boucles de Seine,Dermatologues,3.2,2.14,49.7
78354,Magnanville,78,CU Grand Paris Seine et Oise,Dermatologues,3.2,2.14,49.7
78356,Magny-les-Hameaux,78,CA de Saint Quentin en Yvelines,Dermatologues,3.2,2.14,49.7
78358,Maisons-Laffitte,78,CA Saint Germain Boucles de Seine,Dermatologues,3.2,2.14,49.7
78361,Mantes-la-Jolie,78,CU Grand Paris Seine et Oise,Dermatologues,3.2,2.14,49.7
78362,Mantes-la-Ville,78,CU Grand Paris Seine et Oise,Dermatologues,3.2,2.14,49.7
78364,Marcq,78,CC Coeur d'Yvelines,Dermatologues,3.2,2.14,49.7
78366,Mareil-le-Guyon,78,CC Coeur d'Yvelines,Dermatologues,3.2,2.14,49.7
78367,Mareil-Marly,78,CA Saint Germain Boucles de Seine,Dermatologues,3.2,2.14,49.7
78368,Mareil-sur-Mauldre,78,CC Gally Mauldre,Dermatologues,3.2,2.14,49.7
78372,Marly-le-Roi,78,CA Saint Germain Boucles de Seine,Dermatologues,3.2,2.14,49.7
78380,Maule,78,CC Gally Mauldre,Dermatologues,3.2,2.14,49.7
78381,Maulette,78,CC du Pays Houdanais (CCPH),Dermatologues,3.2,2.14,49.7
78382,Maurecourt,78,CA de Cergy-Pontoise,Dermatologues,3.2,2.14,49.7
78383,Maurepas,78,CA de Saint Quentin en Yvelines,Dermatologues,3.2,2.14,49.7
78384,Médan,78,CU Grand Paris Seine et Oise,Dermatologues,3.2,2.14,49.7
78385,Ménerville,78,CC Les Portes de l'Ile de France,Dermatologues,3.2,2.14,49.7
78389,Méré,78,CC Coeur d'Yvelines,Dermatologues,3.2,2.14,49.7
78391,Méricourt,78,CU Grand Paris Seine et Oise,Dermatologues,3.2,2.14,49.7
78396,Le Mesnil-le-Roi,78,CA Saint Germain Boucles de Seine,Dermatologues,3.2,2.14,49.7
78397,Le Mesnil-Saint-Denis,78,CC de la Haute Vallée de Chevreuse,Dermatologues,3.2,2.14,49.7
78398,Les Mesnuls,78,CC Coeur d'Yvelines,Dermatologues,3.2,2.14,49.7
78401,Meulan-en-Yvelines,78,CU Grand Paris Seine et Oise,Dermatologues,3.2,2.14,49.7
78402,Mézières-sur-Seine,78,CU Grand Paris Seine et Oise,Dermatologues,3.2,2.14,49.7
78403,Mézy-sur-Seine,78,CU Grand Paris Seine et Oise,Dermatologues,3.2,2.14,49.7
78404,Millemont,78,CC Coeur d'Yvelines,Dermatologues,3.2,2.14,49.7
78406,Milon-la-Chapelle,78,CC de la Haute Vallée de Chevreuse,Dermatologues,3.2,2.14,49.7
78407,Mittainville,78,CA Rambouillet Territoires,Dermatologues,3.2,2.14,49.7
78410,Moisson,78,CC Les Portes de l'Ile de France,Dermatologues,3.2,2.14,49.7
78413,Mondreville,78,CC du Pays Houdanais (CCPH),Dermatologues,3.2,2.14,49.7
78415,Montainville,78,CC Gally Mauldre,Dermatologues,3.2,2.14,49.7
78416,Montalet-le-Bois,78,CU Grand Paris Seine et Oise,Dermatologues,3.2,2.14,49.7
78417,Montchauvet,78,CC du Pays Houdanais (CCPH),Dermatologues,3.2,2.14,49.7
78418,Montesson,78,CA Saint Germain Boucles de Seine,Dermatologues,3.2,2.14,49.7
78420,Montfort-l'Amaury,78,CC Coeur d'Yvelines,Dermatologues,3.2,2.14,49.7
78423,Montigny-le-Bretonneux,78,CA de Saint Quentin en Yvelines,Dermatologues,3.2,2.14,49.7
78431,Morainvilliers,78,CU Grand Paris Seine et Oise,Dermatologues,3.2,2.14,49.7
78437,Mousseaux-sur-Seine,78,CU Grand Paris Seine et Oise,Dermatologues,3.2,2.14,49.7
78439,Mulcent,78,CC du Pays Houdanais (CCPH),Dermatologues,3.2,2.14,49.7
78440,Les Mureaux,78,CU Grand Paris Seine et Oise,Dermatologues,3.2,2.14,49.7
78442,Neauphle-le-Château,78,CC Coeur d'Yvelines,Dermatologues,3.2,2.14,49.7
78443,Neauphle-le-Vieux,78,CC Coeur d'Yvelines,Dermatologues,3.2,2.14,49.7
78444,Neauphlette,78,CC Les Portes de l'Ile de France,Dermatologues,3.2,2.14,49.7
78451,Nézel,78,CU Grand Paris Seine et Oise,Dermatologues,3.2,2.14,49.7
78455,Noisy-le-Roi,78,CA Versailles Grand Parc (CAVGP),Dermatologues,3.2,2.14,49.7
78460,Oinville-sur-Montcient,78,CU Grand Paris Seine et Oise,Dermatologues,3.2,2.14,49.7
78464,Orcemont,78,CA Rambouillet Territoires,Dermatologues,3.2,2.14,49.7
78465,Orgerus,78,CC du Pays Houdanais (CCPH),Dermatologues,3.2,2.14,49.7
78466,Orgeval,78,CU Grand Paris Seine et Oise,Dermatologues,3.2,2.14,49.7
78470,Orphin,78,CA Rambouillet Territoires,Dermatologues,3.2,2.14,49.7
78472,Orsonville,78,CA Rambouillet Territoires,Dermatologues,3.2,2.14,49.7
78474,Orvilliers,78,CC du Pays Houdanais (CCPH),Dermatologues,3.2,2.14,49.7
78475,Osmoy,78,CC du Pays Houdanais (CCPH),Dermatologues,3.2,2.14,49.7
78478,Paray-Douaville,78,CA Rambouillet Territoires,Dermatologues,3.2,2.14,49.7
78481,Le Pecq,78,CA Saint Germain Boucles de Seine,Dermatologues,3.2,2.14,49.7
78484,Perdreauville,78,CU Grand Paris Seine et Oise,Dermatologues,3.2,2.14,49.7
78486,Le Perray-en-Yvelines,78,CA Rambouillet Territoires,Dermatologues,3.2,2.14,49.7
78490,Plaisir,78,CA de Saint Quentin en Yvelines,Dermatologues,3.2,2.14,49.7
78497,Poigny-la-Forêt,78,CA Rambouillet Territoires,Dermatologues,3.2,2.14,49.7
78498,Poissy,78,CU Grand Paris Seine et Oise,Dermatologues,3.2,2.14,49.7
78499,Ponthévrard,78,CA Rambouillet Territoires,Dermatologues,3.2,2.14,49.7
78501,Porcheville,78,CU Grand Paris Seine et Oise,Dermatologues,3.2,2.14,49.7
78502,Le Port-Marly,78,CA Saint Germain Boucles de Seine,Dermatologues,3.2,2.14,49.7
78505,Prunay-le-Temple,78,CC du Pays Houdanais (CCPH),Dermatologues,3.2,2.14,49.7
78506,Prunay-en-Yvelines,78,CA Rambouillet Territoires,Dermatologues,3.2,2.14,49.7
78513,La Queue-les-Yvelines,78,CC Coeur d'Yvelines,Dermatologues,3.2,2.14,49.7
78516,Raizeux,78,CA Rambouillet Territoires,Dermatologues,3.2,2.14,49.7
78517,Rambouillet,78,CA Rambouillet Territoires,Dermatologues,3.2,2.14,49.7
78518,Rennemoulin,78,CA Versailles Grand Parc (CAVGP),Dermatologues,3.2,2.14,49.7
78520,Richebourg,78,CC du Pays Houdanais (CCPH),Dermatologues,3.2,2.14,49.7
78522,Rochefort-en-Yvelines,78,CA Rambouillet Territoires,Dermatologues,3.2,2.14,49.7
78528,Rolleboise,78,CU Grand Paris Seine et Oise,Dermatologues,3.2,2.14,49.7
78530,Rosay,78,CC du Pays Houdanais (CCPH),Dermatologues,3.2,2.14,49.7
78531,Rosny-sur-Seine,78,CU Grand Paris Seine et Oise,Dermatologues,3.2,2.14,49.7
78536,Sailly,78,CU Grand Paris Seine et Oise,Dermatologues,3.2,2.14,49.7
78537,Saint-Arnoult-en-Yvelines,78,CA Rambouillet Territoires,Dermatologues,3.2,2.14,49.7
78545,Saint-Cyr-l'École,78,CA Versailles Grand Parc (CAVGP),Dermatologues,3.2,2.14,49.7
78548,Saint-Forget,78,CC de la Haute Vallée de Chevreuse,Dermatologues,3.2,2.14,49.7
78550,Saint-Germain-de-la-Grange,78,CC Coeur d'Yvelines,Dermatologues,3.2,2.14,49.7
78551,Saint-Germain-en-Laye,78,CA Saint Germain Boucles de Seine,Dermatologues,3.2,2.14,49.7
78557,Saint-Hilarion,78,CA Rambouillet Territoires,Dermatologues,3.2,2.14,49.7
78558,Saint-Illiers-la-Ville,78,CC Les Portes de l'Ile de France,Dermatologues,3.2,2.14,49.7
78559,Saint-Illiers-le-Bois,78,CC Les Portes de l'Ile de France,Dermatologues,3.2,2.14,49.7
78561,Saint-Lambert,78,CC de la Haute Vallée de Chevreuse,Dermatologues,3.2,2.14,49.7
78562,Saint-Léger-en-Yvelines,78,CA Rambouillet Territoires,Dermatologues,3.2,2.14,49.7
78564,Saint-Martin-de-Bréthencourt,78,CA Rambouillet Territoires,Dermatologues,3.2,2.14,49.7
78565,Saint-Martin-des-Champs,78,CC du Pays Houdanais (CCPH),Dermatologues,3.2,2.14,49.7
78567,Saint-Martin-la-Garenne,78,CU Grand Paris Seine et Oise,Dermatologues,3.2,2.14,49.7
78569,Sainte-Mesme,78,CA Rambouillet Territoires,Dermatologues,3.2,2.14,49.7
78571,Saint-Nom-la-Bretèche,78,CC Gally Mauldre,Dermatologues,3.2,2.14,49.7
78575,Saint-Rémy-lès-Chevreuse,78,CC de la Haute Vallée de Chevreuse,Dermatologues,3.2,2.14,49.7
78576,Saint-Rémy-l'Honoré,78,CC Coeur d'Yvelines,Dermatologues,3.2,2.14,49.7
78586,Sartrouville,78,CA Saint Germain Boucles de Seine,Dermatologues,3.2,2.14,49.7
78588,Saulx-Marchais,78,CC Coeur d'Yvelines,Dermatologues,3.2,2.14,49.7
78590,Senlisse,78,CC de la Haute Vallée de Chevreuse,Dermatologues,3.2,2.14,49.7
78591,Septeuil,78,CC du Pays Houdanais (CCPH),Dermatologues,3.2,2.14,49.7
78597,Soindres,78,CU Grand Paris Seine et Oise,Dermatologues,3.2,2.14,49.7
78601,Sonchamp,78,CA Rambouillet Territoires,Dermatologues,3.2,2.14,49.7
78605,Tacoignières,78,CC du Pays Houdanais (CCPH),Dermatologues,3.2,2.14,49.7
78606,Le Tartre-Gaudran,78,CC du Pays Houdanais (CCPH),Dermatologues,3.2,2.14,49.7
78608,Le Tertre-Saint-Denis,78,CU Grand Paris Seine et Oise,Dermatologues,3.2,2.14,49.7
78609,Tessancourt-sur-Aubette,78,CU Grand Paris Seine et Oise,Dermatologues,3.2,2.14,49.7
78615,Thiverval-Grignon,78,CC Coeur d'Yvelines,Dermatologues,3.2,2.14,49.7
78616,Thoiry,78,CC Coeur d'Yvelines,Dermatologues,3.2,2.14,49.7
78618,Tilly,78,CC du Pays Houdanais (CCPH),Dermatologues,3.2,2.14,49.7
78620,Toussus-le-Noble,78,CA Versailles Grand Parc (CAVGP),Dermatologues,3.2,2.14,49.7
78621,Trappes,78,CA de Saint Quentin en Yvelines,Dermatologues,3.2,2.14,49.7
78623,Le Tremblay-sur-Mauldre,78,CC Coeur d'Yvelines,Dermatologues,3.2,2.14,49.7
78624,Triel-sur-Seine,78,CU Grand Paris Seine et Oise,Dermatologues,3.2,2.14,49.7
78638,Vaux-sur-Seine,78,CU Grand Paris Seine et Oise,Dermatologues,3.2,2.14,49.7
78640,Vélizy-Villacoublay,78,CA Versailles Grand Parc (CAVGP),Dermatologues,3.2,2.14,49.7
78642,Verneuil-sur-Seine,78,CU Grand Paris Seine et Oise,Dermatologues,3.2,2.14,49.7
78643,Vernouillet,78,CU Grand Paris Seine et Oise,Dermatologues,3.2,2.14,49.7
78644,La Verrière,78,CA de Saint Quentin en Yvelines,Dermatologues,3.2,2.14,49.7
78646,Versailles,78,CA Versailles Grand Parc (CAVGP),Dermatologues,3.2,2.14,49.7
78647,Vert,78,CU Grand Paris Seine et Oise,Dermatologues,3.2,2.14,49.7
78650,Le Vésinet,78,CA Saint Germain Boucles de Seine,Dermatologues,3.2,2.14,49.7
78653,Vicq,78,CC Coeur d'Yvelines,Dermatologues,3.2,2.14,49.7
78655,Vieille-Église-en-Yvelines,78,CA Rambouillet Territoires,Dermatologues,3.2,2.14,49.7
78668,La Villeneuve-en-Chevrie,78,CC Les Portes de l'Ile de France,Dermatologues,3.2,2.14,49.7
78672,Villennes-sur-Seine,78,CU Grand Paris Seine et Oise,Dermatologues,3.2,2.14,49.7
78674,Villepreux,78,CA de Saint Quentin en Yvelines,Dermatologues,3.2,2.14,49.7
78677,Villette,78,CC du Pays Houdanais (CCPH),Dermatologues,3.2,2.14,49.7
78681,Villiers-le-Mahieu,78,CC Coeur d'Yvelines,Dermatologues,3.2,2.14,49.7
78683,Villiers-Saint-Frédéric,78,CC Coeur d'Yvelines,Dermatologues,3.2,2.14,49.7
78686,Viroflay,78,CA Versailles Grand Parc (CAVGP),Dermatologues,3.2,2.14,49.7
78688,Voisins-le-Bretonneux,78,CA de Saint Quentin en Yvelines,Dermatologues,3.2,2.14,49.7
91001,Abbéville-la-Rivière,91,CA Étampois Sud Essonne,Dermatologues,2.57,2.14,20.2
91016,Angerville,91,CA Étampois Sud Essonne,Dermatologues,2.57,2.14,20.2
91017,Angervilliers,91,CC du Pays de Limours (CCPL),Dermatologues,2.57,2.14,20.2
91021,Arpajon,91,CA Coeur d'Essonne Agglomération,Dermatologues,2.57,2.14,20.2
91022,Arrancourt,91,CA Étampois Sud Essonne,Dermatologues,2.57,2.14,20.2
91027,Athis-Mons,91,Métropole du Grand Paris,Dermatologues,2.57,2.14,20.2
91035,Authon-la-Plaine,91,CA Étampois Sud Essonne,Dermatologues,2.57,2.14,20.2
91037,Auvernaux,91,CC du Val d'Essonne (CCVE),Dermatologues,2.57,2.14,20.2
91038,Auvers-Saint-Georges,91,CC Entre Juine et Renarde (CCEJR),Dermatologues,2.57,2.14,20.2
91041,Avrainville,91,CA Coeur d'Essonne Agglomération,Dermatologues,2.57,2.14,20.2
91044,Ballainvilliers,91,CA Communauté Paris-Saclay,Dermatologues,2.57,2.14,20.2
91045,Ballancourt-sur-Essonne,91,CC du Val d'Essonne (CCVE),Dermatologues,2.57,2.14,20.2
91047,Baulne,91,CC du Val d'Essonne (CCVE),Dermatologues,2.57,2.14,20.2
91064,Bièvres,91,CA Versailles Grand Parc (CAVGP),Dermatologues,2.57,2.14,20.2
91067,Blandy,91,CA Étampois Sud Essonne,Dermatologues,2.57,2.14,20.2
91069,Boigneville,91,CC des 2 Vallées,Dermatologues,2.57,2.14,20.2
91075,Bois-Herpin,91,CA Étampois Sud Essonne,Dermatologues,2.57,2.14,20.2
91079,Boissy-la-Rivière,91,CA Étampois Sud Essonne,Dermatologues,2.57,2.14,20.2
91080,Boissy-le-Cutté,91,CC Entre Juine et Renarde (CCEJR),Dermatologues,2.57,2.14,20.2
91081,Boissy-le-Sec,91,CA Étampois Sud Essonne,Dermatologues,2.57,2.14,20.2
91085,Boissy-sous-Saint-Yon,91,CC Entre Juine et Renarde (CCEJR),Dermatologues,2.57,2.14,20.2
91086,Bondoufle,91,CA Grand Paris Sud Seine Essonne Sénart,Dermatologues,2.57,2.14,20.2
91093,Boullay-les-Troux,91,CC du Pays de Limours (CCPL),Dermatologues,2.57,2.14,20.2
91095,Bouray-sur-Juine,91,CC Entre Juine et Renarde (CCEJR),Dermatologues,2.57,2.14,20.2
91097,Boussy-Saint-Antoine,91,CA Val d'Yerres Val de Seine,Dermatologues,2.57,2.14,20.2
91098,Boutervilliers,91,CA Étampois Sud Essonne,Dermatologues,2.57,2.14,20.2
91099,Boutigny-sur-Essonne,91,CC des 2 Vallées,Dermatologues,2.57,2.14,20.2
91100,Bouville,91,CA Étampois Sud Essonne,Dermatologues,2.57,2.14,20.2
91103,Brétigny-sur-Orge,91,CA Coeur d'Essonne Agglomération,Dermatologues,2.57,2.14,20.2
91105,Breuillet,91,CA Coeur d'Essonne Agglomération,Dermatologues,2.57,2.14,20.2
91106,Breux-Jouy,91,CC le Dourdannais en Hurepoix (CCDH),Dermatologues,2.57,2.14,20.2
91109,Brières-les-Scellés,91,CA Étampois Sud Essonne,Dermatologues,2.57,2.14,20.2
91111,Briis-sous-Forges,91,CC du Pays de Limours (CCPL),Dermatologues,2.57,2.14,20.2
91112,Brouy,91,CA Étampois Sud Essonne,Dermatologues,2.57,2.14,20.2
91114,Brunoy,91,CA Val d'Yerres Val de Seine,Dermatologues,2.57,2.14,20.2
91115,Bruyères-le-Châtel,91,CA Coeur d'Essonne Agglomération,Dermatologues,2.57,2.14,20.2
91121,Buno-Bonnevaux,91,CC des 2 Vallées,Dermatologues,2.57,2.14,20.2
91122,Bures-sur-Yvette,91,CA Communauté Paris-Saclay,Dermatologues,2.57,2.14,20.2
91129,Cerny,91,CC du Val d'Essonne (CCVE),Dermatologues,2.57,2.14,20.2
91130,Chalo-Saint-Mars,91,CA Étampois Sud Essonne,Dermatologues,2.57,2.14,20.2
91131,Chalou-Moulineux,91,CA Étampois Sud Essonne,Dermatologues,2.57,2.14,20.2
91132,Chamarande,91,CC Entre Juine et Renarde (CCEJR),Dermatologues,2.57,2.14,20.2
91135,Champcueil,91,CC du Val d'Essonne (CCVE),Dermatologues,2.57,2.14,20.2
91136,Champlan,91,CA Communauté Paris-Saclay,Dermatologues,2.57,2.14,20.2
91137,Champmotteux,91,CA Étampois Sud Essonne,Dermatologues,2.57,2.14,20.2
91145,Chatignonville,91,CA Étampois Sud Essonne,Dermatologues,2.57,2.14,20.2
91148,Chauffour-lès-Étréchy,91,CC Entre Juine et Renarde (CCEJR),Dermatologues,2.57,2.14,20.2
91156,Cheptainville,91,CA Coeur d'Essonne Agglomération,Dermatologues,2.57,2.14,20.2
91159,Chevannes,91,CC du Val d'Essonne (CCVE),Dermatologues,2.57,2.14,20.2
91161,Chilly-Mazarin,91,CA Communauté Paris-Saclay,Dermatologues,2.57,2.14,20.2
91174,Corbeil-Essonnes,91,CA Grand Paris Sud Seine Essonne Sénart,Dermatologues,2.57,2.14,20.2
91175,Corbreuse,91,CC le Dourdannais en Hurepoix (CCDH),Dermatologues,2.57,2.14,20.2
91179,Le Coudray-Montceaux,91,CA Grand Paris Sud Seine Essonne Sénart,Dermatologues,2.57,2.14,20.2
91180,Courances,91,CC des 2 Vallées,Dermatologues,2.57,2.14,20.2
91184,Courdimanche-sur-Essonne,91,CC des 2 Vallées,Dermatologues,2.57,2.14,20.2
91186,Courson-Monteloup,91,CC du Pays de Limours (CCPL),Dermatologues,2.57,2.14,20.2
91191,Crosne,91,CA Val d'Yerres Val de Seine,Dermatologues,2.57,2.14,20.2
91195,Dannemois,91,CC des 2 Vallées,Dermatologues,2.57,2.14,20.2
91198,D'Huison-Longueville,91,CC du Val d'Essonne (CCVE),Dermatologues,2.57,2.14,20.2
91200,Dourdan,91,CC le Dourdannais en Hurepoix (CCDH),Dermatologues,2.57,2.14,20.2
91201,Draveil,91,CA Val d'Yerres Val de Seine,Dermatologues,2.57,2.14,20.2
91204,Écharcon,91,CC du Val d'Essonne (CCVE),Dermatologues,2.57,2.14,20.2
91207,Égly,91,CA Coeur d'Essonne Agglomération,Dermatologues,2.57,2.14,20.2
91215,Épinay-sous-Sénart,91,CA Val d'Yerres Val de Seine,Dermatologues,2.57,2.14,20.2
91216,Épinay-sur-Orge,91,CA Communauté Paris-Saclay,Dermatologues,2.57,2.14,20.2
91223,Étampes,91,CA Étampois Sud Essonne,Dermatologues,2.57,2.14,20.2
91225,Étiolles,91,CA Grand Paris Sud Seine Essonne Sénart,Dermatologues,2.57,2.14,20.2
91226,Étréchy,91,CC Entre Juine et Renarde (CCEJR),Dermatologues,2.57,2.14,20.2
91228,Évry-Courcouronnes,91,CA Grand Paris Sud Seine Essonne Sénart,Dermatologues,2.57,2.14,20.2
91232,La Ferté-Alais,91,CC du Val d'Essonne (CCVE),Dermatologues,2.57,2.14,20.2
91235,Fleury-Mérogis,91,CA Coeur d'Essonne Agglomération,Dermatologues,2.57,2.14,20.2
91240,Fontaine-la-Rivière,91,CA Étampois Sud Essonne,Dermatologues,2.57,2.14,20.2
91243,Fontenay-lès-Briis,91,CC du Pays de Limours (CCPL),Dermatologues,2.57,2.14,20.2
91244,Fontenay-le-Vicomte,91,CC du Val d'Essonne (CCVE),Dermatologues,2.57,2.14,20.2
91247,La Forêt-le-Roi,91,CC le Dourdannais en Hurepoix (CCDH),Dermatologues,2.57,2.14,20.2
91248,La Forêt-Sainte-Croix,91,CA Étampois Sud Essonne,Dermatologues,2.57,2.14,20.2
91249,Forges-les-Bains,91,CC du Pays de Limours (CCPL),Dermatologues,2.57,2.14,20.2
91272,Gif-sur-Yvette,91,CA Communauté Paris-Saclay,Dermatologues,2.57,2.14,20.2
91273,Gironville-sur-Essonne,91,CC des 2 Vallées,Dermatologues,2.57,2.14,20.2
91274,Gometz-la-Ville,91,CC du Pays de Limours (CCPL),Dermatologues,2.57,2.14,20.2
91275,Gometz-le-Châtel,91,CA Communauté Paris-Saclay,Dermatologues,2.57,2.14,20.2
91284,Les Granges-le-Roi,91,CC le Dourdannais en Hurepoix (CCDH),Dermatologues,2.57,2.14,20.2
91286,Grigny,91,CA Grand Paris Sud Seine Essonne Sénart,Dermatologues,2.57,2.14,20.2
91292,Guibeville,91,CA Coeur d'Essonne Agglomération,Dermatologues,2.57,2.14,20.2
91293,Guigneville-sur-Essonne,91,CC du Val d'Essonne (CCVE),Dermatologues,2.57,2.14,20.2
91294,Guillerval,91,CA Étampois Sud Essonne,Dermatologues,2.57,2.14,20.2
91312,Igny,91,CA Communauté Paris-Saclay,Dermatologues,2.57,2.14,20.2
91315,Itteville,91,CC du Val d'Essonne (CCVE),Dermatologues,2.57,2.14,20.2
91318,Janville-sur-Juine,91,CC Entre Juine et Renarde (CCEJR),Dermatologues,2.57,2.14,20.2
91319,Janvry,91,CC du Pays de Limours (CCPL),Dermatologues,2.57,2.14,20.2
91326,Juvisy-sur-Orge,91,Métropole du Grand Paris,Dermatologues,2.57,2.14,20.2
91330,Lardy,91,CC Entre Juine et Renarde (CCEJR),Dermatologues,2.57,2.14,20.2
91332,Leudeville,91,CC du Val d'Essonne (CCVE),Dermatologues,2.57,2.14,20.2
91333,Leuville-sur-Orge,91,CA Coeur d'Essonne Agglomération,Dermatologues,2.57,2.14,20.2
91338,Limours,91,CC du Pays de Limours (CCPL),Dermatologues,2.57,2.14,20.2
91339,Linas,91,CA Communauté Paris-Saclay,Dermatologues,2.57,2.14,20.2
91340,Lisses,91,CA Grand Paris Sud Seine Essonne Sénart,Dermatologues,2.57,2.14,20.2
91345,Longjumeau,91,CA Communauté Paris-Saclay,Dermatologues,2.57,2.14,20.2
91347,Longpont-sur-Orge,91,CA Coeur d'Essonne Agglomération,Dermatologues,2.57,2.14,20.2
91359,Maisse,91,CC des 2 Vallées,Dermatologues,2.57,2.14,20.2
91363,Marcoussis,91,CA Communauté Paris-Saclay,Dermatologues,2.57,2.14,20.2
91374,Marolles-en-Beauce,91,CA Étampois Sud Essonne,Dermatologues,2.57,2.14,20.2
91376,Marolles-en-Hurepoix,91,CA Coeur d'Essonne Agglomération,Dermatologues,2.57,2.14,20.2
91377,Massy,91,CA Communauté Paris-Saclay,Dermatologues,2.57,2.14,20.2
91378,Mauchamps,91,CC Entre Juine et Renarde (CCEJR),Dermatologues,2.57,2.14,20.2
91386,Mennecy,91,CC du Val d'Essonne (CCVE),Dermatologues,2.57,2.14,20.2
91390,Le Mérévillois,91,CA Étampois Sud Essonne,Dermatologues,2.57,2.14,20.2
91393,Mérobert,91,CA Étampois Sud Essonne,Dermatologues,2.57,2.14,20.2
91399,Mespuits,91,CA Étampois Sud Essonne,Dermatologues,2.57,2.14,20.2
91405,Milly-la-Forêt,91,CC des 2 Vallées,Dermatologues,2.57,2.14,20.2
91408,Moigny-sur-École,91,CC des 2 Vallées,Dermatologues,2.57,2.14,20.2
91411,Les Molières,91,CC du Pays de Limours (CCPL),Dermatologues,2.57,2.14,20.2
91412,Mondeville,91,CC des 2 Vallées,Dermatologues,2.57,2.14,20.2
91414,Monnerville,91,CA Étampois Sud Essonne,Dermatologues,2.57,2.14,20.2
91421,Montgeron,91,CA Val d'Yerres Val de Seine,Dermatologues,2.57,2.14,20.2
91425,Montlhéry,91,CA Communauté Paris-Saclay,Dermatologues,2.57,2.14,20.2
91432,Morangis,91,Métropole du Grand Paris,Dermatologues,2.57,2.14,20.2
91433,Morigny-Champigny,91,CA Étampois Sud Essonne,Dermatologues,2.57,2.14,20.2
91434,Morsang-sur-Orge,91,CA Coeur d'Essonne Agglomération,Dermatologues,2.57,2.14,20.2
91435,Morsang-sur-Seine,91,CA Grand Paris Sud Seine Essonne Sénart,Dermatologues,2.57,2.14,20.2
91441,Nainville-les-Roches,91,CC du Val d'Essonne (CCVE),Dermatologues,2.57,2.14,20.2
91457,La Norville,91,CA Coeur d'Essonne Agglomération,Dermatologues,2.57,2.14,20.2
91458,Nozay,91,CA Communauté Paris-Saclay,Dermatologues,2.57,2.14,20.2
91461,Ollainville,91,CA Coeur d'Essonne Agglomération,Dermatologues,2.57,2.14,20.2
91463,Oncy-sur-École,91,CC des 2 Vallées,Dermatologues,2.57,2.14,20.2
91468,Ormoy,91,CC du Val d'Essonne (CCVE),Dermatologues,2.57,2.14,20.2
91469,Ormoy-la-Rivière,91,CA Étampois Sud Essonne,Dermatologues,2.57,2.14,20.2
91471,Orsay,91,CA Communauté Paris-Saclay,Dermatologues,2.57,2.14,20.2
91473,Orveau,91,CC du Val d'Essonne (CCVE),Dermatologues,2.57,2.14,20.2
91477,Palaiseau,91,CA Communauté Paris-Saclay,Dermatologues,2.57,2.14,20.2
91479,Paray-Vieille-Poste,91,Métropole du Grand Paris,Dermatologues,2.57,2.14,20.2
91482,Pecqueuse,91,CC du Pays de Limours (CCPL),Dermatologues,2.57,2.14,20.2
91494,Le Plessis-Pâté,91,CA Coeur d'Essonne Agglomération,Dermatologues,2.57,2.14,20.2
91495,Plessis-Saint-Benoist,91,CA Étampois Sud Essonne,Dermatologues,2.57,2.14,20.2
91507,Prunay-sur-Essonne,91,CC des 2 Vallées,Dermatologues,2.57,2.14,20.2
91508,Puiselet-le-Marais,91,CA Étampois Sud Essonne,Dermatologues,2.57,2.14,20.2
91511,Pussay,91,CA Étampois Sud Essonne,Dermatologues,2.57,2.14,20.2
91514,Quincy-sous-Sénart,91,CA Val d'Yerres Val de Seine,Dermatologues,2.57,2.14,20.2
91519,Richarville,91,CC le Dourdannais en Hurepoix (CCDH),Dermatologues,2.57,2.14,20.2
91521,Ris-Orangis,91,CA Grand Paris Sud Seine Essonne Sénart,Dermatologues,2.57,2.14,20.2
91525,Roinville,91,CC le Dourdannais en Hurepoix (CCDH),Dermatologues,2.57,2.14,20.2
91526,Roinvilliers,91,CA Étampois Sud Essonne,Dermatologues,2.57,2.14,20.2
91533,Saclas,91,CA Étampois Sud Essonne,Dermatologues,2.57,2.14,20.2
91534,Saclay,91,CA Communauté Paris-Saclay,Dermatologues,2.57,2.14,20.2
91538,Saint-Aubin,91,CA Communauté Paris-Saclay,Dermatologues,2.57,2.14,20.2
91540,Saint-Chéron,91,CC le Dourdannais en Hurepoix (CCDH),Dermatologues,2.57,2.14,20.2
91544,Saint-Cyr-la-Rivière,91,CA Étampois Sud Essonne,Dermatologues,2.57,2.14,20.2
91546,Saint-Cyr-sous-Dourdan,91,CC le Dourdannais en Hurepoix (CCDH),Dermatologues,2.57,2.14,20.2
91547,Saint-Escobille,91,CA Étampois Sud Essonne,Dermatologues,2.57,2.14,20.2
91549,Sainte-Geneviève-des-Bois,91,CA Coeur d'Essonne Agglomération,Dermatologues,2.57,2.14,20.2
91552,Saint-Germain-lès-Arpajon,91,CA Coeur d'Essonne Agglomération,Dermatologues,2.57,2.14,20.2
91553,Saint-Germain-lès-Corbeil,91,CA Grand Paris Sud Seine Essonne Sénart,Dermatologues,2.57,2.14,20.2
91556,Saint-Hilaire,91,CA Étampois Sud Essonne,Dermatologues,2.57,2.14,20.2
91560,Saint-Jean-de-Beauregard,91,CC du Pays de Limours (CCPL),Dermatologues,2.57,2.14,20.2
91568,Saint-Maurice-Montcouronne,91,CC du Pays de Limours (CCPL),Dermatologues,2.57,2.14,20.2
91570,Saint-Michel-sur-Orge,91,CA Coeur d'Essonne Agglomération,Dermatologues,2.57,2.14,20.2
91573,Saint-Pierre-du-Perray,91,CA Grand Paris Sud Seine Essonne Sénart,Dermatologues,2.57,2.14,20.2
91577,Saintry-sur-Seine,91,CA Grand Paris Sud Seine Essonne Sénart,Dermatologues,2.57,2.14,20.2
91578,Saint-Sulpice-de-Favières,91,CC Entre Juine et Renarde (CCEJR),Dermatologues,2.57,2.14,20.2
91579,Saint-Vrain,91,CC du Val d'Essonne (CCVE),Dermatologues,2.57,2.14,20.2
91581,Saint-Yon,91,CC Entre Juine et Renarde (CCEJR),Dermatologues,2.57,2.14,20.2
91587,Saulx-les-Chartreux,91,CA Communauté Paris-Saclay,Dermatologues,2.57,2.14,20.2
91589,Savigny-sur-Orge,91,Métropole du Grand Paris,Dermatologues,2.57,2.14,20.2
91593,Sermaise,91,CC le Dourdannais en Hurepoix (CCDH),Dermatologues,2.57,2.14,20.2
91599,Soisy-sur-École,91,CC des 2 Vallées,Dermatologues,2.57,2.14,20.2
91600,Soisy-sur-Seine,91,CA Grand Paris Sud Seine Essonne Sénart,Dermatologues,2.57,2.14,20.2
91602,Souzy-la-Briche,91,CC Entre Juine et Renarde (CCEJR),Dermatologues,2.57,2.14,20.2
91613,Congerville-Thionville,91,CA Étampois Sud Essonne,Dermatologues,2.57,2.14,20.2
91617,Tigery,91,CA Grand Paris Sud Seine Essonne Sénart,Dermatologues,2.57,2.14,20.2
91619,Torfou,91,CC Entre Juine et Renarde (CCEJR),Dermatologues,2.57,2.14,20.2
91629,Valpuiseaux,91,CA Étampois Sud Essonne,Dermatologues,2.57,2.14,20.2
91630,Le Val-Saint-Germain,91,CC le Dourdannais en Hurepoix (CCDH),Dermatologues,2.57,2.14,20.2
91631,Varennes-Jarcy,91,CC l'Orée de la Brie,Dermatologues,2.57,2.14,20.2
91634,Vaugrigneuse,91,CC du Pays de Limours (CCPL),Dermatologues,2.57,2.14,20.2
91635,Vauhallan,91,CA Communauté Paris-Saclay,Dermatologues,2.57,2.14,20.2
91639,Vayres-sur-Essonne,91,CC du Val d'Essonne (CCVE),Dermatologues,2.57,2.14,20.2
91645,Verrières-le-Buisson,91,CA Communauté Paris-Saclay,Dermatologues,2.57,2.14,20.2
91648,Vert-le-Grand,91,CC du Val d'Essonne (CCVE),Dermatologues,2.57,2.14,20.2
91649,Vert-le-Petit,91,CC du Val d'Essonne (CCVE),Dermatologues,2.57,2.14,20.2
91654,Videlles,91,CC des 2 Vallées,Dermatologues,2.57,2.14,20.2
91657,Vigneux-sur-Seine,91,CA Val d'Yerres Val de Seine,Dermatologues,2.57,2.14,20.2
91659,Villabé,91,CA Grand Paris Sud Seine Essonne Sénart,Dermatologues,2.57,2.14,20.2
91661,Villebon-sur-Yvette,91,CA Communauté Paris-Saclay,Dermatologues,2.57,2.14,20.2
91662,Villeconin,91,CC Entre Juine et Renarde (CCEJR),Dermatologues,2.57,2.14,20.2
91665,La Ville-du-Bois,91,CA Communauté Paris-Saclay,Dermatologues,2.57,2.14,20.2
91666,Villejust,91,CA Communauté Paris-Saclay,Dermatologues,2.57,2.14,20.2
91667,Villemoisson-sur-Orge,91,CA Coeur d'Essonne Agglomération,Dermatologues,2.57,2.14,20.2
91671,Villeneuve-sur-Auvers,91,CC Entre Juine et Renarde (CCEJR),Dermatologues,2.57,2.14,20.2
91679,Villiers-le-Bâcle,91,CA Communauté Paris-Saclay,Dermatologues,2.57,2.14,20.2
91685,Villiers-sur-Orge,91,CA Coeur d'Essonne Agglomération,Dermatologues,2.57,2.14,20.2
91687,Viry-Châtillon,91,Métropole du Grand Paris,Dermatologues,2.57,2.14,20.2
91689,Wissous,91,CA Communauté Paris-Saclay,Dermatologues,2.57,2.14,20.2
91691,Yerres,91,CA Val d'Yerres Val de Seine,Dermatologues,2.57,2.14,20.2
91692,Les Ulis,91,CA Communauté Paris-Saclay,Dermatologues,2.57,2.14,20.2
92002,Antony,92,Métropole du Grand Paris,Dermatologues,6.25,2.14,192.8
92004,Asnières-sur-Seine,92,Métropole du Grand Paris,Dermatologues,6.25,2.14,192.8
92007,Bagneux,92,Métropole du Grand Paris,Dermatologues,6.25,2.14,192.8
92009,Bois-Colombes,92,Métropole du Grand Paris,Dermatologues,6.25,2.14,192.8
92012,Boulogne-Billancourt,92,Métropole du Grand Paris,Dermatologues,6.25,2.14,192.8
92014,Bourg-la-Reine,92,Métropole du Grand Paris,Dermatologues,6.25,2.14,192.8
92019,Châtenay-Malabry,92,Métropole du Grand Paris,Dermatologues,6.25,2.14,192.8
92020,Châtillon,92,Métropole du Grand Paris,Dermatologues,6.25,2.14,192.8
92022,Chaville,92,Métropole du Grand Paris,Dermatologues,6.25,2.14,192.8
92023,Clamart,92,Métropole du Grand Paris,Dermatologues,6.25,2.14,192.8
92024,Clichy,92,Métropole du Grand Paris,Dermatologues,6.25,2.14,192.8
92025,Colombes,92,Métropole du Grand Paris,Dermatologues,6.25,2.14,192.8
92026,Courbevoie,92,Métropole du Grand Paris,Dermatologues,6.25,2.14,192.8
92032,Fontenay-aux-Roses,92,Métropole du Grand Paris,Dermatologues,6.25,2.14,192.8
92033,Garches,92,Métropole du Grand Paris,Dermatologues,6.25,2.14,192.8
92035,La Garenne-Colombes,92,Métropole du Grand Paris,Dermatologues,6.25,2.14,192.8
92036,Gennevilliers,92,Métropole du Grand Paris,Dermatologues,6.25,2.14,192.8
92040,Issy-les-Moulineaux,92,Métropole du Grand Paris,Dermatologues,6.25,2.14,192.8
92044,Levallois-Perret,92,Métropole du Grand Paris,Dermatologues,6.25,2.14,192.8
92046,Malakoff,92,Métropole du Grand Paris,Dermatologues,6.25,2.14,192.8
92047,Marnes-la-Coquette,92,Métropole du Grand Paris,Dermatologues,6.25,2.14,192.8
92048,Meudon,92,Métropole du Grand Paris,Dermatologues,6.25,2.14,192.8
92049,Montrouge,92,Métropole du Grand Paris,Dermatologues,6.25,2.14,192.8
92050,Nanterre,92,Métropole du Grand Paris,Dermatologues,6.25,2.14,192.8
92051,Neuilly-sur-Seine,92,Métropole du Grand Paris,Dermatologues,6.25,2.14,192.8
92060,Le Plessis-Robinson,92,Métropole du Grand Paris,Dermatologues,6.25,2.14,192.8
92062,Puteaux,92,Métropole du Grand Paris,Dermatologues,6.25,2.14,192.8
92063,Rueil-Malmaison,92,Métropole du Grand Paris,Dermatologues,6.25,2.14,192.8
92064,Saint-Cloud,92,Métropole du Grand Paris,Dermatologues,6.25,2.14,192.8
92071,Sceaux,92,Métropole du Grand Paris,Dermatologues,6.25,2.14,192.8
92072,Sèvres,92,Métropole du Grand Paris,Dermatologues,6.25,2.14,192.8
92073,Suresnes,92,Métropole du Grand Paris,Dermatologues,6.25,2.14,192.8
92075,Vanves,92,Métropole du Grand Paris,Dermatologues,6.25,2.14,192.8
92076,Vaucresson,92,Métropole du Grand Paris,Dermatologues,6.25,2.14,192.8
92077,Ville-d'Avray,92,Métropole du Grand Paris,Dermatologues,6.25,2.14,192.8
92078,Villeneuve-la-Garenne,92,Métropole du Grand Paris,Dermatologues,6.25,2.14,192.8
93001,Aubervilliers,93,Métropole du Grand Paris,Dermatologues,1.13,2.14,-47.1
93005,Aulnay-sous-Bois,93,Métropole du Grand Paris,Dermatologues,1.13,2.14,-47.1
93006,Bagnolet,93,Métropole du Grand Paris,Dermatologues,1.13,2.14,-47.1
93007,Le Blanc-Mesnil,93,Métropole du Grand Paris,Dermatologues,1.13,2.14,-47.1
93008,Bobigny,93,Métropole du Grand Paris,Dermatologues,1.13,2.14,-47.1
93010,Bondy,93,Métropole du Grand Paris,Dermatologues,1.13,2.14,-47.1
93013,Le Bourget,93,Métropole du Grand Paris,Dermatologues,1.13,2.14,-47.1
93014,Clichy-sous-Bois,93,Métropole du Grand Paris,Dermatologues,1.13,2.14,-47.1
93015,Coubron,93,Métropole du Grand Paris,Dermatologues,1.13,2.14,-47.1
93027,La Courneuve,93,Métropole du Grand Paris,Dermatologues,1.13,2.14,-47.1
93029,Drancy,93,Métropole du Grand Paris,Dermatologues,1.13,2.14,-47.1
93030,Dugny,93,Métropole du Grand Paris,Dermatologues,1.13,2.14,-47.1
93031,Épinay-sur-Seine,93,Métropole du Grand Paris,Dermatologues,1.13,2.14,-47.1
93032,Gagny,93,Métropole du Grand Paris,Dermatologues,1.13,2.14,-47.1
93033,Gournay-sur-Marne,93,Métropole du Grand Paris,Dermatologues,1.13,2.14,-47.1
93039,L'Île-Saint-Denis,93,Métropole du Grand Paris,Dermatologues,1.13,2.14,-47.1
93045,Les Lilas,93,Métropole du Grand Paris,Dermatologues,1.13,2.14,-47.1
93046,Livry-Gargan,93,Métropole du Grand Paris,Dermatologues,1.13,2.14,-47.1
93047,Montfermeil,93,Métropole du Grand Paris,Dermatologues,1.13,2.14,-47.1
93048,Montreuil,93,Métropole du Grand Paris,Dermatologues,1.13,2.14,-47.1
93049,Neuilly-Plaisance,93,Métropole du Grand Paris,Dermatologues,1.13,2.14,-47.1
93050,Neuilly-sur-Marne,93,Métropole du Grand Paris,Dermatologues,1.13,2.14,-47.1
93051,Noisy-le-Grand,93,Métropole du Grand Paris,Dermatologues,1.13,2.14,-47.1
93053,Noisy-le-Sec,93,Métropole du Grand Paris,Dermatologues,1.13,2.14,-47.1
93055,Pantin,93,Métropole du Grand Paris,Dermatologues,1.13,2.14,-47.1
93057,Les Pavillons-sous-Bois,93,Métropole du Grand Paris,Dermatologues,1.13,2.14,-47.1
93061,Le Pré-Saint-Gervais,93,Métropole du Grand Paris,Dermatologues,1.13,2.14,-47.1
93062,Le Raincy,93,Métropole du Grand Paris,Dermatologues,1.13,2.14,-47.1
93063,Romainville,93,Métropole du Grand Paris,Dermatologues,1.13,2.14,-47.1
93064,Rosny-sous-Bois,93,Métropole du Grand Paris,Dermatologues,1.13,2.14,-47.1
93066,Saint-Denis,93,Métropole du Grand Paris,Dermatologues,1.13,2.14,-47.1
93070,Saint-Ouen-sur-Seine,93,Métropole du Grand Paris,Dermatologues,1.13,2.14,-47.1
93071,Sevran,93,Métropole du Grand Paris,Dermatologues,1.13,2.14,-47.1
93072,Stains,93,Métropole du Grand Paris,Dermatologues,1.13,2.14,-47.1
93073,Tremblay-en-France,93,Métropole du Grand Paris,Dermatologues,1.13,2.14,-47.1
93074,Vaujours,93,Métropole du Grand Paris,Dermatologues,1.13,2.14,-47.1
93077,Villemomble,93,Métropole du Grand Paris,Dermatologues,1.13,2.14,-47.1
93078,Villepinte,93,Métropole du Grand Paris,Dermatologues,1.13,2.14,-47.1
93079,Villetaneuse,93,Métropole du Grand Paris,Dermatologues,1.13,2.14,-47.1
94001,Ablon-sur-Seine,94,Métropole du Grand Paris,Dermatologues,3.59,2.14,68.3
94002,Alfortville,94,Métropole du Grand Paris,Dermatologues,3.59,2.14,68.3
94003,Arcueil,94,Métropole du Grand Paris,Dermatologues,3.59,2.14,68.3
94004,Boissy-Saint-Léger,94,Métropole du Grand Paris,Dermatologues,3.59,2.14,68.3
94011,Bonneuil-sur-Marne,94,Métropole du Grand Paris,Dermatologues,3.59,2.14,68.3
94015,Bry-sur-Marne,94,Métropole du Grand Paris,Dermatologues,3.59,2.14,68.3
94016,Cachan,94,Métropole du Grand Paris,Dermatologues,3.59,2.14,68.3
94017,Champigny-sur-Marne,94,Métropole du Grand Paris,Dermatologues,3.59,2.14,68.3
94018,Charenton-le-Pont,94,Métropole du Grand Paris,Dermatologues,3.59,2.14,68.3
94019,Chennevières-sur-Marne,94,Métropole du Grand Paris,Dermatologues,3.59,2.14,68.3
94021,Chevilly-Larue,94,Métropole du Grand Paris,Dermatologues,3.59,2.14,68.3
94022,Choisy-le-Roi,94,Métropole du Grand Paris,Dermatologues,3.59,2.14,68.3
94028,Créteil,94,Métropole du Grand Paris,Dermatologues,3.59,2.14,68.3
94033,Fontenay-sous-Bois,94,Métropole du Grand Paris,Dermatologues,3.59,2.14,68.3
94034,Fresnes,94,Métropole du Grand Paris,Dermatologues,3.59,2.14,68.3
94037,Gentilly,94,Métropole du Grand Paris,Dermatologues,3.59,2.14,68.3
94038,L'Haÿ-les-Roses,94,Métropole du Grand Paris,Dermatologues,3.59,2.14,68.3
94041,Ivry-sur-Seine,94,Métropole du Grand Paris,Dermatologues,3.59,2.14,68.3
94042,Joinville-le-Pont,94,Métropole du Grand Paris,Dermatologues,3.59,2.14,68.3
94043,Le Kremlin-Bicêtre,94,Métropole du Grand Paris,Dermatologues,3.59,2.14,68.3
94044,Limeil-Brévannes,94,Métropole du Grand Paris,Dermatologues,3.59,2.14,68.3
94046,Maisons-Alfort,94,Métropole du Grand Paris,Dermatologues,3.59,2.14,68.3
94047,Mandres-les-Roses,94,Métropole du Grand Paris,Dermatologues,3.59,2.14,68.3
94048,Marolles-en-Brie,94,Métropole du Grand Paris,Dermatologues,3.59,2.14,68.3
94052,Nogent-sur-Marne,94,Métropole du Grand Paris,Dermatologues,3.59,2.14,68.3
94053,Noiseau,94,Métropole du Grand Paris,Dermatologues,3.59,2.14,68.3
94054,Orly,94,Métropole du Grand Paris,Dermatologues,3.59,2.14,68.3
94055,Ormesson-sur-Marne,94,Métropole du Grand Paris,Dermatologues,3.59,2.14,68.3
94056,Périgny,94,Métropole du Grand Paris,Dermatologues,3.59,2.14,68.3
94058,Le Perreux-sur-Marne,94,Métropole du Grand Paris,Dermatologues,3.59,2.14,68.3
94059,Le Plessis-Trévise,94,Métropole du Grand Paris,Dermatologues,3.59,2.14,68.3
94060,La Queue-en-Brie,94,Métropole du Grand Paris,Dermatologues,3.59,2.14,68.3
94065,Rungis,94,Métropole du Grand Paris,Dermatologues,3.59,2.14,68.3
94067,Saint-Mandé,94,Métropole du Grand Paris,Dermatologues,3.59,2.14,68.3
94068,Saint-Maur-des-Fossés,94,Métropole du Grand Paris,Dermatologues,3.59,2.14,68.3
94069,Saint-Maurice,94,Métropole du Grand Paris,Dermatologues,3.59,2.14,68.3
94070,Santeny,94,Métropole du Grand Paris,Dermatologues,3.59,2.14,68.3
94071,Sucy-en-Brie,94,Métropole du Grand Paris,Dermatologues,3.59,2.14,68.3
94073,Thiais,94,Métropole du Grand Paris,Dermatologues,3.59,2.14,68.3
94074,Valenton,94,Métropole du Grand Paris,Dermatologues,3.59,2.14,68.3
94075,Villecresnes,94,Métropole du Grand Paris,Dermatologues,3.59,2.14,68.3
94076,Villejuif,94,Métropole du Grand Paris,Dermatologues,3.59,2.14,68.3
94077,Villeneuve-le-Roi,94,Métropole du Grand Paris,Dermatologues,3.59,2.14,68.3
94078,Villeneuve-Saint-Georges,94,Métropole du Grand Paris,Dermatologues,3.59,2.14,68.3
94079,Villiers-sur-Marne,94,Métropole du Grand Paris,Dermatologues,3.59,2.14,68.3
94080,Vincennes,94,Métropole du Grand Paris,Dermatologues,3.59,2.14,68.3
94081,Vitry-sur-Seine,94,Métropole du Grand Paris,Dermatologues,3.59,2.14,68.3
95002,Ableiges,95,CC Vexin Centre,Dermatologues,1.81,2.14,-15.2
95008,Aincourt,95,CC du Vexin-Val de Seine,Dermatologues,1.81,2.14,-15.2
95011,Ambleville,95,CC du Vexin-Val de Seine,Dermatologues,1.81,2.14,-15.2
95012,Amenucourt,95,CC du Vexin-Val de Seine,Dermatologues,1.81,2.14,-15.2
95014,Andilly,95,CA Plaine Vallée,Dermatologues,1.81,2.14,-15.2
95018,Argenteuil,95,Métropole du Grand Paris,Dermatologues,1.81,2.14,-15.2
95019,Arnouville,95,CA Roissy Pays de France,Dermatologues,1.81,2.14,-15.2
95023,Arronville,95,CC Sausseron Impressionnistes,Dermatologues,1.81,2.14,-15.2
95024,Arthies,95,CC du Vexin-Val de Seine,Dermatologues,1.81,2.14,-15.2
95026,Asnières-sur-Oise,95,CC Carnelle Pays-de-France,Dermatologues,1.81,2.14,-15.2
95028,Attainville,95,CA Plaine Vallée,Dermatologues,1.81,2.14,-15.2
95039,Auvers-sur-Oise,95,CC Sausseron Impressionnistes,Dermatologues,1.81,2.14,-15.2
95040,Avernes,95,CC Vexin Centre,Dermatologues,1.81,2.14,-15.2
95042,Baillet-en-France,95,CC Carnelle Pays-de-France,Dermatologues,1.81,2.14,-15.2
95046,Banthelu,95,CC du Vexin-Val de Seine,Dermatologues,1.81,2.14,-15.2
95051,Beauchamp,95,CA Val Parisis,Dermatologues,1.81,2.14,-15.2
95052,Beaumont-sur-Oise,95,CC du Haut Val d'Oise,Dermatologues,1.81,2.14,-15.2
95054,Le Bellay-en-Vexin,95,CC Vexin Centre,Dermatologues,1.81,2.14,-15.2
95055,Bellefontaine,95,CC Carnelle Pays-de-France,Dermatologues,1.81,2.14,-15.2
95056,Belloy-en-France,95,CC Carnelle Pays-de-France,Dermatologues,1.81,2.14,-15.2
95058,Bernes-sur-Oise,95,CC du Haut Val d'Oise,Dermatologues,1.81,2.14,-15.2
95059,Berville,95,CC Vexin Centre,Dermatologues,1.81,2.14,-15.2
95060,Bessancourt,95,CA Val Parisis,Dermatologues,1.81,2.14,-15.2
95061,Béthemont-la-Forêt,95,CC de la Vallée de l'Oise et des Trois Forêts,Dermatologues,1.81,2.14,-15.2
95063,Bezons,95,CA Saint Germain Boucles de Seine,Dermatologues,1.81,2.14,-15.2
95074,Boisemont,95,CA de Cergy-Pontoise,Dermatologues,1.81,2.14,-15.2
95078,Boissy-l'Aillerie,95,CC Vexin Centre,Dermatologues,1.81,2.14,-15.2
95088,Bonneuil-en-France,95,CA Roissy Pays de France,Dermatologues,1.81,2.14,-15.2
95091,Bouffémont,95,CA Plaine Vallée,Dermatologues,1.81,2.14,-15.2
95094,Bouqueval,95,CA Roissy Pays de France,Dermatologues,1.81,2.14,-15.2
95101,Bray-et-Lû,95,CC du Vexin-Val de Seine,Dermatologues,1.81,2.14,-15.2
95102,Bréançon,95,CC Vexin Centre,Dermatologues,1.81,2.14,-15.2
95110,Brignancourt,95,CC Vexin Centre,Dermatologues,1.81,2.14,-15.2
95116,Bruyères-sur-Oise,95,CC du Haut Val d'Oise,Dermatologues,1.81,2.14,-15.2
95119,Buhy,95,CC du Vexin-Val de Seine,Dermatologues,1.81,2.14,-15.2
95120,Butry-sur-Oise,95,CC Sausseron Impressionnistes,Dermatologues,1.81,2.14,-15.2
95127,Cergy,95,CA de Cergy-Pontoise,Dermatologues,1.81,2.14,-15.2
95134,Champagne-sur-Oise,95,CC du Haut Val d'Oise,Dermatologues,1.81,2.14,-15.2
95139,La Chapelle-en-Vexin,95,CC du Vexin-Val de Seine,Dermatologues,1.81,2.14,-15.2
95141,Charmont,95,CC du Vexin-Val de Seine,Dermatologues,1.81,2.14,-15.2
95142,Chars,95,CC Vexin Centre,Dermatologues,1.81,2.14,-15.2
95144,Châtenay-en-France,95,CC Carnelle Pays-de-France,Dermatologues,1.81,2.14,-15.2
95149,Chaumontel,95,CC Carnelle Pays-de-France,Dermatologues,1.81,2.14,-15.2
95150,Chaussy,95,CC du Vexin-Val de Seine,Dermatologues,1.81,2.14,-15.2
95151,Chauvry,95,CC de la Vallée de l'Oise et des Trois Forêts,Dermatologues,1.81,2.14,-15.2
95154,Chennevières-lès-Louvres,95,CA Roissy Pays de France,Dermatologues,1.81,2.14,-15.2
95157,Chérence,95,CC du Vexin-Val de Seine,Dermatologues,1.81,2.14,-15.2
95166,Cléry-en-Vexin,95,CC Vexin Centre,Dermatologues,1.81,2.14,-15.2
95169,Commeny,95,CC Vexin Centre,Dermatologues,1.81,2.14,-15.2
95170,Condécourt,95,CC Vexin Centre,Dermatologues,1.81,2.14,-15.2
95176,Cormeilles-en-Parisis,95,CA Val Parisis,Dermatologues,1.81,2.14,-15.2
95177,Cormeilles-en-Vexin,95,CC Vexin Centre,Dermatologues,1.81,2.14,-15.2
95181,Courcelles-sur-Viosne,95,CC Vexin Centre,Dermatologues,1.81,2.14,-15.2
95183,Courdimanche,95,CA de Cergy-Pontoise,Dermatologues,1.81,2.14,-15.2
95197,Deuil-la-Barre,95,CA Plaine Vallée,Dermatologues,1.81,2.14,-15.2
95199,Domont,95,CA Plaine Vallée,Dermatologues,1.81,2.14,-15.2
95203,Eaubonne,95,CA Val Parisis,Dermatologues,1.81,2.14,-15.2
95205,Écouen,95,CA Roissy Pays de France,Dermatologues,1.81,2.14,-15.2
95210,Enghien-les-Bains,95,CA Plaine Vallée,Dermatologues,1.81,2.14,-15.2
95211,Ennery,95,CC Sausseron Impressionnistes,Dermatologues,1.81,2.14,-15.2
95212,Épiais-lès-Louvres,95,CA Roissy Pays de France,Dermatologues,1.81,2.14,-15.2
95213,Épiais-Rhus,95,CC Sausseron Impressionnistes,Dermatologues,1.81,2.14,-15.2
95214,Épinay-Champlâtreux,95,CC Carnelle Pays-de-France,Dermatologues,1.81,2.14,-15.2
95218,Éragny-sur-Oise,95,CA de Cergy-Pontoise,Dermatologues,1.81,2.14,-15.2
95219,Ermont,95,CA Val Parisis,Dermatologues,1.81,2.14,-15.2
95229,Ézanville,95,CA Plaine Vallée,Dermatologues,1.81,2.14,-15.2
95241,Fontenay-en-Parisis,95,CA Roissy Pays de France,Dermatologues,1.81,2.14,-15.2
95250,Fosses,95,CA Roissy Pays de France,Dermatologues,1.81,2.14,-15.2
95252,Franconville,95,CA Val Parisis,Dermatologues,1.81,2.14,-15.2
95253,Frémainville,95,CC Vexin Centre,Dermatologues,1.81,2.14,-15.2
95254,Frémécourt,95,CC Vexin Centre,Dermatologues,1.81,2.14,-15.2
95256,Frépillon,95,CA Val Parisis,Dermatologues,1.81,2.14,-15.2
95257,La Frette-sur-Seine,95,CA Val Parisis,Dermatologues,1.81,2.14,-15.2
95258,Frouville,95,CC Sausseron Impressionnistes,Dermatologues,1.81,2.14,-15.2
95268,Garges-lès-Gonesse,95,CA Roissy Pays de France,Dermatologues,1.81,2.14,-15.2
95270,Genainville,95,CC du Vexin-Val de Seine,Dermatologues,1.81,2.14,-15.2
95271,Génicourt,95,CC Sausseron Impressionnistes,Dermatologues,1.81,2.14,-15.2
95277,Gonesse,95,CA Roissy Pays de France,Dermatologues,1.81,2.14,-15.2
95280,Goussainville,95,CA Roissy Pays de France,Dermatologues,1.81,2.14,-15.2
95287,Grisy-les-Plâtres,95,CC Vexin Centre,Dermatologues,1.81,2.14,-15.2
95288,Groslay,95,CA Plaine Vallée,Dermatologues,1.81,2.14,-15.2
95295,Guiry-en-Vexin,95,CC Vexin Centre,Dermatologues,1.81,2.14,-15.2
95298,Haravilliers,95,CC Vexin Centre,Dermatologues,1.81,2.14,-15.2
95301,Haute-Isle,95,CC du Vexin-Val de Seine,Dermatologues,1.81,2.14,-15.2
95303,Le Heaulme,95,CC Vexin Centre,Dermatologues,1.81,2.14,-15.2
95304,Hédouville,95,CC Sausseron Impressionnistes,Dermatologues,1.81,2.14,-15.2
95306,Herblay-sur-Seine,95,CA Val Parisis,Dermatologues,1.81,2.14,-15.2
95308,Hérouville-en-Vexin,95,CC Sausseron Impressionnistes,Dermatologues,1.81,2.14,-15.2
95309,Hodent,95,CC du Vexin-Val de Seine,Dermatologues,1.81,2.14,-15.2
95313,L'Isle-Adam,95,CC de la Vallée de l'Oise et des Trois Forêts,Dermatologues,1.81,2.14,-15.2
95316,Jagny-sous-Bois,95,CC Carnelle Pays-de-France,Dermatologues,1.81,2.14,-15.2
95323,Jouy-le-Moutier,95,CA de Cergy-Pontoise,Dermatologues,1.81,2.14,-15.2
95328,Labbeville,95,CC Sausseron Impressionnistes,Dermatologues,1.81,2.14,-15.2
95331,Lassy,95,CC Carnelle Pays-de-France,Dermatologues,1.81,2.14,-15.2
95341,Livilliers,95,CC Sausseron Impressionnistes,Dermatologues,1.81,2.14,-15.2
95348,Longuesse,95,CC Vexin Centre,Dermatologues,1.81,2.14,-15.2
95351,Louvres,95,CA Roissy Pays de France,Dermatologues,1.81,2.14,-15.2
95352,Luzarches,95,CC Carnelle Pays-de-France,Dermatologues,1.81,2.14,-15.2
95353,Maffliers,95,CC Carnelle Pays-de-France,Dermatologues,1.81,2.14,-15.2
95355,Magny-en-Vexin,95,CC du Vexin-Val de Seine,Dermatologues,1.81,2.14,-15.2
95365,Mareil-en-France,95,CC Carnelle Pays-de-France,Dermatologues,1.81,2.14,-15.2
95369,Margency,95,CA Plaine Vallée,Dermatologues,1.81,2.14,-15.2
95370,Marines,95,CC Vexin Centre,Dermatologues,1.81,2.14,-15.2
95371,Marly-la-Ville,95,CA Roissy Pays de France,Dermatologues,1.81,2.14,-15.2
95379,Maudétour-en-Vexin,95,CC du Vexin-Val de Seine,Dermatologues,1.81,2.14,-15.2
95387,Menouville,95,CC Sausseron Impressionnistes,Dermatologues,1.81,2.14,-15.2
95388,Menucourt,95,CA de Cergy-Pontoise,Dermatologues,1.81,2.14,-15.2
95392,Mériel,95,CC de la Vallée de l'Oise et des Trois Forêts,Dermatologues,1.81,2.14,-15.2
95394,Méry-sur-Oise,95,CC de la Vallée de l'Oise et des Trois Forêts,Dermatologues,1.81,2.14,-15.2
95395,Le Mesnil-Aubry,95,CA Roissy Pays de France,Dermatologues,1.81,2.14,-15.2
95409,Moisselles,95,CA Plaine Vallée,Dermatologues,1.81,2.14,-15.2
95422,Montgeroult,95,CC Vexin Centre,Dermatologues,1.81,2.14,-15.2
95424,Montigny-lès-Cormeilles,95,CA Val Parisis,Dermatologues,1.81,2.14,-15.2
95426,Montlignon,95,CA Plaine Vallée,Dermatologues,1.81,2.14,-15.2
95427,Montmagny,95,CA Plaine Vallée,Dermatologues,1.81,2.14,-15.2
95428,Montmorency,95,CA Plaine Vallée,Dermatologues,1.81,2.14,-15.2
95429,Montreuil-sur-Epte,95,CC du Vexin-Val de Seine,Dermatologues,1.81,2.14,-15.2
95430,Montsoult,95,CC Carnelle Pays-de-France,Dermatologues,1.81,2.14,-15.2
95436,Mours,95,CC du Haut Val d'Oise,Dermatologues,1.81,2.14,-15.2
95438,Moussy,95,CC Vexin Centre,Dermatologues,1.81,2.14,-15.2
95445,Nerville-la-Forêt,95,CC de la Vallée de l'Oise et des Trois Forêts,Dermatologues,1.81,2.14,-15.2
95446,Nesles-la-Vallée,95,CC Sausseron Impressionnistes,Dermatologues,1.81,2.14,-15.2
95447,Neuilly-en-Vexin,95,CC Vexin Centre,Dermatologues,1.81,2.14,-15.2
95450,Neuville-sur-Oise,95,CA de Cergy-Pontoise,Dermatologues,1.81,2.14,-15.2
95452,Nointel,95,CC du Haut Val d'Oise,Dermatologues,1.81,2.14,-15.2
95456,Noisy-sur-Oise,95,CC du Haut Val d'Oise,Dermatologues,1.81,2.14,-15.2
95459,Nucourt,95,CC Vexin Centre,Dermatologues,1.81,2.14,-15.2
95462,Omerville,95,CC du Vexin-Val de Seine,Dermatologues,1.81,2.14,-15.2
95476,Osny,95,CA de Cergy-Pontoise,Dermatologues,1.81,2.14,-15.2
95480,Parmain,95,CC de la Vallée de l'Oise et des Trois Forêts,Dermatologues,1.81,2.14,-15.2
95483,Le Perchay,95,CC Vexin Centre,Dermatologues,1.81,2.14,-15.2
95487,Persan,95,CC du Haut Val d'Oise,Dermatologues,1.81,2.14,-15.2
95488,Pierrelaye,95,CA Val Parisis,Dermatologues,1.81,2.14,-15.2
95489,Piscop,95,CA Plaine Vallée,Dermatologues,1.81,2.14,-15.2
95491,Le Plessis-Bouchard,95,CA Val Parisis,Dermatologues,1.81,2.14,-15.2
95492,Le Plessis-Gassot,95,CA Roissy Pays de France,Dermatologues,1.81,2.14,-15.2
95493,Le Plessis-Luzarches,95,CC Carnelle Pays-de-France,Dermatologues,1.81,2.14,-15.2
95500,Pontoise,95,CA de Cergy-Pontoise,Dermatologues,1.81,2.14,-15.2
95504,Presles,95,CC de la Vallée de l'Oise et des Trois Forêts,Dermatologues,1.81,2.14,-15.2
95509,Puiseux-en-France,95,CA Roissy Pays de France,Dermatologues,1.81,2.14,-15.2
95510,Puiseux-Pontoise,95,CA de Cergy-Pontoise,Dermatologues,1.81,2.14,-15.2
95523,La Roche-Guyon,95,CC du Vexin-Val de Seine,Dermatologues,1.81,2.14,-15.2
95527,Roissy-en-France,95,CA Roissy Pays de France,Dermatologues,1.81,2.14,-15.2
95529,Ronquerolles,95,CC du Haut Val d'Oise,Dermatologues,1.81,2.14,-15.2
95535,Sagy,95,CC Vexin Centre,Dermatologues,1.81,2.14,-15.2
95539,Saint-Brice-sous-Forêt,95,CA Plaine Vallée,Dermatologues,1.81,2.14,-15.2
95541,Saint-Clair-sur-Epte,95,CC du Vexin-Val de Seine,Dermatologues,1.81,2.14,-15.2
95543,Saint-Cyr-en-Arthies,95,CC du Vexin-Val de Seine,Dermatologues,1.81,2.14,-15.2
95554,Saint-Gervais,95,CC du Vexin-Val de Seine,Dermatologues,1.81,2.14,-15.2
95555,Saint-Gratien,95,CA Plaine Vallée,Dermatologues,1.81,2.14,-15.2
95563,Saint-Leu-la-Forêt,95,CA Val Parisis,Dermatologues,1.81,2.14,-15.2
95566,Saint-Martin-du-Tertre,95,CC Carnelle Pays-de-France,Dermatologues,1.81,2.14,-15.2
95572,Saint-Ouen-l'Aumône,95,CA de Cergy-Pontoise,Dermatologues,1.81,2.14,-15.2
95574,Saint-Prix,95,CA Plaine Vallée,Dermatologues,1.81,2.14,-15.2
95580,Saint-Witz,95,CA Roissy Pays de France,Dermatologues,1.81,2.14,-15.2
95582,Sannois,95,CA Val Parisis,Dermatologues,1.81,2.14,-15.2
95584,Santeuil,95,CC Vexin Centre,Dermatologues,1.81,2.14,-15.2
95585,Sarcelles,95,CA Roissy Pays de France,Dermatologues,1.81,2.14,-15.2
95592,Seraincourt,95,CC Vexin Centre,Dermatologues,1.81,2.14,-15.2
95594,Seugy,95,CC Carnelle Pays-de-France,Dermatologues,1.81,2.14,-15.2
95598,Soisy-sous-Montmorency,95,CA Plaine Vallée,Dermatologues,1.81,2.14,-15.2
95604,Survilliers,95,CA Roissy Pays de France,Dermatologues,1.81,2.14,-15.2
95607,Taverny,95,CA Val Parisis,Dermatologues,1.81,2.14,-15.2
95610,Théméricourt,95,CC Vexin Centre,Dermatologues,1.81,2.14,-15.2
95611,Theuville,95,CC Vexin Centre,Dermatologues,1.81,2.14,-15.2
95612,Le Thillay,95,CA Roissy Pays de France,Dermatologues,1.81,2.14,-15.2
95625,Us,95,CC Vexin Centre,Dermatologues,1.81,2.14,-15.2
95627,Vallangoujard,95,CC Sausseron Impressionnistes,Dermatologues,1.81,2.14,-15.2
95628,Valmondois,95,CC Sausseron Impressionnistes,Dermatologues,1.81,2.14,-15.2
95633,Vaudherland,95,CA Roissy Pays de France,Dermatologues,1.81,2.14,-15.2
95637,Vauréal,95,CA de Cergy-Pontoise,Dermatologues,1.81,2.14,-15.2
95641,Vémars,95,CA Roissy Pays de France,Dermatologues,1.81,2.14,-15.2
95651,Vétheuil,95,CC du Vexin-Val de Seine,Dermatologues,1.81,2.14,-15.2
95652,Viarmes,95,CC Carnelle Pays-de-France,Dermatologues,1.81,2.14,-15.2
95656,Vienne-en-Arthies,95,CC du Vexin-Val de Seine,Dermatologues,1.81,2.14,-15.2
95658,Vigny,95,CC Vexin Centre,Dermatologues,1.81,2.14,-15.2
95660,Villaines-sous-Bois,95,CC Carnelle Pays-de-France,Dermatologues,1.81,2.14,-15.2
95675,Villeron,95,CA Roissy Pays de France,Dermatologues,1.81,2.14,-15.2
95676,Villers-en-Arthies,95,CC du Vexin-Val de Seine,Dermatologues,1.81,2.14,-15.2
95678,Villiers-Adam,95,CC de la Vallée de l'Oise et des Trois Forêts,Dermatologues,1.81,2.14,-15.2
95680,Villiers-le-Bel,95,CA Roissy Pays de France,Dermatologues,1.81,2.14,-15.2
95682,Villiers-le-Sec,95,CC Carnelle Pays-de-France,Dermatologues,1.81,2.14,-15.2
95690,Wy-dit-Joli-Village,95,CC du Vexin-Val de Seine,Dermatologues,1.81,2.14,-15.2
75056,Paris,75,Métropole du Grand Paris,Ophtalmologues,17.65,5.45,223.8
77001,Achères-la-Forêt,77,CA du Pays de Fontainebleau,Ophtalmologues,4.89,5.45,-10.3
77002,Amillis,77,CA Coulommiers Pays de Brie,Ophtalmologues,4.89,5.45,-10.3
77003,Amponville,77,CC Pays de Nemours,Ophtalmologues,4.89,5.45,-10.3
77004,Andrezel,77,CC Brie des Rivières et Châteaux,Ophtalmologues,4.89,5.45,-10.3
77005,Annet-sur-Marne,77,CC Plaines et Monts de France,Ophtalmologues,4.89,5.45,-10.3
77006,Arbonne-la-Forêt,77,CA du Pays de Fontainebleau,Ophtalmologues,4.89,5.45,-10.3
77007,Argentières,77,CC Brie des Rivières et Châteaux,Ophtalmologues,4.89,5.45,-10.3
77008,Armentières-en-Brie,77,CC du Pays de l'Ourcq,Ophtalmologues,4.89,5.45,-10.3
77009,Arville,77,CC Gâtinais Val de Loing,Ophtalmologues,4.89,5.45,-10.3
77010,Aubepierre-Ozouer-le-Repos,77,CC Brie Nangissienne,Ophtalmologues,4.89,5.45,-10.3
77011,Aufferville,77,CC Gâtinais Val de Loing,Ophtalmologues,4.89,5.45,-10.3
77012,Augers-en-Brie,77,CC du Provinois,Ophtalmologues,4.89,5.45,-10.3
77013,Aulnoy,77,CA Coulommiers Pays de Brie,Ophtalmologues,4.89,5.45,-10.3
77014,Avon,77,CA du Pays de Fontainebleau,Ophtalmologues,4.89,5.45,-10.3
77015,Baby,77,CC Bassée-Montois,Ophtalmologues,4.89,5.45,-10.3
77016,Bagneaux-sur-Loing,77,CC Pays de Nemours,Ophtalmologues,4.89,5.45,-10.3
77018,Bailly-Romainvilliers,77,CA Val d'Europe Agglomération,Ophtalmologues,4.89,5.45,-10.3
77019,Balloy,77,CC Bassée-Montois,Ophtalmologues,4.89,5.45,-10.3
77020,Bannost-Villegagnon,77,CC du Provinois,Ophtalmologues,4.89,5.45,-10.3
77021,Barbey,77,CC Pays de Montereau,Ophtalmologues,4.89,5.45,-10.3
77022,Barbizon,77,CA du Pays de Fontainebleau,Ophtalmologues,4.89,5.45,-10.3
77023,Barcy,77,CA du Pays de Meaux,Ophtalmologues,4.89,5.45,-10.3
77024,Bassevelle,77,CA Coulommiers Pays de Brie,Ophtalmologues,4.89,5.45,-10.3
77025,Bazoches-lès-Bray,77,CC Bassée-Montois,Ophtalmologues,4.89,5.45,-10.3
77026,Beauchery-Saint-Martin,77,CC du Provinois,Ophtalmologues,4.89,5.45,-10.3
77027,Beaumont-du-Gâtinais,77,CC Gâtinais Val de Loing,Ophtalmologues,4.89,5.45,-10.3
77029,Beauvoir,77,CC Brie des Rivières et Châteaux,Ophtalmologues,4.89,5.45,-10.3
77030,Bellot,77,CC des Deux Morin,Ophtalmologues,4.89,5.45,-10.3
77031,Bernay-Vilbert,77,CC Val Briard,Ophtalmologues,4.89,5.45,-10.3
77032,Beton-Bazoches,77,CC du Provinois,Ophtalmologues,4.89,5.45,-10.3
77033,Bezalles,77,CC du Provinois,Ophtalmologues,4.89,5.45,-10.3
77034,Blandy,77,CC Brie des Rivières et Châteaux,Ophtalmologues,4.89,5.45,-10.3
77035,Blennes,77,CC Pays de Montereau,Ophtalmologues,4.89,5.45,-10.3
77036,Boisdon,77,CC du Provinois,Ophtalmologues,4.89,5.45,-10.3
77037,Bois-le-Roi,77,CA du Pays de Fontainebleau,Ophtalmologues,4.89,5.45,-10.3
77038,Boissettes,77,CA Melun Val de Seine,Ophtalmologues,4.89,5.45,-10.3
77039,Boissise-la-Bertrand,77,CA Melun Val de Seine,Ophtalmologues,4.89,5.45,-10.3
77040,Boissise-le-Roi,77,CA Melun Val de Seine,Ophtalmologues,4.89,5.45,-10.3
77041,Boissy-aux-Cailles,77,CA du Pays de Fontainebleau,Ophtalmologues,4.89,5.45,-10.3
77042,Boissy-le-Châtel,77,CA Coulommiers Pays de Brie,Ophtalmologues,4.89,5.45,-10.3
77043,Boitron,77,CC des Deux Morin,Ophtalmologues,4.89,5.45,-10.3
77044,Bombon,77,CC Brie des Rivières et Châteaux,Ophtalmologues,4.89,5.45,-10.3
77045,Bougligny,77,CC Gâtinais Val de Loing,Ophtalmologues,4.89,5.45,-10.3
77046,Boulancourt,77,CC Pays de Nemours,Ophtalmologues,4.89,5.45,-10.3
77047,Bouleurs,77,CA Coulommiers Pays de Brie,Ophtalmologues,4.89,5.45,-10.3
77048,Bourron-Marlotte,77,CA du Pays de Fontainebleau,Ophtalmologues,4.89,5.45,-10.3
77049,Boutigny,77,CA du Pays de Meaux,Ophtalmologues,4.89,5.45,-10.3
77050,Bransles,77,CC Gâtinais Val de Loing,Ophtalmologues,4.89,5.45,-10.3
77051,Bray-sur-Seine,77,CC Bassée-Montois,Ophtalmologues,4.89,5.45,-10.3
77052,Bréau,77,CC Brie Nangissienne,Ophtalmologues,4.89,5.45,-10.3
77053,Brie-Comte-Robert,77,CC l'Orée de la Brie,Ophtalmologues,4.89,5.45,-10.3
77054,La Brosse-Montceaux,77,CC Pays de Montereau,Ophtalmologues,4.89,5.45,-10.3
77055,Brou-sur-Chantereine,77,CA Paris - Vallée de la Marne,Ophtalmologues,4.89,5.45,-10.3
77056,Burcy,77,CC Pays de Nemours,Ophtalmologues,4.89,5.45,-10.3
77057,Bussières,77,CA Coulommiers Pays de Brie,Ophtalmologues,4.89,5.45,-10.3
77058,Bussy-Saint-Georges,77,CA Marne et Gondoire,Ophtalmologues,4.89,5.45,-10.3
77059,Bussy-Saint-Martin,77,CA Marne et Gondoire,Ophtalmologues,4.89,5.45,-10.3
77060,Buthiers,77,CC Pays de Nemours,Ophtalmologues,4.89,5.45,-10.3
77061,Cannes-Écluse,77,CC Pays de Montereau,Ophtalmologues,4.89,5.45,-10.3
77062,Carnetin,77,CA Marne et Gondoire,Ophtalmologues,4.89,5.45,-10.3
77063,La Celle-sur-Morin,77,CA Coulommiers Pays de Brie,Ophtalmologues,4.89,5.45,-10.3
77065,Cély,77,CA du Pays de Fontainebleau,Ophtalmologues,4.89,5.45,-10.3
77066,Cerneux,77,CC du Provinois,Ophtalmologues,4.89,5.45,-10.3
77067,Cesson,77,CA Grand Paris Sud Seine Essonne Sénart,Ophtalmologues,4.89,5.45,-10.3
77068,Cessoy-en-Montois,77,CC Bassée-Montois,Ophtalmologues,4.89,5.45,-10.3
77069,Chailly-en-Bière,77,CA du Pays de Fontainebleau,Ophtalmologues,4.89,5.45,-10.3
77070,Chailly-en-Brie,77,CA Coulommiers Pays de Brie,Ophtalmologues,4.89,5.45,-10.3
77071,Chaintreaux,77,CC Gâtinais Val de Loing,Ophtalmologues,4.89,5.45,-10.3
77072,Chalautre-la-Grande,77,CC du Provinois,Ophtalmologues,4.89,5.45,-10.3
77073,Chalautre-la-Petite,77,CC du Provinois,Ophtalmologues,4.89,5.45,-10.3
77075,Chalifert,77,CA Marne et Gondoire,Ophtalmologues,4.89,5.45,-10.3
77076,Chalmaison,77,CC Bassée-Montois,Ophtalmologues,4.89,5.45,-10.3
77077,Chambry,77,CA du Pays de Meaux,Ophtalmologues,4.89,5.45,-10.3
77078,Chamigny,77,CA Coulommiers Pays de Brie,Ophtalmologues,4.89,5.45,-10.3
77079,Champagne-sur-Seine,77,CC Moret Seine et Loing,Ophtalmologues,4.89,5.45,-10.3
77080,Champcenest,77,CC du Provinois,Ophtalmologues,4.89,5.45,-10.3
77081,Champdeuil,77,CC Brie des Rivières et Châteaux,Ophtalmologues,4.89,5.45,-10.3
77082,Champeaux,77,CC Brie des Rivières et Châteaux,Ophtalmologues,4.89,5.45,-10.3
77083,Champs-sur-Marne,77,CA Paris - Vallée de la Marne,Ophtalmologues,4.89,5.45,-10.3
77084,Changis-sur-Marne,77,CA Coulommiers Pays de Brie,Ophtalmologues,4.89,5.45,-10.3
77085,Chanteloup-en-Brie,77,CA Marne et Gondoire,Ophtalmologues,4.89,5.45,-10.3
77086,La Chapelle-Gauthier,77,CC Brie Nangissienne,Ophtalmologues,4.89,5.45,-10.3
77087,La Chapelle-Iger,77,CC Val Briard,Ophtalmologues,4.89,5.45,-10.3
77088,La Chapelle-la-Reine,77,CA du Pays de Fontainebleau,Ophtalmologues,4.89,5.45,-10.3
77089,La Chapelle-Rablais,77,CC Brie Nangissienne,Ophtalmologues,4.89,5.45,-10.3
77090,La Chapelle-Saint-Sulpice,77,CC du Provinois,Ophtalmologues,4.89,5.45,-10.3
77091,Les Chapelles-Bourbon,77,CC Val Briard,Ophtalmologues,4.89,5.45,-10.3
77093,La Chapelle-Moutils,77,CC des Deux Morin,Ophtalmologues,4.89,5.45,-10.3
77094,Charmentray,77,CC Plaines et Monts de France,Ophtalmologues,4.89,5.45,-10.3
77095,Charny,77,CC Plaines et Monts de France,Ophtalmologues,4.89,5.45,-10.3
77096,Chartrettes,77,CA du Pays de Fontainebleau,Ophtalmologues,4.89,5.45,-10.3
77097,Chartronges,77,CC des Deux Morin,Ophtalmologues,4.89,5.45,-10.3
77098,Châteaubleau,77,CC Brie Nangissienne,Ophtalmologues,4.89,5.45,-10.3
77099,Château-Landon,77,CC Gâtinais Val de Loing,Ophtalmologues,4.89,5.45,-10.3
77100,Le Châtelet-en-Brie,77,CC Brie des Rivières et Châteaux,Ophtalmologues,4.89,5.45,-10.3
77101,Châtenay-sur-Seine,77,CC Bassée-Montois,Ophtalmologues,4.89,5.45,-10.3
77102,Châtenoy,77,CC Pays de Nemours,Ophtalmologues,4.89,5.45,-10.3
77103,Châtillon-la-Borde,77,CC Brie des Rivières et Châteaux,Ophtalmologues,4.89,5.45,-10.3
77104,Châtres,77,CC Val Briard,Ophtalmologues,4.89,5.45,-10.3
77106,Chauffry,77,CA Coulommiers Pays de Brie,Ophtalmologues,4.89,5.45,-10.3
77107,Chaumes-en-Brie,77,CC Brie des Rivières et Châteaux,Ophtalmologues,4.89,5.45,-10.3
77108,Chelles,77,CA Paris - Vallée de la Marne,Ophtalmologues,4.89,5.45,-10.3
77109,Chenoise-Cucharmoy,77,CC du Provinois,Ophtalmologues,4.89,5.45,-10.3
77110,Chenou,77,CC Gâtinais Val de Loing,Ophtalmologues,4.89,5.45,-10.3
77111,Chessy,77,CA Val d'Europe Agglomération,Ophtalmologues,4.89,5.45,-10.3
77112,Chevrainvilliers,77,CC Pays de Nemours,Ophtalmologues,4.89,5.45,-10.3
77113,Chevru,77,CA Coulommiers Pays de Brie,Ophtalmologues,4.89,5.45,-10.3
77114,Chevry-Cossigny,77,CC l'Orée de la Brie,Ophtalmologues,4.89,5.45,-10.3
77115,Chevry-en-Sereine,77,CC Pays de Montereau,Ophtalmologues,4.89,5.45,-10.3
77116,Choisy-en-Brie,77,CC des Deux Morin,Ophtalmologues,4.89,5.45,-10.3
77117,Citry,77,CA Coulommiers Pays de Brie,Ophtalmologues,4.89,5.45,-10.3
77118,Claye-Souilly,77,CA Roissy Pays de France,Ophtalmologues,4.89,5.45,-10.3
77119,Clos-Fontaine,77,CC Brie Nangissienne,Ophtalmologues,4.89,5.45,-10.3
77120,Cocherel,77,CC du Pays de l'Ourcq,Ophtalmologues,4.89,5.45,-10.3
77121,Collégien,77,CA Marne et Gondoire,Ophtalmologues,4.89,5.45,-10.3
77122,Combs-la-Ville,77,CA Grand Paris Sud Seine Essonne Sénart,Ophtalmologues,4.89,5.45,-10.3
77123,Compans,77,CA Roissy Pays de France,Ophtalmologues,4.89,5.45,-10.3
77124,Conches-sur-Gondoire,77,CA Marne et Gondoire,Ophtalmologues,4.89,5.45,-10.3
77125,Condé-Sainte-Libiaire,77,CA Coulommiers Pays de Brie,Ophtalmologues,4.89,5.45,-10.3
77126,Congis-sur-Thérouanne,77,CC du Pays de l'Ourcq,Ophtalmologues,4.89,5.45,-10.3
77127,Coubert,77,CC Brie des Rivières et Châteaux,Ophtalmologues,4.89,5.45,-10.3
77128,Couilly-Pont-aux-Dames,77,CA Coulommiers Pays de Brie,Ophtalmologues,4.89,5.45,-10.3
77129,Coulombs-en-Valois,77,CC du Pays de l'Ourcq,Ophtalmologues,4.89,5.45,-10.3
77130,Coulommes,77,CA Coulommiers Pays de Brie,Ophtalmologues,4.89,5.45,-10.3
77131,Coulommiers,77,CA Coulommiers Pays de Brie,Ophtalmologues,4.89,5.45,-10.3
77132,Coupvray,77,CA Val d'Europe Agglomération,Ophtalmologues,4.89,5.45,-10.3
77133,Courcelles-en-Bassée,77,CC Pays de Montereau,Ophtalmologues,4.89,5.45,-10.3
77134,Courchamp,77,CC du Provinois,Ophtalmologues,4.89,5.45,-10.3
77135,Courpalay,77,CC Val Briard,Ophtalmologues,4.89,5.45,-10.3
77136,Courquetaine,77,CC Brie des Rivières et Châteaux,Ophtalmologues,4.89,5.45,-10.3
77137,Courtacon,77,CC du Provinois,Ophtalmologues,4.89,5.45,-10.3
77138,Courtomer,77,CC Val Briard,Ophtalmologues,4.89,5.45,-10.3
77139,Courtry,77,CA Paris - Vallée de la Marne,Ophtalmologues,4.89,5.45,-10.3
77140,Coutençon,77,CC Bassée-Montois,Ophtalmologues,4.89,5.45,-10.3
77141,Coutevroult,77,CA Coulommiers Pays de Brie,Ophtalmologues,4.89,5.45,-10.3
77142,Crécy-la-Chapelle,77,CA Coulommiers Pays de Brie,Ophtalmologues,4.89,5.45,-10.3
77143,Crégy-lès-Meaux,77,CA du Pays de Meaux,Ophtalmologues,4.89,5.45,-10.3
77144,Crèvecœur-en-Brie,77,CC Val Briard,Ophtalmologues,4.89,5.45,-10.3
77145,Crisenoy,77,CC Brie des Rivières et Châteaux,Ophtalmologues,4.89,5.45,-10.3
77146,Croissy-Beaubourg,77,CA Paris - Vallée de la Marne,Ophtalmologues,4.89,5.45,-10.3
77147,La Croix-en-Brie,77,CC Brie Nangissienne,Ophtalmologues,4.89,5.45,-10.3
77148,Crouy-sur-Ourcq,77,CC du Pays de l'Ourcq,Ophtalmologues,4.89,5.45,-10.3
77150,Cuisy,77,CC Plaines et Monts de France,Ophtalmologues,4.89,5.45,-10.3
77151,Dagny,77,CA Coulommiers Pays de Brie,Ophtalmologues,4.89,5.45,-10.3
77152,Dammarie-les-Lys,77,CA Melun Val de Seine,Ophtalmologues,4.89,5.45,-10.3
77153,Dammartin-en-Goële,77,CA Roissy Pays de France,Ophtalmologues,4.89,5.45,-10.3
77154,Dammartin-sur-Tigeaux,77,CA Coulommiers Pays de Brie,Ophtalmologues,4.89,5.45,-10.3
77155,Dampmart,77,CA Marne et Gondoire,Ophtalmologues,4.89,5.45,-10.3
77156,Darvault,77,CC Pays de Nemours,Ophtalmologues,4.89,5.45,-10.3
77157,Dhuisy,77,CC du Pays de l'Ourcq,Ophtalmologues,4.89,5.45,-10.3
77158,Diant,77,CC Pays de Montereau,Ophtalmologues,4.89,5.45,-10.3
77159,Donnemarie-Dontilly,77,CC Bassée-Montois,Ophtalmologues,4.89,5.45,-10.3
77161,Dormelles,77,CC Moret Seine et Loing,Ophtalmologues,4.89,5.45,-10.3
77162,Doue,77,CC des Deux Morin,Ophtalmologues,4.89,5.45,-10.3
77163,Douy-la-Ramée,77,CC du Pays de l'Ourcq,Ophtalmologues,4.89,5.45,-10.3
77164,Échouboulains,77,CC Brie des Rivières et Châteaux,Ophtalmologues,4.89,5.45,-10.3
77165,Les Écrennes,77,CC Brie des Rivières et Châteaux,Ophtalmologues,4.89,5.45,-10.3
77167,Égligny,77,CC Bassée-Montois,Ophtalmologues,4.89,5.45,-10.3
77168,Égreville,77,CC Gâtinais Val de Loing,Ophtalmologues,4.89,5.45,-10.3
77169,Émerainville,77,CA Paris - Vallée de la Marne,Ophtalmologues,4.89,5.45,-10.3
77171,Esbly,77,CA Val d'Europe Agglomération,Ophtalmologues,4.89,5.45,-10.3
77172,Esmans,77,CC Pays de Montereau,Ophtalmologues,4.89,5.45,-10.3
77173,Étrépilly,77,CC du Pays de l'Ourcq,Ophtalmologues,4.89,5.45,-10.3
77174,Everly,77,CC Bassée-Montois,Ophtalmologues,4.89,5.45,-10.3
77175,Évry-Grégy-sur-Yerre,77,CC Brie des Rivières et Châteaux,Ophtalmologues,4.89,5.45,-10.3
77176,Faremoutiers,77,CA Coulommiers Pays de Brie,Ophtalmologues,4.89,5.45,-10.3
77177,Favières,77,CC Val Briard,Ophtalmologues,4.89,5.45,-10.3
77178,Faÿ-lès-Nemours,77,CC Pays de Nemours,Ophtalmologues,4.89,5.45,-10.3
77179,Féricy,77,CC Brie des Rivières et Châteaux,Ophtalmologues,4.89,5.45,-10.3
77180,Férolles-Attilly,77,CC Les Portes Briardes Entre Villes et Forêts,Ophtalmologues,4.89,5.45,-10.3
77181,Ferrières-en-Brie,77,CA Marne et Gondoire,Ophtalmologues,4.89,5.45,-10.3
77182,La Ferté-Gaucher,77,CC des Deux Morin,Ophtalmologues,4.89,5.45,-10.3
77183,La Ferté-sous-Jouarre,77,CA Coulommiers Pays de Brie,Ophtalmologues,4.89,5.45,-10.3
77184,Flagy,77,CC Moret Seine et Loing,Ophtalmologues,4.89,5.45,-10.3
77185,Fleury-en-Bière,77,CA du Pays de Fontainebleau,Ophtalmologues,4.89,5.45,-10.3
77186,Fontainebleau,77,CA du Pays de Fontainebleau,Ophtalmologues,4.89,5.45,-10.3
77187,Fontaine-Fourches,77,CC Bassée-Montois,Ophtalmologues,4.89,5.45,-10.3
77188,Fontaine-le-Port,77,CC Brie des Rivières et Châteaux,Ophtalmologues,4.89,5.45,-10.3
77190,Fontains,77,CC Brie Nangissienne,Ophtalmologues,4.89,5.45,-10.3
77191,Fontenailles,77,CC Brie Nangissienne,Ophtalmologues,4.89,5.45,-10.3
77192,Fontenay-Trésigny,77,CC Val Briard,Ophtalmologues,4.89,5.45,-10.3
77193,Forfry,77,CA du Pays de Meaux,Ophtalmologues,4.89,5.45,-10.3
77194,Forges,77,CC Pays de Montereau,Ophtalmologues,4.89,5.45,-10.3
77195,Fouju,77,CC Brie des Rivières et Châteaux,Ophtalmologues,4.89,5.45,-10.3
77196,Fresnes-sur-Marne,77,CC Plaines et Monts de France,Ophtalmologues,4.89,5.45,-10.3
77197,Frétoy,77,CC du Provinois,Ophtalmologues,4.89,5.45,-10.3
77198,Fromont,77,CC Pays de Nemours,Ophtalmologues,4.89,5.45,-10.3
77199,Fublaines,77,CA du Pays de Meaux,Ophtalmologues,4.89,5.45,-10.3
77200,Garentreville,77,CC Pays de Nemours,Ophtalmologues,4.89,5.45,-10.3
77201,Gastins,77,CC Brie Nangissienne,Ophtalmologues,4.89,5.45,-10.3
77202,La Genevraye,77,CC Moret Seine et Loing,Ophtalmologues,4.89,5.45,-10.3
77203,Germigny-l'Évêque,77,CA du Pays de Meaux,Ophtalmologues,4.89,5.45,-10.3
77204,Germigny-sous-Coulombs,77,CC du Pays de l'Ourcq,Ophtalmologues,4.89,5.45,-10.3
77205,Gesvres-le-Chapitre,77,CA du Pays de Meaux,Ophtalmologues,4.89,5.45,-10.3
77206,Giremoutiers,77,CA Coulommiers Pays de Brie,Ophtalmologues,4.89,5.45,-10.3
77207,Gironville,77,CC Gâtinais Val de Loing,Ophtalmologues,4.89,5.45,-10.3
77208,Gouaix,77,CC Bassée-Montois,Ophtalmologues,4.89,5.45,-10.3
77209,Gouvernes,77,CA Marne et Gondoire,Ophtalmologues,4.89,5.45,-10.3
77210,La Grande-Paroisse,77,CC Pays de Montereau,Ophtalmologues,4.89,5.45,-10.3
77211,Grandpuits-Bailly-Carrois,77,CC Brie Nangissienne,Ophtalmologues,4.89,5.45,-10.3
77212,Gravon,77,CC Bassée-Montois,Ophtalmologues,4.89,5.45,-10.3
77214,Gressy,77,CA Roissy Pays de France,Ophtalmologues,4.89,5.45,-10.3
77215,Gretz-Armainvilliers,77,CC Les Portes Briardes Entre Villes et Forêts,Ophtalmologues,4.89,5.45,-10.3
77216,Grez-sur-Loing,77,CC Pays de Nemours,Ophtalmologues,4.89,5.45,-10.3
77217,Grisy-Suisnes,77,CC Brie des Rivières et Châteaux,Ophtalmologues,4.89,5.45,-10.3
77218,Grisy-sur-Seine,77,CC Bassée-Montois,Ophtalmologues,4.89,5.45,-10.3
77219,Guérard,77,CA Coulommiers Pays de Brie,Ophtalmologues,4.89,5.45,-10.3
77220,Guercheville,77,CC Pays de Nemours,Ophtalmologues,4.89,5.45,-10.3
77221,Guermantes,77,CA Marne et Gondoire,Ophtalmologues,4.89,5.45,-10.3
77222,Guignes,77,CC Brie des Rivières et Châteaux,Ophtalmologues,4.89,5.45,-10.3
77223,Gurcy-le-Châtel,77,CC Bassée-Montois,Ophtalmologues,4.89,5.45,-10.3
77224,Hautefeuille,77,CA Coulommiers Pays de Brie,Ophtalmologues,4.89,5.45,-10.3
77225,La Haute-Maison,77,CA Coulommiers Pays de Brie,Ophtalmologues,4.89,5.45,-10.3
77226,Héricy,77,CA du Pays de Fontainebleau,Ophtalmologues,4.89,5.45,-10.3
77227,Hermé,77,CC Bassée-Montois,Ophtalmologues,4.89,5.45,-10.3
77228,Hondevilliers,77,CC des Deux Morin,Ophtalmologues,4.89,5.45,-10.3
77229,La Houssaye-en-Brie,77,CC Val Briard,Ophtalmologues,4.89,5.45,-10.3
77230,Ichy,77,CC Gâtinais Val de Loing,Ophtalmologues,4.89,5.45,-10.3
77231,Isles-les-Meldeuses,77,CC du Pays de l'Ourcq,Ophtalmologues,4.89,5.45,-10.3
77232,Isles-lès-Villenoy,77,CA du Pays de Meaux,Ophtalmologues,4.89,5.45,-10.3
77233,Iverny,77,CC Plaines et Monts de France,Ophtalmologues,4.89,5.45,-10.3
77234,Jablines,77,CA Marne et Gondoire,Ophtalmologues,4.89,5.45,-10.3
77235,Jaignes,77,CC du Pays de l'Ourcq,Ophtalmologues,4.89,5.45,-10.3
77236,Jaulnes,77,CC Bassée-Montois,Ophtalmologues,4.89,5.45,-10.3
77237,Jossigny,77,CA Marne et Gondoire,Ophtalmologues,4.89,5.45,-10.3
77238,Jouarre,77,CA Coulommiers Pays de Brie,Ophtalmologues,4.89,5.45,-10.3
77239,Jouy-le-Châtel,77,CC du Provinois,Ophtalmologues,4.89,5.45,-10.3
77240,Jouy-sur-Morin,77,CC des Deux Morin,Ophtalmologues,4.89,5.45,-10.3
77241,Juilly,77,CA Roissy Pays de France,Ophtalmologues,4.89,5.45,-10.3
77242,Jutigny,77,CC Bassée-Montois,Ophtalmologues,4.89,5.45,-10.3
77243,Lagny-sur-Marne,77,CA Marne et Gondoire,Ophtalmologues,4.89,5.45,-10.3
77244,Larchant,77,CC Pays de Nemours,Ophtalmologues,4.89,5.45,-10.3
77245,Laval-en-Brie,77,CC Pays de Montereau,Ophtalmologues,4.89,5.45,-10.3
77246,Léchelle,77,CC du Provinois,Ophtalmologues,4.89,5.45,-10.3
77247,Lescherolles,77,CC des Deux Morin,Ophtalmologues,4.89,5.45,-10.3
77248,Lesches,77,CA Marne et Gondoire,Ophtalmologues,4.89,5.45,-10.3
77249,Lésigny,77,CC Les Portes Briardes Entre Villes et Forêts,Ophtalmologues,4.89,5.45,-10.3
77250,Leudon-en-Brie,77,CC des Deux Morin,Ophtalmologues,4.89,5.45,-10.3
77251,Lieusaint,77,CA Grand Paris Sud Seine Essonne Sénart,Ophtalmologues,4.89,5.45,-10.3
77252,Limoges-Fourches,77,CA Melun Val de Seine,Ophtalmologues,4.89,5.45,-10.3
77253,Lissy,77,CA Melun Val de Seine,Ophtalmologues,4.89,5.45,-10.3
77254,Liverdy-en-Brie,77,CC Val Briard,Ophtalmologues,4.89,5.45,-10.3
77255,Livry-sur-Seine,77,CA Melun Val de Seine,Ophtalmologues,4.89,5.45,-10.3
77256,Lizines,77,CC Bassée-Montois,Ophtalmologues,4.89,5.45,-10.3
77257,Lizy-sur-Ourcq,77,CC du Pays de l'Ourcq,Ophtalmologues,4.89,5.45,-10.3
77258,Lognes,77,CA Paris - Vallée de la Marne,Ophtalmologues,4.89,5.45,-10.3
77259,Longperrier,77,CA Roissy Pays de France,Ophtalmologues,4.89,5.45,-10.3
77260,Longueville,77,CC du Provinois,Ophtalmologues,4.89,5.45,-10.3
77261,Lorrez-le-Bocage-Préaux,77,CC Gâtinais Val de Loing,Ophtalmologues,4.89,5.45,-10.3
77262,Louan-Villegruis-Fontaine,77,CC du Provinois,Ophtalmologues,4.89,5.45,-10.3
77263,Luisetaines,77,CC Bassée-Montois,Ophtalmologues,4.89,5.45,-10.3
77264,Lumigny-Nesles-Ormeaux,77,CC Val Briard,Ophtalmologues,4.89,5.45,-10.3
77265,Luzancy,77,CA Coulommiers Pays de Brie,Ophtalmologues,4.89,5.45,-10.3
77266,Machault,77,CC Brie des Rivières et Châteaux,Ophtalmologues,4.89,5.45,-10.3
77267,La Madeleine-sur-Loing,77,CC Gâtinais Val de Loing,Ophtalmologues,4.89,5.45,-10.3
77268,Magny-le-Hongre,77,CA Val d'Europe Agglomération,Ophtalmologues,4.89,5.45,-10.3
77269,Maincy,77,CA Melun Val de Seine,Ophtalmologues,4.89,5.45,-10.3
77270,Maisoncelles-en-Brie,77,CA Coulommiers Pays de Brie,Ophtalmologues,4.89,5.45,-10.3
77271,Maisoncelles-en-Gâtinais,77,CC Gâtinais Val de Loing,Ophtalmologues,4.89,5.45,-10.3
77272,Maison-Rouge,77,CC du Provinois,Ophtalmologues,4.89,5.45,-10.3
77273,Marchémoret,77,CC Plaines et Monts de France,Ophtalmologues,4.89,5.45,-10.3
77274,Marcilly,77,CC du Pays de l'Ourcq,Ophtalmologues,4.89,5.45,-10.3
77275,Les Marêts,77,CC du Provinois,Ophtalmologues,4.89,5.45,-10.3
77276,Mareuil-lès-Meaux,77,CA du Pays de Meaux,Ophtalmologues,4.89,5.45,-10.3
77277,Marles-en-Brie,77,CC Val Briard,Ophtalmologues,4.89,5.45,-10.3
77278,Marolles-en-Brie,77,CA Coulommiers Pays de Brie,Ophtalmologues,4.89,5.45,-10.3
77279,Marolles-sur-Seine,77,CC Pays de Montereau,Ophtalmologues,4.89,5.45,-10.3
77280,Mary-sur-Marne,77,CC du Pays de l'Ourcq,Ophtalmologues,4.89,5.45,-10.3
77281,Mauperthuis,77,CA Coulommiers Pays de Brie,Ophtalmologues,4.89,5.45,-10.3
77282,Mauregard,77,CA Roissy Pays de France,Ophtalmologues,4.89,5.45,-10.3
77283,May-en-Multien,77,CC du Pays de l'Ourcq,Ophtalmologues,4.89,5.45,-10.3
77284,Meaux,77,CA du Pays de Meaux,Ophtalmologues,4.89,5.45,-10.3
77285,Le Mée-sur-Seine,77,CA Melun Val de Seine,Ophtalmologues,4.89,5.45,-10.3
77286,Meigneux,77,CC Bassée-Montois,Ophtalmologues,4.89,5.45,-10.3
77287,Meilleray,77,CC des Deux Morin,Ophtalmologues,4.89,5.45,-10.3
77288,Melun,77,CA Melun Val de Seine,Ophtalmologues,4.89,5.45,-10.3
77289,Melz-sur-Seine,77,CC du Provinois,Ophtalmologues,4.89,5.45,-10.3
77290,Méry-sur-Marne,77,CA Coulommiers Pays de Brie,Ophtalmologues,4.89,5.45,-10.3
77291,Le Mesnil-Amelot,77,CA Roissy Pays de France,Ophtalmologues,4.89,5.45,-10.3
77292,Messy,77,CC Plaines et Monts de France,Ophtalmologues,4.89,5.45,-10.3
77293,Misy-sur-Yonne,77,CC Pays de Montereau,Ophtalmologues,4.89,5.45,-10.3
77294,Mitry-Mory,77,CA Roissy Pays de France,Ophtalmologues,4.89,5.45,-10.3
77295,Moisenay,77,CC Brie des Rivières et Châteaux,Ophtalmologues,4.89,5.45,-10.3
77296,Moissy-Cramayel,77,CA Grand Paris Sud Seine Essonne Sénart,Ophtalmologues,4.89,5.45,-10.3
77297,Mondreville,77,CC Gâtinais Val de Loing,Ophtalmologues,4.89,5.45,-10.3
77298,Mons-en-Montois,77,CC Bassée-Montois,Ophtalmologues,4.89,5.45,-10.3
77300,Montceaux-lès-Meaux,77,CA du Pays de Meaux,Ophtalmologues,4.89,5.45,-10.3
77301,Montceaux-lès-Provins,77,CC du Provinois,Ophtalmologues,4.89,5.45,-10.3
77302,Moncourt-Fromonville,77,CC Pays de Nemours,Ophtalmologues,4.89,5.45,-10.3
77303,Montdauphin,77,CC des Deux Morin,Ophtalmologues,4.89,5.45,-10.3
77304,Montenils,77,CC des Deux Morin,Ophtalmologues,4.89,5.45,-10.3
77305,Montereau-Fault-Yonne,77,CC Pays de Montereau,Ophtalmologues,4.89,5.45,-10.3
77306,Montereau-sur-le-Jard,77,CA Melun Val de Seine,Ophtalmologues,4.89,5.45,-10.3
77307,Montévrain,77,CA Marne et Gondoire,Ophtalmologues,4.89,5.45,-10.3
77308,Montgé-en-Goële,77,CC Plaines et Monts de France,Ophtalmologues,4.89,5.45,-10.3
77309,Monthyon,77,CA du Pays de Meaux,Ophtalmologues,4.89,5.45,-10.3
77310,Montigny-le-Guesdier,77,CC Bassée-Montois,Ophtalmologues,4.89,5.45,-10.3
77311,Montigny-Lencoup,77,CC Bassée-Montois,Ophtalmologues,4.89,5.45,-10.3
77312,Montigny-sur-Loing,77,CC Moret Seine et Loing,Ophtalmologues,4.89,5.45,-10.3
77313,Montmachoux,77,CC Pays de Montereau,Ophtalmologues,4.89,5.45,-10.3
77314,Montolivet,77,CC des Deux Morin,Ophtalmologues,4.89,5.45,-10.3
77315,Montry,77,CA Val d'Europe Agglomération,Ophtalmologues,4.89,5.45,-10.3
77316,Moret-Loing-et-Orvanne,77,CC Moret Seine et Loing,Ophtalmologues,4.89,5.45,-10.3
77317,Mormant,77,CC Brie Nangissienne,Ophtalmologues,4.89,5.45,-10.3
77318,Mortcerf,77,CC Val Briard,Ophtalmologues,4.89,5.45,-10.3
77319,Mortery,77,CC du Provinois,Ophtalmologues,4.89,5.45,-10.3
77320,Mouroux,77,CA Coulommiers Pays de Brie,Ophtalmologues,4.89,5.45,-10.3
77321,Mousseaux-lès-Bray,77,CC Bassée-Montois,Ophtalmologues,4.89,5.45,-10.3
77322,Moussy-le-Neuf,77,CA Roissy Pays de France,Ophtalmologues,4.89,5.45,-10.3
77323,Moussy-le-Vieux,77,CA Roissy Pays de France,Ophtalmologues,4.89,5.45,-10.3
77325,Mouy-sur-Seine,77,CC Bassée-Montois,Ophtalmologues,4.89,5.45,-10.3
77326,Nandy,77,CA Grand Paris Sud Seine Essonne Sénart,Ophtalmologues,4.89,5.45,-10.3
77327,Nangis,77,CC Brie Nangissienne,Ophtalmologues,4.89,5.45,-10.3
77328,Nanteau-sur-Essonne,77,CC Pays de Nemours,Ophtalmologues,4.89,5.45,-10.3
77329,Nanteau-sur-Lunain,77,CC Moret Seine et Loing,Ophtalmologues,4.89,5.45,-10.3
77330,Nanteuil-lès-Meaux,77,CA du Pays de Meaux,Ophtalmologues,4.89,5.45,-10.3
77331,Nanteuil-sur-Marne,77,CA Coulommiers Pays de Brie,Ophtalmologues,4.89,5.45,-10.3
77332,Nantouillet,77,CC Plaines et Monts de France,Ophtalmologues,4.89,5.45,-10.3
77333,Nemours,77,CC Pays de Nemours,Ophtalmologues,4.89,5.45,-10.3
77335,Chauconin-Neufmontiers,77,CA du Pays de Meaux,Ophtalmologues,4.89,5.45,-10.3
77336,Neufmoutiers-en-Brie,77,CC Val Briard,Ophtalmologues,4.89,5.45,-10.3
77337,Noisiel,77,CA Paris - Vallée de la Marne,Ophtalmologues,4.89,5.45,-10.3
77338,Noisy-Rudignon,77,CC Pays de Montereau,Ophtalmologues,4.89,5.45,-10.3
77339,Noisy-sur-École,77,CA du Pays de Fontainebleau,Ophtalmologues,4.89,5.45,-10.3
77340,Nonville,77,CC Moret Seine et Loing,Ophtalmologues,4.89,5.45,-10.3
77341,Noyen-sur-Seine,77,CC Bassée-Montois,Ophtalmologues,4.89,5.45,-10.3
77342,Obsonville,77,CC Gâtinais Val de Loing,Ophtalmologues,4.89,5.45,-10.3
77343,Ocquerre,77,CC du Pays de l'Ourcq,Ophtalmologues,4.89,5.45,-10.3
77344,Oissery,77,CC Plaines et Monts de France,Ophtalmologues,4.89,5.45,-10.3
77345,Orly-sur-Morin,77,CC des Deux Morin,Ophtalmologues,4.89,5.45,-10.3
77347,Les Ormes-sur-Voulzie,77,CC Bassée-Montois,Ophtalmologues,4.89,5.45,-10.3
77348,Ormesson,77,CC Pays de Nemours,Ophtalmologues,4.89,5.45,-10.3
77349,Othis,77,CA Roissy Pays de France,Ophtalmologues,4.89,5.45,-10.3
77350,Ozoir-la-Ferrière,77,CC Les Portes Briardes Entre Villes et Forêts,Ophtalmologues,4.89,5.45,-10.3
77352,Ozouer-le-Voulgis,77,CC Brie des Rivières et Châteaux,Ophtalmologues,4.89,5.45,-10.3
77353,Paley,77,CC Moret Seine et Loing,Ophtalmologues,4.89,5.45,-10.3
77354,Pamfou,77,CC Brie des Rivières et Châteaux,Ophtalmologues,4.89,5.45,-10.3
77355,Paroy,77,CC Bassée-Montois,Ophtalmologues,4.89,5.45,-10.3
77356,Passy-sur-Seine,77,CC Bassée-Montois,Ophtalmologues,4.89,5.45,-10.3
77357,Pécy,77,CC Val Briard,Ophtalmologues,4.89,5.45,-10.3
77358,Penchard,77,CA du Pays de Meaux,Ophtalmologues,4.89,5.45,-10.3
77359,Perthes,77,CA du Pays de Fontainebleau,Ophtalmologues,4.89,5.45,-10.3
77360,Pézarches,77,CA Coulommiers Pays de Brie,Ophtalmologues,4.89,5.45,-10.3
77361,Pierre-Levée,77,CA Coulommiers Pays de Brie,Ophtalmologues,4.89,5.45,-10.3
77363,Le Pin,77,CC Plaines et Monts de France,Ophtalmologues,4.89,5.45,-10.3
77364,Le Plessis-aux-Bois,77,CC Plaines et Monts de France,Ophtalmologues,4.89,5.45,-10.3
77365,Le Plessis-Feu-Aussoux,77,CC Val Briard,Ophtalmologues,4.89,5.45,-10.3
77366,Le Plessis-l'Évêque,77,CC Plaines et Monts de France,Ophtalmologues,4.89,5.45,-10.3
77367,Le Plessis-Placy,77,CC du Pays de l'Ourcq,Ophtalmologues,4.89,5.45,-10.3
77368,Poigny,77,CC du Provinois,Ophtalmologues,4.89,5.45,-10.3
77369,Poincy,77,CA du Pays de Meaux,Ophtalmologues,4.89,5.45,-10.3
77370,Poligny,77,CC Gâtinais Val de Loing,Ophtalmologues,4.89,5.45,-10.3
77371,Pommeuse,77,CA Coulommiers Pays de Brie,Ophtalmologues,4.89,5.45,-10.3
77372,Pomponne,77,CA Marne et Gondoire,Ophtalmologues,4.89,5.45,-10.3
77373,Pontault-Combault,77,CA Paris - Vallée de la Marne,Ophtalmologues,4.89,5.45,-10.3
77374,Pontcarré,77,CA Marne et Gondoire,Ophtalmologues,4.89,5.45,-10.3
77376,Précy-sur-Marne,77,CC Plaines et Monts de France,Ophtalmologues,4.89,5.45,-10.3
77377,Presles-en-Brie,77,CC Val Briard,Ophtalmologues,4.89,5.45,-10.3
77378,Pringy,77,CA Melun Val de Seine,Ophtalmologues,4.89,5.45,-10.3
77379,Provins,77,CC du Provinois,Ophtalmologues,4.89,5.45,-10.3
77380,Puisieux,77,CC du Pays de l'Ourcq,Ophtalmologues,4.89,5.45,-10.3
77381,Quiers,77,CC Brie Nangissienne,Ophtalmologues,4.89,5.45,-10.3
77382,Quincy-Voisins,77,CA du Pays de Meaux,Ophtalmologues,4.89,5.45,-10.3
77383,Rampillon,77,CC Brie Nangissienne,Ophtalmologues,4.89,5.45,-10.3
77384,Réau,77,CA Grand Paris Sud Seine Essonne Sénart,Ophtalmologues,4.89,5.45,-10.3
77385,Rebais,77,CC des Deux Morin,Ophtalmologues,4.89,5.45,-10.3
77386,Recloses,77,CA du Pays de Fontainebleau,Ophtalmologues,4.89,5.45,-10.3
77387,Remauville,77,CC Moret Seine et Loing,Ophtalmologues,4.89,5.45,-10.3
77388,Reuil-en-Brie,77,CA Coulommiers Pays de Brie,Ophtalmologues,4.89,5.45,-10.3
77389,La Rochette,77,CA Melun Val de Seine,Ophtalmologues,4.89,5.45,-10.3
77390,Roissy-en-Brie,77,CA Paris - Vallée de la Marne,Ophtalmologues,4.89,5.45,-10.3
77391,Rouilly,77,CC du Provinois,Ophtalmologues,4.89,5.45,-10.3
77392,Rouvres,77,CA Roissy Pays de France,Ophtalmologues,4.89,5.45,-10.3
77393,Rozay-en-Brie,77,CC Val Briard,Ophtalmologues,4.89,5.45,-10.3
77394,Rubelles,77,CA Melun Val de Seine,Ophtalmologues,4.89,5.45,-10.3
77395,Rumont,77,CC Pays de Nemours,Ophtalmologues,4.89,5.45,-10.3
77396,Rupéreux,77,CC du Provinois,Ophtalmologues,4.89,5.45,-10.3
77397,Saâcy-sur-Marne,77,CA Coulommiers Pays de Brie,Ophtalmologues,4.89,5.45,-10.3
77398,Sablonnières,77,CC des Deux Morin,Ophtalmologues,4.89,5.45,-10.3
77400,Saint-Augustin,77,CA Coulommiers Pays de Brie,Ophtalmologues,4.89,5.45,-10.3
77401,Sainte-Aulde,77,CA Coulommiers Pays de Brie,Ophtalmologues,4.89,5.45,-10.3
77402,Saint-Barthélemy,77,CC des Deux Morin,Ophtalmologues,4.89,5.45,-10.3
77403,Saint-Brice,77,CC du Provinois,Ophtalmologues,4.89,5.45,-10.3
77404,Sainte-Colombe,77,CC du Provinois,Ophtalmologues,4.89,5.45,-10.3
77405,Saint-Cyr-sur-Morin,77,CC des Deux Morin,Ophtalmologues,4.89,5.45,-10.3
77406,Saint-Denis-lès-Rebais,77,CC des Deux Morin,Ophtalmologues,4.89,5.45,-10.3
77407,Saint-Fargeau-Ponthierry,77,CA Melun Val de Seine,Ophtalmologues,4.89,5.45,-10.3
77408,Saint-Fiacre,77,CA du Pays de Meaux,Ophtalmologues,4.89,5.45,-10.3
77409,Saint-Germain-Laval,77,CC Pays de Montereau,Ophtalmologues,4.89,5.45,-10.3
77410,Saint-Germain-Laxis,77,CA Melun Val de Seine,Ophtalmologues,4.89,5.45,-10.3
77411,Saint-Germain-sous-Doue,77,CC des Deux Morin,Ophtalmologues,4.89,5.45,-10.3
77412,Saint-Germain-sur-École,77,CA du Pays de Fontainebleau,Ophtalmologues,4.89,5.45,-10.3
77413,Saint-Germain-sur-Morin,77,CA Val d'Europe Agglomération,Ophtalmologues,4.89,5.45,-10.3
77414,Saint-Hilliers,77,CC du Provinois,Ophtalmologues,4.89,5.45,-10.3
77415,Saint-Jean-les-Deux-Jumeaux,77,CA Coulommiers Pays de Brie,Ophtalmologues,4.89,5.45,-10.3
77416,Saint-Just-en-Brie,77,CC Brie Nangissienne,Ophtalmologues,4.89,5.45,-10.3
77417,Saint-Léger,77,CC des Deux Morin,Ophtalmologues,4.89,5.45,-10.3
77418,Saint-Loup-de-Naud,77,CC du Provinois,Ophtalmologues,4.89,5.45,-10.3
77419,Saint-Mammès,77,CC Moret Seine et Loing,Ophtalmologues,4.89,5.45,-10.3
77420,Saint-Mard,77,CA Roissy Pays de France,Ophtalmologues,4.89,5.45,-10.3
77421,Saint-Mars-Vieux-Maisons,77,CC des Deux Morin,Ophtalmologues,4.89,5.45,-10.3
77423,Saint-Martin-des-Champs,77,CC des Deux Morin,Ophtalmologues,4.89,5.45,-10.3
77424,Saint-Martin-du-Boschet,77,CC du Provinois,Ophtalmologues,4.89,5.45,-10.3
77425,Saint-Martin-en-Bière,77,CA du Pays de Fontainebleau,Ophtalmologues,4.89,5.45,-10.3
77426,Saint-Méry,77,CC Brie des Rivières et Châteaux,Ophtalmologues,4.89,5.45,-10.3
77427,Saint-Mesmes,77,CC Plaines et Monts de France,Ophtalmologues,4.89,5.45,-10.3
77428,Saint-Ouen-en-Brie,77,CC Brie Nangissienne,Ophtalmologues,4.89,5.45,-10.3
77429,Saint-Ouen-sur-Morin,77,CC des Deux Morin,Ophtalmologues,4.89,5.45,-10.3
77430,Saint-Pathus,77,CC Plaines et Monts de France,Ophtalmologues,4.89,5.45,-10.3
77431,Saint-Pierre-lès-Nemours,77,CC Pays de Nemours,Ophtalmologues,4.89,5.45,-10.3
77432,Saint-Rémy-de-la-Vanne,77,CC des Deux Morin,Ophtalmologues,4.89,5.45,-10.3
77433,Beautheil-Saints,77,CA Coulommiers Pays de Brie,Ophtalmologues,4.89,5.45,-10.3
77434,Saint-Sauveur-lès-Bray,77,CC Bassée-Montois,Ophtalmologues,4.89,5.45,-10.3
77435,Saint-Sauveur-sur-École,77,CA du Pays de Fontainebleau,Ophtalmologues,4.89,5.45,-10.3
77436,Saint-Siméon,77,CC des Deux Morin,Ophtalmologues,4.89,5.45,-10.3
77437,Saint-Soupplets,77,CA du Pays de Meaux,Ophtalmologues,4.89,5.45,-10.3
77438,Saint-Thibault-des-Vignes,77,CA Marne et Gondoire,Ophtalmologues,4.89,5.45,-10.3
77439,Salins,77,CC Pays de Montereau,Ophtalmologues,4.89,5.45,-10.3
77440,Sammeron,77,CA Coulommiers Pays de Brie,Ophtalmologues,4.89,5.45,-10.3
77441,Samois-sur-Seine,77,CA du Pays de Fontainebleau,Ophtalmologues,4.89,5.45,-10.3
77442,Samoreau,77,CA du Pays de Fontainebleau,Ophtalmologues,4.89,5.45,-10.3
77443,Sancy,77,CA Coulommiers Pays de Brie,Ophtalmologues,4.89,5.45,-10.3
77444,Sancy-lès-Provins,77,CC du Provinois,Ophtalmologues,4.89,5.45,-10.3
77445,Savigny-le-Temple,77,CA Grand Paris Sud Seine Essonne Sénart,Ophtalmologues,4.89,5.45,-10.3
77446,Savins,77,CC Bassée-Montois,Ophtalmologues,4.89,5.45,-10.3
77447,Seine-Port,77,CA Melun Val de Seine,Ophtalmologues,4.89,5.45,-10.3
77448,Sept-Sorts,77,CA Coulommiers Pays de Brie,Ophtalmologues,4.89,5.45,-10.3
77449,Serris,77,CA Val d'Europe Agglomération,Ophtalmologues,4.89,5.45,-10.3
77450,Servon,77,CC l'Orée de la Brie,Ophtalmologues,4.89,5.45,-10.3
77451,Signy-Signets,77,CA Coulommiers Pays de Brie,Ophtalmologues,4.89,5.45,-10.3
77452,Sigy,77,CC Bassée-Montois,Ophtalmologues,4.89,5.45,-10.3
77453,Sivry-Courtry,77,CC Brie des Rivières et Châteaux,Ophtalmologues,4.89,5.45,-10.3
77454,Sognolles-en-Montois,77,CC Bassée-Montois,Ophtalmologues,4.89,5.45,-10.3
77455,Soignolles-en-Brie,77,CC Brie des Rivières et Châteaux,Ophtalmologues,4.89,5.45,-10.3
77456,Soisy-Bouy,77,CC du Provinois,Ophtalmologues,4.89,5.45,-10.3
77457,Solers,77,CC Brie des Rivières et Châteaux,Ophtalmologues,4.89,5.45,-10.3
77458,Souppes-sur-Loing,77,CC Gâtinais Val de Loing,Ophtalmologues,4.89,5.45,-10.3
77459,Sourdun,77,CC du Provinois,Ophtalmologues,4.89,5.45,-10.3
77460,Tancrou,77,CC du Pays de l'Ourcq,Ophtalmologues,4.89,5.45,-10.3
77461,Thénisy,77,CC Bassée-Montois,Ophtalmologues,4.89,5.45,-10.3
77462,Thieux,77,CA Roissy Pays de France,Ophtalmologues,4.89,5.45,-10.3
77463,Thomery,77,CC Moret Seine et Loing,Ophtalmologues,4.89,5.45,-10.3
77464,Thorigny-sur-Marne,77,CA Marne et Gondoire,Ophtalmologues,4.89,5.45,-10.3
77465,Thoury-Férottes,77,CC Pays de Montereau,Ophtalmologues,4.89,5.45,-10.3
77466,Tigeaux,77,CA Coulommiers Pays de Brie,Ophtalmologues,4.89,5.45,-10.3
77467,La Tombe,77,CC Bassée-Montois,Ophtalmologues,4.89,5.45,-10.3
77468,Torcy,77,CA Paris - Vallée de la Marne,Ophtalmologues,4.89,5.45,-10.3
77469,Touquin,77,CA Coulommiers Pays de Brie,Ophtalmologues,4.89,5.45,-10.3
77470,Tournan-en-Brie,77,CC Les Portes Briardes Entre Villes et Forêts,Ophtalmologues,4.89,5.45,-10.3
77471,Tousson,77,CA du Pays de Fontainebleau,Ophtalmologues,4.89,5.45,-10.3
77472,La Trétoire,77,CC des Deux Morin,Ophtalmologues,4.89,5.45,-10.3
77473,Treuzy-Levelay,77,CC Moret Seine et Loing,Ophtalmologues,4.89,5.45,-10.3
77474,Trilbardou,77,CA du Pays de Meaux,Ophtalmologues,4.89,5.45,-10.3
77475,Trilport,77,CA du Pays de Meaux,Ophtalmologues,4.89,5.45,-10.3
77476,Trocy-en-Multien,77,CC du Pays de l'Ourcq,Ophtalmologues,4.89,5.45,-10.3
77477,Ury,77,CA du Pays de Fontainebleau,Ophtalmologues,4.89,5.45,-10.3
77478,Ussy-sur-Marne,77,CA Coulommiers Pays de Brie,Ophtalmologues,4.89,5.45,-10.3
77479,Vaires-sur-Marne,77,CA Paris - Vallée de la Marne,Ophtalmologues,4.89,5.45,-10.3
77480,Valence-en-Brie,77,CC Brie des Rivières et Châteaux,Ophtalmologues,4.89,5.45,-10.3
77481,Vanvillé,77,CC Brie Nangissienne,Ophtalmologues,4.89,5.45,-10.3
77482,Varennes-sur-Seine,77,CC Pays de Montereau,Ophtalmologues,4.89,5.45,-10.3
77483,Varreddes,77,CA du Pays de Meaux,Ophtalmologues,4.89,5.45,-10.3
77484,Vaucourtois,77,CA Coulommiers Pays de Brie,Ophtalmologues,4.89,5.45,-10.3
77485,Le Vaudoué,77,CA du Pays de Fontainebleau,Ophtalmologues,4.89,5.45,-10.3
77486,Vaudoy-en-Brie,77,CC Val Briard,Ophtalmologues,4.89,5.45,-10.3
77487,Vaux-le-Pénil,77,CA Melun Val de Seine,Ophtalmologues,4.89,5.45,-10.3
77489,Vaux-sur-Lunain,77,CC Gâtinais Val de Loing,Ophtalmologues,4.89,5.45,-10.3
77490,Vendrest,77,CC du Pays de l'Ourcq,Ophtalmologues,4.89,5.45,-10.3
77492,Verdelot,77,CC des Deux Morin,Ophtalmologues,4.89,5.45,-10.3
77493,Verneuil-l'Étang,77,CC Brie Nangissienne,Ophtalmologues,4.89,5.45,-10.3
77494,Vernou-la-Celle-sur-Seine,77,CC Moret Seine et Loing,Ophtalmologues,4.89,5.45,-10.3
77495,Vert-Saint-Denis,77,CA Grand Paris Sud Seine Essonne Sénart,Ophtalmologues,4.89,5.45,-10.3
77496,Vieux-Champagne,77,CC Brie Nangissienne,Ophtalmologues,4.89,5.45,-10.3
77498,Vignely,77,CA du Pays de Meaux,Ophtalmologues,4.89,5.45,-10.3
77500,Villebéon,77,CC Gâtinais Val de Loing,Ophtalmologues,4.89,5.45,-10.3
77501,Villecerf,77,CC Moret Seine et Loing,Ophtalmologues,4.89,5.45,-10.3
77504,Villemaréchal,77,CC Moret Seine et Loing,Ophtalmologues,4.89,5.45,-10.3
77505,Villemareuil,77,CA du Pays de Meaux,Ophtalmologues,4.89,5.45,-10.3
77506,Villemer,77,CC Moret Seine et Loing,Ophtalmologues,4.89,5.45,-10.3
77507,Villenauxe-la-Petite,77,CC Bassée-Montois,Ophtalmologues,4.89,5.45,-10.3
77508,Villeneuve-le-Comte,77,CA Val d'Europe Agglomération,Ophtalmologues,4.89,5.45,-10.3
77509,Villeneuve-les-Bordes,77,CC Bassée-Montois,Ophtalmologues,4.89,5.45,-10.3
77510,Villeneuve-Saint-Denis,77,CA Val d'Europe Agglomération,Ophtalmologues,4.89,5.45,-10.3
77511,Villeneuve-sous-Dammartin,77,CA Roissy Pays de France,Ophtalmologues,4.89,5.45,-10.3
77512,Villeneuve-sur-Bellot,77,CC des Deux Morin,Ophtalmologues,4.89,5.45,-10.3
77513,Villenoy,77,CA du Pays de Meaux,Ophtalmologues,4.89,5.45,-10.3
77514,Villeparisis,77,CA Roissy Pays de France,Ophtalmologues,4.89,5.45,-10.3
77515,Villeroy,77,CC Plaines et Monts de France,Ophtalmologues,4.89,5.45,-10.3
77516,Ville-Saint-Jacques,77,CC Moret Seine et Loing,Ophtalmologues,4.89,5.45,-10.3
77517,Villevaudé,77,CC Plaines et Monts de France,Ophtalmologues,4.89,5.45,-10.3
77518,Villiers-en-Bière,77,CA Melun Val de Seine,Ophtalmologues,4.89,5.45,-10.3
77519,Villiers-Saint-Georges,77,CC du Provinois,Ophtalmologues,4.89,5.45,-10.3
77520,Villiers-sous-Grez,77,CC Pays de Nemours,Ophtalmologues,4.89,5.45,-10.3
77521,Villiers-sur-Morin,77,CA Coulommiers Pays de Brie,Ophtalmologues,4.89,5.45,-10.3
77522,Villiers-sur-Seine,77,CC Bassée-Montois,Ophtalmologues,4.89,5.45,-10.3
77523,Villuis,77,CC Bassée-Montois,Ophtalmologues,4.89,5.45,-10.3
77524,Vimpelles,77,CC Bassée-Montois,Ophtalmologues,4.89,5.45,-10.3
77525,Vinantes,77,CC Plaines et Monts de France,Ophtalmologues,4.89,5.45,-10.3
77526,Vincy-Manœuvre,77,CC du Pays de l'Ourcq,Ophtalmologues,4.89,5.45,-10.3
77527,Voinsles,77,CC Val Briard,Ophtalmologues,4.89,5.45,-10.3
77528,Voisenon,77,CA Melun Val de Seine,Ophtalmologues,4.89,5.45,-10.3
77529,Voulangis,77,CA Coulommiers Pays de Brie,Ophtalmologues,4.89,5.45,-10.3
77530,Voulton,77,CC du Provinois,Ophtalmologues,4.89,5.45,-10.3
77531,Voulx,77,CC Pays de Montereau,Ophtalmologues,4.89,5.45,-10.3
77532,Vulaines-lès-Provins,77,CC du Provinois,Ophtalmologues,4.89,5.45,-10.3
77533,Vulaines-sur-Seine,77,CA du Pays de Fontainebleau,Ophtalmologues,4.89,5.45,-10.3
77534,Yèbles,77,CC Brie des Rivières et Châteaux,Ophtalmologues,4.89,5.45,-10.3
78003,Ablis,78,CA Rambouillet Territoires,Ophtalmologues,7.62,5.45,39.7
78005,Achères,78,CU Grand Paris Seine et Oise,Ophtalmologues,7.62,5.45,39.7
78006,Adainville,78,CC du Pays Houdanais (CCPH),Ophtalmologues,7.62,5.45,39.7
78007,Aigremont,78,CA Saint Germain Boucles de Seine,Ophtalmologues,7.62,5.45,39.7
78009,Allainville,78,CA Rambouillet Territoires,Ophtalmologues,7.62,5.45,39.7
78010,Les Alluets-le-Roi,78,CU Grand Paris Seine et Oise,Ophtalmologues,7.62,5.45,39.7
78013,Andelu,78,CC Gally Mauldre,Ophtalmologues,7.62,5.45,39.7
78015,Andrésy,78,CU Grand Paris Seine et Oise,Ophtalmologues,7.62,5.45,39.7
78020,Arnouville-lès-Mantes,78,CU Grand Paris Seine et Oise,Ophtalmologues,7.62,5.45,39.7
78029,Aubergenville,78,CU Grand Paris Seine et Oise,Ophtalmologues,7.62,5.45,39.7
78030,Auffargis,78,CA Rambouillet Territoires,Ophtalmologues,7.62,5.45,39.7
78031,Auffreville-Brasseuil,78,CU Grand Paris Seine et Oise,Ophtalmologues,7.62,5.45,39.7
78033,Aulnay-sur-Mauldre,78,CU Grand Paris Seine et Oise,Ophtalmologues,7.62,5.45,39.7
78034,Auteuil,78,CC Coeur d'Yvelines,Ophtalmologues,7.62,5.45,39.7
78036,Autouillet,78,CC Coeur d'Yvelines,Ophtalmologues,7.62,5.45,39.7
78043,Bailly,78,CA Versailles Grand Parc (CAVGP),Ophtalmologues,7.62,5.45,39.7
78048,Bazainville,78,CC du Pays Houdanais (CCPH),Ophtalmologues,7.62,5.45,39.7
78049,Bazemont,78,CC Gally Mauldre,Ophtalmologues,7.62,5.45,39.7
78050,Bazoches-sur-Guyonne,78,CC Coeur d'Yvelines,Ophtalmologues,7.62,5.45,39.7
78053,Béhoust,78,CC Coeur d'Yvelines,Ophtalmologues,7.62,5.45,39.7
78057,Bennecourt,78,CC Les Portes de l'Ile de France,Ophtalmologues,7.62,5.45,39.7
78062,Beynes,78,CC Coeur d'Yvelines,Ophtalmologues,7.62,5.45,39.7
78068,Blaru,78,CC Les Portes de l'Ile de France,Ophtalmologues,7.62,5.45,39.7
78070,Boinville-en-Mantois,78,CU Grand Paris Seine et Oise,Ophtalmologues,7.62,5.45,39.7
78071,Boinville-le-Gaillard,78,CA Rambouillet Territoires,Ophtalmologues,7.62,5.45,39.7
78072,Boinvilliers,78,CC du Pays Houdanais (CCPH),Ophtalmologues,7.62,5.45,39.7
78073,Bois-d'Arcy,78,CA Versailles Grand Parc (CAVGP),Ophtalmologues,7.62,5.45,39.7
78076,Boissets,78,CC du Pays Houdanais (CCPH),Ophtalmologues,7.62,5.45,39.7
78077,La Boissière-École,78,CA Rambouillet Territoires,Ophtalmologues,7.62,5.45,39.7
78082,Boissy-Mauvoisin,78,CC Les Portes de l'Ile de France,Ophtalmologues,7.62,5.45,39.7
78084,Boissy-sans-Avoir,78,CC Coeur d'Yvelines,Ophtalmologues,7.62,5.45,39.7
78087,Bonnelles,78,CA Rambouillet Territoires,Ophtalmologues,7.62,5.45,39.7
78089,Bonnières-sur-Seine,78,CC Les Portes de l'Ile de France,Ophtalmologues,7.62,5.45,39.7
78090,Bouafle,78,CU Grand Paris Seine et Oise,Ophtalmologues,7.62,5.45,39.7
78092,Bougival,78,CA Versailles Grand Parc (CAVGP),Ophtalmologues,7.62,5.45,39.7
78096,Bourdonné,78,CC du Pays Houdanais (CCPH),Ophtalmologues,7.62,5.45,39.7
78104,Breuil-Bois-Robert,78,CU Grand Paris Seine et Oise,Ophtalmologues,7.62,5.45,39.7
78107,Bréval,78,CC Les Portes de l'Ile de France,Ophtalmologues,7.62,5.45,39.7
78108,Les Bréviaires,78,CA Rambouillet Territoires,Ophtalmologues,7.62,5.45,39.7
78113,Brueil-en-Vexin,78,CU Grand Paris Seine et Oise,Ophtalmologues,7.62,5.45,39.7
78117,Buc,78,CA Versailles Grand Parc (CAVGP),Ophtalmologues,7.62,5.45,39.7
78118,Buchelay,78,CU Grand Paris Seine et Oise,Ophtalmologues,7.62,5.45,39.7
78120,Bullion,78,CA Rambouillet Territoires,Ophtalmologues,7.62,5.45,39.7
78123,Carrières-sous-Poissy,78,CU Grand Paris Seine et Oise,Ophtalmologues,7.62,5.45,39.7
78124,Carrières-sur-Seine,78,CA Saint Germain Boucles de Seine,Ophtalmologues,7.62,5.45,39.7
78125,La Celle-les-Bordes,78,CA Rambouillet Territoires,Ophtalmologues,7.62,5.45,39.7
78126,La Celle-Saint-Cloud,78,CA Versailles Grand Parc (CAVGP),Ophtalmologues,7.62,5.45,39.7
78128,Cernay-la-Ville,78,CA Rambouillet Territoires,Ophtalmologues,7.62,5.45,39.7
78133,Chambourcy,78,CA Saint Germain Boucles de Seine,Ophtalmologues,7.62,5.45,39.7
78138,Chanteloup-les-Vignes,78,CU Grand Paris Seine et Oise,Ophtalmologues,7.62,5.45,39.7
78140,Chapet,78,CU Grand Paris Seine et Oise,Ophtalmologues,7.62,5.45,39.7
78143,Châteaufort,78,CA Versailles Grand Parc (CAVGP),Ophtalmologues,7.62,5.45,39.7
78146,Chatou,78,CA Saint Germain Boucles de Seine,Ophtalmologues,7.62,5.45,39.7
78147,Chaufour-lès-Bonnières,78,CC Les Portes de l'Ile de France,Ophtalmologues,7.62,5.45,39.7
78152,Chavenay,78,CC Gally Mauldre,Ophtalmologues,7.62,5.45,39.7
78158,Le Chesnay-Rocquencourt,78,CA Versailles Grand Parc (CAVGP),Ophtalmologues,7.62,5.45,39.7
78160,Chevreuse,78,CC de la Haute Vallée de Chevreuse,Ophtalmologues,7.62,5.45,39.7
78162,Choisel,78,CC de la Haute Vallée de Chevreuse,Ophtalmologues,7.62,5.45,39.7
78163,Civry-la-Forêt,78,CC du Pays Houdanais (CCPH),Ophtalmologues,7.62,5.45,39.7
78164,Clairefontaine-en-Yvelines,78,CA Rambouillet Territoires,Ophtalmologues,7.62,5.45,39.7
78165,Les Clayes-sous-Bois,78,CA de Saint Quentin en Yvelines,Ophtalmologues,7.62,5.45,39.7
78168,Coignières,78,CA de Saint Quentin en Yvelines,Ophtalmologues,7.62,5.45,39.7
78171,Condé-sur-Vesgre,78,CC du Pays Houdanais (CCPH),Ophtalmologues,7.62,5.45,39.7
78172,Conflans-Sainte-Honorine,78,CU Grand Paris Seine et Oise,Ophtalmologues,7.62,5.45,39.7
78185,Courgent,78,CC du Pays Houdanais (CCPH),Ophtalmologues,7.62,5.45,39.7
78188,Cravent,78,CC Les Portes de l'Ile de France,Ophtalmologues,7.62,5.45,39.7
78189,Crespières,78,CC Gally Mauldre,Ophtalmologues,7.62,5.45,39.7
78190,Croissy-sur-Seine,78,CA Saint Germain Boucles de Seine,Ophtalmologues,7.62,5.45,39.7
78192,Dammartin-en-Serve,78,CC du Pays Houdanais (CCPH),Ophtalmologues,7.62,5.45,39.7
78193,Dampierre-en-Yvelines,78,CC de la Haute Vallée de Chevreuse,Ophtalmologues,7.62,5.45,39.7
78194,Dannemarie,78,CC du Pays Houdanais (CCPH),Ophtalmologues,7.62,5.45,39.7
78196,Davron,78,CC Gally Mauldre,Ophtalmologues,7.62,5.45,39.7
78202,Drocourt,78,CU Grand Paris Seine et Oise,Ophtalmologues,7.62,5.45,39.7
78206,Ecquevilly,78,CU Grand Paris Seine et Oise,Ophtalmologues,7.62,5.45,39.7
78208,Élancourt,78,CA de Saint Quentin en Yvelines,Ophtalmologues,7.62,5.45,39.7
78209,Émancé,78,CA Rambouillet Territoires,Ophtalmologues,7.62,5.45,39.7
78217,Épône,78,CU Grand Paris Seine et Oise,Ophtalmologues,7.62,5.45,39.7
78220,Les Essarts-le-Roi,78,CA Rambouillet Territoires,Ophtalmologues,7.62,5.45,39.7
78224,L'Étang-la-Ville,78,CA Saint Germain Boucles de Seine,Ophtalmologues,7.62,5.45,39.7
78227,Évecquemont,78,CU Grand Paris Seine et Oise,Ophtalmologues,7.62,5.45,39.7
78230,La Falaise,78,CU Grand Paris Seine et Oise,Ophtalmologues,7.62,5.45,39.7
78231,Favrieux,78,CU Grand Paris Seine et Oise,Ophtalmologues,7.62,5.45,39.7
78233,Feucherolles,78,CC Gally Mauldre,Ophtalmologues,7.62,5.45,39.7
78234,Flacourt,78,CU Grand Paris Seine et Oise,Ophtalmologues,7.62,5.45,39.7
78236,Flexanville,78,CC Coeur d'Yvelines,Ophtalmologues,7.62,5.45,39.7
78237,Flins-Neuve-Église,78,CC du Pays Houdanais (CCPH),Ophtalmologues,7.62,5.45,39.7
78238,Flins-sur-Seine,78,CU Grand Paris Seine et Oise,Ophtalmologues,7.62,5.45,39.7
78239,Follainville-Dennemont,78,CU Grand Paris Seine et Oise,Ophtalmologues,7.62,5.45,39.7
78242,Fontenay-le-Fleury,78,CA Versailles Grand Parc (CAVGP),Ophtalmologues,7.62,5.45,39.7
78245,Fontenay-Mauvoisin,78,CU Grand Paris Seine et Oise,Ophtalmologues,7.62,5.45,39.7
78246,Fontenay-Saint-Père,78,CU Grand Paris Seine et Oise,Ophtalmologues,7.62,5.45,39.7
78255,Freneuse,78,CC Les Portes de l'Ile de France,Ophtalmologues,7.62,5.45,39.7
78261,Gaillon-sur-Montcient,78,CU Grand Paris Seine et Oise,Ophtalmologues,7.62,5.45,39.7
78262,Galluis,78,CC Coeur d'Yvelines,Ophtalmologues,7.62,5.45,39.7
78263,Gambais,78,CC Coeur d'Yvelines,Ophtalmologues,7.62,5.45,39.7
78264,Gambaiseuil,78,CA Rambouillet Territoires,Ophtalmologues,7.62,5.45,39.7
78265,Garancières,78,CC Coeur d'Yvelines,Ophtalmologues,7.62,5.45,39.7
78267,Gargenville,78,CU Grand Paris Seine et Oise,Ophtalmologues,7.62,5.45,39.7
78269,Gazeran,78,CA Rambouillet Territoires,Ophtalmologues,7.62,5.45,39.7
78276,Gommecourt,78,CC Les Portes de l'Ile de France,Ophtalmologues,7.62,5.45,39.7
78278,Goupillières,78,CC Coeur d'Yvelines,Ophtalmologues,7.62,5.45,39.7
78281,Goussonville,78,CU Grand Paris Seine et Oise,Ophtalmologues,7.62,5.45,39.7
78283,Grandchamp,78,CC du Pays Houdanais (CCPH),Ophtalmologues,7.62,5.45,39.7
78285,Gressey,78,CC du Pays Houdanais (CCPH),Ophtalmologues,7.62,5.45,39.7
78289,Grosrouvre,78,CC Coeur d'Yvelines,Ophtalmologues,7.62,5.45,39.7
78290,Guernes,78,CU Grand Paris Seine et Oise,Ophtalmologues,7.62,5.45,39.7
78291,Guerville,78,CU Grand Paris Seine et Oise,Ophtalmologues,7.62,5.45,39.7
78296,Guitrancourt,78,CU Grand Paris Seine et Oise,Ophtalmologues,7.62,5.45,39.7
78297,Guyancourt,78,CA de Saint Quentin en Yvelines,Ophtalmologues,7.62,5.45,39.7
78299,Hardricourt,78,CU Grand Paris Seine et Oise,Ophtalmologues,7.62,5.45,39.7
78300,Hargeville,78,CU Grand Paris Seine et Oise,Ophtalmologues,7.62,5.45,39.7
78302,La Hauteville,78,CC du Pays Houdanais (CCPH),Ophtalmologues,7.62,5.45,39.7
78305,Herbeville,78,CC Gally Mauldre,Ophtalmologues,7.62,5.45,39.7
78307,Hermeray,78,CA Rambouillet Territoires,Ophtalmologues,7.62,5.45,39.7
78310,Houdan,78,CC du Pays Houdanais (CCPH),Ophtalmologues,7.62,5.45,39.7
78311,Houilles,78,CA Saint Germain Boucles de Seine,Ophtalmologues,7.62,5.45,39.7
78314,Issou,78,CU Grand Paris Seine et Oise,Ophtalmologues,7.62,5.45,39.7
78317,Jambville,78,CU Grand Paris Seine et Oise,Ophtalmologues,7.62,5.45,39.7
78320,Notre-Dame-de-la-Mer,78,CC Les Portes de l'Ile de France,Ophtalmologues,7.62,5.45,39.7
78321,Jouars-Pontchartrain,78,CC Coeur d'Yvelines,Ophtalmologues,7.62,5.45,39.7
78322,Jouy-en-Josas,78,CA Versailles Grand Parc (CAVGP),Ophtalmologues,7.62,5.45,39.7
78324,Jouy-Mauvoisin,78,CU Grand Paris Seine et Oise,Ophtalmologues,7.62,5.45,39.7
78325,Jumeauville,78,CU Grand Paris Seine et Oise,Ophtalmologues,7.62,5.45,39.7
78327,Juziers,78,CU Grand Paris Seine et Oise,Ophtalmologues,7.62,5.45,39.7
78329,Lainville-en-Vexin,78,CU Grand Paris Seine et Oise,Ophtalmologues,7.62,5.45,39.7
78334,Lévis-Saint-Nom,78,CC de la Haute Vallée de Chevreuse,Ophtalmologues,7.62,5.45,39.7
78335,Limay,78,CU Grand Paris Seine et Oise,Ophtalmologues,7.62,5.45,39.7
78337,Limetz-Villez,78,CC Les Portes de l'Ile de France,Ophtalmologues,7.62,5.45,39.7
78343,Les Loges-en-Josas,78,CA Versailles Grand Parc (CAVGP),Ophtalmologues,7.62,5.45,39.7
78344,Lommoye,78,CC Les Portes de l'Ile de France,Ophtalmologues,7.62,5.45,39.7
78346,Longnes,78,CC du Pays Houdanais (CCPH),Ophtalmologues,7.62,5.45,39.7
78349,Longvilliers,78,CA Rambouillet Territoires,Ophtalmologues,7.62,5.45,39.7
78350,Louveciennes,78,CA Saint Germain Boucles de Seine,Ophtalmologues,7.62,5.45,39.7
78354,Magnanville,78,CU Grand Paris Seine et Oise,Ophtalmologues,7.62,5.45,39.7
78356,Magny-les-Hameaux,78,CA de Saint Quentin en Yvelines,Ophtalmologues,7.62,5.45,39.7
78358,Maisons-Laffitte,78,CA Saint Germain Boucles de Seine,Ophtalmologues,7.62,5.45,39.7
78361,Mantes-la-Jolie,78,CU Grand Paris Seine et Oise,Ophtalmologues,7.62,5.45,39.7
78362,Mantes-la-Ville,78,CU Grand Paris Seine et Oise,Ophtalmologues,7.62,5.45,39.7
78364,Marcq,78,CC Coeur d'Yvelines,Ophtalmologues,7.62,5.45,39.7
78366,Mareil-le-Guyon,78,CC Coeur d'Yvelines,Ophtalmologues,7.62,5.45,39.7
78367,Mareil-Marly,78,CA Saint Germain Boucles de Seine,Ophtalmologues,7.62,5.45,39.7
78368,Mareil-sur-Mauldre,78,CC Gally Mauldre,Ophtalmologues,7.62,5.45,39.7
78372,Marly-le-Roi,78,CA Saint Germain Boucles de Seine,Ophtalmologues,7.62,5.45,39.7
78380,Maule,78,CC Gally Mauldre,Ophtalmologues,7.62,5.45,39.7
78381,Maulette,78,CC du Pays Houdanais (CCPH),Ophtalmologues,7.62,5.45,39.7
78382,Maurecourt,78,CA de Cergy-Pontoise,Ophtalmologues,7.62,5.45,39.7
78383,Maurepas,78,CA de Saint Quentin en Yvelines,Ophtalmologues,7.62,5.45,39.7
78384,Médan,78,CU Grand Paris Seine et Oise,Ophtalmologues,7.62,5.45,39.7
78385,Ménerville,78,CC Les Portes de l'Ile de France,Ophtalmologues,7.62,5.45,39.7
78389,Méré,78,CC Coeur d'Yvelines,Ophtalmologues,7.62,5.45,39.7
78391,Méricourt,78,CU Grand Paris Seine et Oise,Ophtalmologues,7.62,5.45,39.7
78396,Le Mesnil-le-Roi,78,CA Saint Germain Boucles de Seine,Ophtalmologues,7.62,5.45,39.7
78397,Le Mesnil-Saint-Denis,78,CC de la Haute Vallée de Chevreuse,Ophtalmologues,7.62,5.45,39.7
78398,Les Mesnuls,78,CC Coeur d'Yvelines,Ophtalmologues,7.62,5.45,39.7
78401,Meulan-en-Yvelines,78,CU Grand Paris Seine et Oise,Ophtalmologues,7.62,5.45,39.7
78402,Mézières-sur-Seine,78,CU Grand Paris Seine et Oise,Ophtalmologues,7.62,5.45,39.7
78403,Mézy-sur-Seine,78,CU Grand Paris Seine et Oise,Ophtalmologues,7.62,5.45,39.7
78404,Millemont,78,CC Coeur d'Yvelines,Ophtalmologues,7.62,5.45,39.7
78406,Milon-la-Chapelle,78,CC de la Haute Vallée de Chevreuse,Ophtalmologues,7.62,5.45,39.7
78407,Mittainville,78,CA Rambouillet Territoires,Ophtalmologues,7.62,5.45,39.7
78410,Moisson,78,CC Les Portes de l'Ile de France,Ophtalmologues,7.62,5.45,39.7
78413,Mondreville,78,CC du Pays Houdanais (CCPH),Ophtalmologues,7.62,5.45,39.7
78415,Montainville,78,CC Gally Mauldre,Ophtalmologues,7.62,5.45,39.7
78416,Montalet-le-Bois,78,CU Grand Paris Seine et Oise,Ophtalmologues,7.62,5.45,39.7
78417,Montchauvet,78,CC du Pays Houdanais (CCPH),Ophtalmologues,7.62,5.45,39.7
78418,Montesson,78,CA Saint Germain Boucles de Seine,Ophtalmologues,7.62,5.45,39.7
78420,Montfort-l'Amaury,78,CC Coeur d'Yvelines,Ophtalmologues,7.62,5.45,39.7
78423,Montigny-le-Bretonneux,78,CA de Saint Quentin en Yvelines,Ophtalmologues,7.62,5.45,39.7
78431,Morainvilliers,78,CU Grand Paris Seine et Oise,Ophtalmologues,7.62,5.45,39.7
78437,Mousseaux-sur-Seine,78,CU Grand Paris Seine et Oise,Ophtalmologues,7.62,5.45,39.7
78439,Mulcent,78,CC du Pays Houdanais (CCPH),Ophtalmologues,7.62,5.45,39.7
78440,Les Mureaux,78,CU Grand Paris Seine et Oise,Ophtalmologues,7.62,5.45,39.7
78442,Neauphle-le-Château,78,CC Coeur d'Yvelines,Ophtalmologues,7.62,5.45,39.7
78443,Neauphle-le-Vieux,78,CC Coeur d'Yvelines,Ophtalmologues,7.62,5.45,39.7
78444,Neauphlette,78,CC Les Portes de l'Ile de France,Ophtalmologues,7.62,5.45,39.7
78451,Nézel,78,CU Grand Paris Seine et Oise,Ophtalmologues,7.62,5.45,39.7
78455,Noisy-le-Roi,78,CA Versailles Grand Parc (CAVGP),Ophtalmologues,7.62,5.45,39.7
78460,Oinville-sur-Montcient,78,CU Grand Paris Seine et Oise,Ophtalmologues,7.62,5.45,39.7
78464,Orcemont,78,CA Rambouillet Territoires,Ophtalmologues,7.62,5.45,39.7
78465,Orgerus,78,CC du Pays Houdanais (CCPH),Ophtalmologues,7.62,5.45,39.7
78466,Orgeval,78,CU Grand Paris Seine et Oise,Ophtalmologues,7.62,5.45,39.7
78470,Orphin,78,CA Rambouillet Territoires,Ophtalmologues,7.62,5.45,39.7
78472,Orsonville,78,CA Rambouillet Territoires,Ophtalmologues,7.62,5.45,39.7
78474,Orvilliers,78,CC du Pays Houdanais (CCPH),Ophtalmologues,7.62,5.45,39.7
78475,Osmoy,78,CC du Pays Houdanais (CCPH),Ophtalmologues,7.62,5.45,39.7
78478,Paray-Douaville,78,CA Rambouillet Territoires,Ophtalmologues,7.62,5.45,39.7
78481,Le Pecq,78,CA Saint Germain Boucles de Seine,Ophtalmologues,7.62,5.45,39.7
78484,Perdreauville,78,CU Grand Paris Seine et Oise,Ophtalmologues,7.62,5.45,39.7
78486,Le Perray-en-Yvelines,78,CA Rambouillet Territoires,Ophtalmologues,7.62,5.45,39.7
78490,Plaisir,78,CA de Saint Quentin en Yvelines,Ophtalmologues,7.62,5.45,39.7
78497,Poigny-la-Forêt,78,CA Rambouillet Territoires,Ophtalmologues,7.62,5.45,39.7
78498,Poissy,78,CU Grand Paris Seine et Oise,Ophtalmologues,7.62,5.45,39.7
78499,Ponthévrard,78,CA Rambouillet Territoires,Ophtalmologues,7.62,5.45,39.7
78501,Porcheville,78,CU Grand Paris Seine et Oise,Ophtalmologues,7.62,5.45,39.7
78502,Le Port-Marly,78,CA Saint Germain Boucles de Seine,Ophtalmologues,7.62,5.45,39.7
78505,Prunay-le-Temple,78,CC du Pays Houdanais (CCPH),Ophtalmologues,7.62,5.45,39.7
78506,Prunay-en-Yvelines,78,CA Rambouillet Territoires,Ophtalmologues,7.62,5.45,39.7
78513,La Queue-les-Yvelines,78,CC Coeur d'Yvelines,Ophtalmologues,7.62,5.45,39.7
78516,Raizeux,78,CA Rambouillet Territoires,Ophtalmologues,7.62,5.45,39.7
78517,Rambouillet,78,CA Rambouillet Territoires,Ophtalmologues,7.62,5.45,39.7
78518,Rennemoulin,78,CA Versailles Grand Parc (CAVGP),Ophtalmologues,7.62,5.45,39.7
78520,Richebourg,78,CC du Pays Houdanais (CCPH),Ophtalmologues,7.62,5.45,39.7
78522,Rochefort-en-Yvelines,78,CA Rambouillet Territoires,Ophtalmologues,7.62,5.45,39.7
78528,Rolleboise,78,CU Grand Paris Seine et Oise,Ophtalmologues,7.62,5.45,39.7
78530,Rosay,78,CC du Pays Houdanais (CCPH),Ophtalmologues,7.62,5.45,39.7
78531,Rosny-sur-Seine,78,CU Grand Paris Seine et Oise,Ophtalmologues,7.62,5.45,39.7
78536,Sailly,78,CU Grand Paris Seine et Oise,Ophtalmologues,7.62,5.45,39.7
78537,Saint-Arnoult-en-Yvelines,78,CA Rambouillet Territoires,Ophtalmologues,7.62,5.45,39.7
78545,Saint-Cyr-l'École,78,CA Versailles Grand Parc (CAVGP),Ophtalmologues,7.62,5.45,39.7
78548,Saint-Forget,78,CC de la Haute Vallée de Chevreuse,Ophtalmologues,7.62,5.45,39.7
78550,Saint-Germain-de-la-Grange,78,CC Coeur d'Yvelines,Ophtalmologues,7.62,5.45,39.7
78551,Saint-Germain-en-Laye,78,CA Saint Germain Boucles de Seine,Ophtalmologues,7.62,5.45,39.7
78557,Saint-Hilarion,78,CA Rambouillet Territoires,Ophtalmologues,7.62,5.45,39.7
78558,Saint-Illiers-la-Ville,78,CC Les Portes de l'Ile de France,Ophtalmologues,7.62,5.45,39.7
78559,Saint-Illiers-le-Bois,78,CC Les Portes de l'Ile de France,Ophtalmologues,7.62,5.45,39.7
78561,Saint-Lambert,78,CC de la Haute Vallée de Chevreuse,Ophtalmologues,7.62,5.45,39.7
78562,Saint-Léger-en-Yvelines,78,CA Rambouillet Territoires,Ophtalmologues,7.62,5.45,39.7
78564,Saint-Martin-de-Bréthencourt,78,CA Rambouillet Territoires,Ophtalmologues,7.62,5.45,39.7
78565,Saint-Martin-des-Champs,78,CC du Pays Houdanais (CCPH),Ophtalmologues,7.62,5.45,39.7
78567,Saint-Martin-la-Garenne,78,CU Grand Paris Seine et Oise,Ophtalmologues,7.62,5.45,39.7
78569,Sainte-Mesme,78,CA Rambouillet Territoires,Ophtalmologues,7.62,5.45,39.7
78571,Saint-Nom-la-Bretèche,78,CC Gally Mauldre,Ophtalmologues,7.62,5.45,39.7
78575,Saint-Rémy-lès-Chevreuse,78,CC de la Haute Vallée de Chevreuse,Ophtalmologues,7.62,5.45,39.7
78576,Saint-Rémy-l'Honoré,78,CC Coeur d'Yvelines,Ophtalmologues,7.62,5.45,39.7
78586,Sartrouville,78,CA Saint Germain Boucles de Seine,Ophtalmologues,7.62,5.45,39.7
78588,Saulx-Marchais,78,CC Coeur d'Yvelines,Ophtalmologues,7.62,5.45,39.7
78590,Senlisse,78,CC de la Haute Vallée de Chevreuse,Ophtalmologues,7.62,5.45,39.7
78591,Septeuil,78,CC du Pays Houdanais (CCPH),Ophtalmologues,7.62,5.45,39.7
78597,Soindres,78,CU Grand Paris Seine et Oise,Ophtalmologues,7.62,5.45,39.7
78601,Sonchamp,78,CA Rambouillet Territoires,Ophtalmologues,7.62,5.45,39.7
78605,Tacoignières,78,CC du Pays Houdanais (CCPH),Ophtalmologues,7.62,5.45,39.7
78606,Le Tartre-Gaudran,78,CC du Pays Houdanais (CCPH),Ophtalmologues,7.62,5.45,39.7
78608,Le Tertre-Saint-Denis,78,CU Grand Paris Seine et Oise,Ophtalmologues,7.62,5.45,39.7
78609,Tessancourt-sur-Aubette,78,CU Grand Paris Seine et Oise,Ophtalmologues,7.62,5.45,39.7
78615,Thiverval-Grignon,78,CC Coeur d'Yvelines,Ophtalmologues,7.62,5.45,39.7
78616,Thoiry,78,CC Coeur d'Yvelines,Ophtalmologues,7.62,5.45,39.7
78618,Tilly,78,CC du Pays Houdanais (CCPH),Ophtalmologues,7.62,5.45,39.7
78620,Toussus-le-Noble,78,CA Versailles Grand Parc (CAVGP),Ophtalmologues,7.62,5.45,39.7
78621,Trappes,78,CA de Saint Quentin en Yvelines,Ophtalmologues,7.62,5.45,39.7
78623,Le Tremblay-sur-Mauldre,78,CC Coeur d'Yvelines,Ophtalmologues,7.62,5.45,39.7
78624,Triel-sur-Seine,78,CU Grand Paris Seine et Oise,Ophtalmologues,7.62,5.45,39.7
78638,Vaux-sur-Seine,78,CU Grand Paris Seine et Oise,Ophtalmologues,7.62,5.45,39.7
78640,Vélizy-Villacoublay,78,CA Versailles Grand Parc (CAVGP),Ophtalmologues,7.62,5.45,39.7
78642,Verneuil-sur-Seine,78,CU Grand Paris Seine et Oise,Ophtalmologues,7.62,5.45,39.7
78643,Vernouillet,78,CU Grand Paris Seine et Oise,Ophtalmologues,7.62,5.45,39.7
78644,La Verrière,78,CA de Saint Quentin en Yvelines,Ophtalmologues,7.62,5.45,39.7
78646,Versailles,78,CA Versailles Grand Parc (CAVGP),Ophtalmologues,7.62,5.45,39.7
78647,Vert,78,CU Grand Paris Seine et Oise,Ophtalmologues,7.62,5.45,39.7
78650,Le Vésinet,78,CA Saint Germain Boucles de Seine,Ophtalmologues,7.62,5.45,39.7
78653,Vicq,78,CC Coeur d'Yvelines,Ophtalmologues,7.62,5.45,39.7
78655,Vieille-Église-en-Yvelines,78,CA Rambouillet Territoires,Ophtalmologues,7.62,5.45,39.7
78668,La Villeneuve-en-Chevrie,78,CC Les Portes de l'Ile de France,Ophtalmologues,7.62,5.45,39.7
78672,Villennes-sur-Seine,78,CU Grand Paris Seine et Oise,Ophtalmologues,7.62,5.45,39.7
78674,Villepreux,78,CA de Saint Quentin en Yvelines,Ophtalmologues,7.62,5.45,39.7
78677,Villette,78,CC du Pays Houdanais (CCPH),Ophtalmologues,7.62,5.45,39.7
78681,Villiers-le-Mahieu,78,CC Coeur d'Yvelines,Ophtalmologues,7.62,5.45,39.7
78683,Villiers-Saint-Frédéric,78,CC Coeur d'Yvelines,Ophtalmologues,7.62,5.45,39.7
78686,Viroflay,78,CA Versailles Grand Parc (CAVGP),Ophtalmologues,7.62,5.45,39.7
78688,Voisins-le-Bretonneux,78,CA de Saint Quentin en Yvelines,Ophtalmologues,7.62,5.45,39.7
91001,Abbéville-la-Rivière,91,CA Étampois Sud Essonne,Ophtalmologues,5.13,5.45,-5.8
91016,Angerville,91,CA Étampois Sud Essonne,Ophtalmologues,5.13,5.45,-5.8
91017,Angervilliers,91,CC du Pays de Limours (CCPL),Ophtalmologues,5.13,5.45,-5.8
91021,Arpajon,91,CA Coeur d'Essonne Agglomération,Ophtalmologues,5.13,5.45,-5.8
91022,Arrancourt,91,CA Étampois Sud Essonne,Ophtalmologues,5.13,5.45,-5.8
91027,Athis-Mons,91,Métropole du Grand Paris,Ophtalmologues,5.13,5.45,-5.8
91035,Authon-la-Plaine,91,CA Étampois Sud Essonne,Ophtalmologues,5.13,5.45,-5.8
91037,Auvernaux,91,CC du Val d'Essonne (CCVE),Ophtalmologues,5.13,5.45,-5.8
91038,Auvers-Saint-Georges,91,CC Entre Juine et Renarde (CCEJR),Ophtalmologues,5.13,5.45,-5.8
91041,Avrainville,91,CA Coeur d'Essonne Agglomération,Ophtalmologues,5.13,5.45,-5.8
91044,Ballainvilliers,91,CA Communauté Paris-Saclay,Ophtalmologues,5.13,5.45,-5.8
91045,Ballancourt-sur-Essonne,91,CC du Val d'Essonne (CCVE),Ophtalmologues,5.13,5.45,-5.8
91047,Baulne,91,CC du Val d'Essonne (CCVE),Ophtalmologues,5.13,5.45,-5.8
91064,Bièvres,91,CA Versailles Grand Parc (CAVGP),Ophtalmologues,5.13,5.45,-5.8
91067,Blandy,91,CA Étampois Sud Essonne,Ophtalmologues,5.13,5.45,-5.8
91069,Boigneville,91,CC des 2 Vallées,Ophtalmologues,5.13,5.45,-5.8
91075,Bois-Herpin,91,CA Étampois Sud Essonne,Ophtalmologues,5.13,5.45,-5.8
91079,Boissy-la-Rivière,91,CA Étampois Sud Essonne,Ophtalmologues,5.13,5.45,-5.8
91080,Boissy-le-Cutté,91,CC Entre Juine et Renarde (CCEJR),Ophtalmologues,5.13,5.45,-5.8
91081,Boissy-le-Sec,91,CA Étampois Sud Essonne,Ophtalmologues,5.13,5.45,-5.8
91085,Boissy-sous-Saint-Yon,91,CC Entre Juine et Renarde (CCEJR),Ophtalmologues,5.13,5.45,-5.8
91086,Bondoufle,91,CA Grand Paris Sud Seine Essonne Sénart,Ophtalmologues,5.13,5.45,-5.8
91093,Boullay-les-Troux,91,CC du Pays de Limours (CCPL),Ophtalmologues,5.13,5.45,-5.8
91095,Bouray-sur-Juine,91,CC Entre Juine et Renarde (CCEJR),Ophtalmologues,5.13,5.45,-5.8
91097,Boussy-Saint-Antoine,91,CA Val d'Yerres Val de Seine,Ophtalmologues,5.13,5.45,-5.8
91098,Boutervilliers,91,CA Étampois Sud Essonne,Ophtalmologues,5.13,5.45,-5.8
91099,Boutigny-sur-Essonne,91,CC des 2 Vallées,Ophtalmologues,5.13,5.45,-5.8
91100,Bouville,91,CA Étampois Sud Essonne,Ophtalmologues,5.13,5.45,-5.8
91103,Brétigny-sur-Orge,91,CA Coeur d'Essonne Agglomération,Ophtalmologues,5.13,5.45,-5.8
91105,Breuillet,91,CA Coeur d'Essonne Agglomération,Ophtalmologues,5.13,5.45,-5.8
91106,Breux-Jouy,91,CC le Dourdannais en Hurepoix (CCDH),Ophtalmologues,5.13,5.45,-5.8
91109,Brières-les-Scellés,91,CA Étampois Sud Essonne,Ophtalmologues,5.13,5.45,-5.8
91111,Briis-sous-Forges,91,CC du Pays de Limours (CCPL),Ophtalmologues,5.13,5.45,-5.8
91112,Brouy,91,CA Étampois Sud Essonne,Ophtalmologues,5.13,5.45,-5.8
91114,Brunoy,91,CA Val d'Yerres Val de Seine,Ophtalmologues,5.13,5.45,-5.8
91115,Bruyères-le-Châtel,91,CA Coeur d'Essonne Agglomération,Ophtalmologues,5.13,5.45,-5.8
91121,Buno-Bonnevaux,91,CC des 2 Vallées,Ophtalmologues,5.13,5.45,-5.8
91122,Bures-sur-Yvette,91,CA Communauté Paris-Saclay,Ophtalmologues,5.13,5.45,-5.8
91129,Cerny,91,CC du Val d'Essonne (CCVE),Ophtalmologues,5.13,5.45,-5.8
91130,Chalo-Saint-Mars,91,CA Étampois Sud Essonne,Ophtalmologues,5.13,5.45,-5.8
91131,Chalou-Moulineux,91,CA Étampois Sud Essonne,Ophtalmologues,5.13,5.45,-5.8
91132,Chamarande,91,CC Entre Juine et Renarde (CCEJR),Ophtalmologues,5.13,5.45,-5.8
91135,Champcueil,91,CC du Val d'Essonne (CCVE),Ophtalmologues,5.13,5.45,-5.8
91136,Champlan,91,CA Communauté Paris-Saclay,Ophtalmologues,5.13,5.45,-5.8
91137,Champmotteux,91,CA Étampois Sud Essonne,Ophtalmologues,5.13,5.45,-5.8
91145,Chatignonville,91,CA Étampois Sud Essonne,Ophtalmologues,5.13,5.45,-5.8
91148,Chauffour-lès-Étréchy,91,CC Entre Juine et Renarde (CCEJR),Ophtalmologues,5.13,5.45,-5.8
91156,Cheptainville,91,CA Coeur d'Essonne Agglomération,Ophtalmologues,5.13,5.45,-5.8
91159,Chevannes,91,CC du Val d'Essonne (CCVE),Ophtalmologues,5.13,5.45,-5.8
91161,Chilly-Mazarin,91,CA Communauté Paris-Saclay,Ophtalmologues,5.13,5.45,-5.8
91174,Corbeil-Essonnes,91,CA Grand Paris Sud Seine Essonne Sénart,Ophtalmologues,5.13,5.45,-5.8
91175,Corbreuse,91,CC le Dourdannais en Hurepoix (CCDH),Ophtalmologues,5.13,5.45,-5.8
91179,Le Coudray-Montceaux,91,CA Grand Paris Sud Seine Essonne Sénart,Ophtalmologues,5.13,5.45,-5.8
91180,Courances,91,CC des 2 Vallées,Ophtalmologues,5.13,5.45,-5.8
91184,Courdimanche-sur-Essonne,91,CC des 2 Vallées,Ophtalmologues,5.13,5.45,-5.8
91186,Courson-Monteloup,91,CC du Pays de Limours (CCPL),Ophtalmologues,5.13,5.45,-5.8
91191,Crosne,91,CA Val d'Yerres Val de Seine,Ophtalmologues,5.13,5.45,-5.8
91195,Dannemois,91,CC des 2 Vallées,Ophtalmologues,5.13,5.45,-5.8
91198,D'Huison-Longueville,91,CC du Val d'Essonne (CCVE),Ophtalmologues,5.13,5.45,-5.8
91200,Dourdan,91,CC le Dourdannais en Hurepoix (CCDH),Ophtalmologues,5.13,5.45,-5.8
91201,Draveil,91,CA Val d'Yerres Val de Seine,Ophtalmologues,5.13,5.45,-5.8
91204,Écharcon,91,CC du Val d'Essonne (CCVE),Ophtalmologues,5.13,5.45,-5.8
91207,Égly,91,CA Coeur d'Essonne Agglomération,Ophtalmologues,5.13,5.45,-5.8
91215,Épinay-sous-Sénart,91,CA Val d'Yerres Val de Seine,Ophtalmologues,5.13,5.45,-5.8
91216,Épinay-sur-Orge,91,CA Communauté Paris-Saclay,Ophtalmologues,5.13,5.45,-5.8
91223,Étampes,91,CA Étampois Sud Essonne,Ophtalmologues,5.13,5.45,-5.8
91225,Étiolles,91,CA Grand Paris Sud Seine Essonne Sénart,Ophtalmologues,5.13,5.45,-5.8
91226,Étréchy,91,CC Entre Juine et Renarde (CCEJR),Ophtalmologues,5.13,5.45,-5.8
91228,Évry-Courcouronnes,91,CA Grand Paris Sud Seine Essonne Sénart,Ophtalmologues,5.13,5.45,-5.8
91232,La Ferté-Alais,91,CC du Val d'Essonne (CCVE),Ophtalmologues,5.13,5.45,-5.8
91235,Fleury-Mérogis,91,CA Coeur d'Essonne Agglomération,Ophtalmologues,5.13,5.45,-5.8
91240,Fontaine-la-Rivière,91,CA Étampois Sud Essonne,Ophtalmologues,5.13,5.45,-5.8
91243,Fontenay-lès-Briis,91,CC du Pays de Limours (CCPL),Ophtalmologues,5.13,5.45,-5.8
91244,Fontenay-le-Vicomte,91,CC du Val d'Essonne (CCVE),Ophtalmologues,5.13,5.45,-5.8
91247,La Forêt-le-Roi,91,CC le Dourdannais en Hurepoix (CCDH),Ophtalmologues,5.13,5.45,-5.8
91248,La Forêt-Sainte-Croix,91,CA Étampois Sud Essonne,Ophtalmologues,5.13,5.45,-5.8
91249,Forges-les-Bains,91,CC du Pays de Limours (CCPL),Ophtalmologues,5.13,5.45,-5.8
91272,Gif-sur-Yvette,91,CA Communauté Paris-Saclay,Ophtalmologues,5.13,5.45,-5.8
91273,Gironville-sur-Essonne,91,CC des 2 Vallées,Ophtalmologues,5.13,5.45,-5.8
91274,Gometz-la-Ville,91,CC du Pays de Limours (CCPL),Ophtalmologues,5.13,5.45,-5.8
91275,Gometz-le-Châtel,91,CA Communauté Paris-Saclay,Ophtalmologues,5.13,5.45,-5.8
91284,Les Granges-le-Roi,91,CC le Dourdannais en Hurepoix (CCDH),Ophtalmologues,5.13,5.45,-5.8
91286,Grigny,91,CA Grand Paris Sud Seine Essonne Sénart,Ophtalmologues,5.13,5.45,-5.8
91292,Guibeville,91,CA Coeur d'Essonne Agglomération,Ophtalmologues,5.13,5.45,-5.8
91293,Guigneville-sur-Essonne,91,CC du Val d'Essonne (CCVE),Ophtalmologues,5.13,5.45,-5.8
91294,Guillerval,91,CA Étampois Sud Essonne,Ophtalmologues,5.13,5.45,-5.8
91312,Igny,91,CA Communauté Paris-Saclay,Ophtalmologues,5.13,5.45,-5.8
91315,Itteville,91,CC du Val d'Essonne (CCVE),Ophtalmologues,5.13,5.45,-5.8
91318,Janville-sur-Juine,91,CC Entre Juine et Renarde (CCEJR),Ophtalmologues,5.13,5.45,-5.8
91319,Janvry,91,CC du Pays de Limours (CCPL),Ophtalmologues,5.13,5.45,-5.8
91326,Juvisy-sur-Orge,91,Métropole du Grand Paris,Ophtalmologues,5.13,5.45,-5.8
91330,Lardy,91,CC Entre Juine et Renarde (CCEJR),Ophtalmologues,5.13,5.45,-5.8
91332,Leudeville,91,CC du Val d'Essonne (CCVE),Ophtalmologues,5.13,5.45,-5.8
91333,Leuville-sur-Orge,91,CA Coeur d'Essonne Agglomération,Ophtalmologues,5.13,5.45,-5.8
91338,Limours,91,CC du Pays de Limours (CCPL),Ophtalmologues,5.13,5.45,-5.8
91339,Linas,91,CA Communauté Paris-Saclay,Ophtalmologues,5.13,5.45,-5.8
91340,Lisses,91,CA Grand Paris Sud Seine Essonne Sénart,Ophtalmologues,5.13,5.45,-5.8
91345,Longjumeau,91,CA Communauté Paris-Saclay,Ophtalmologues,5.13,5.45,-5.8
91347,Longpont-sur-Orge,91,CA Coeur d'Essonne Agglomération,Ophtalmologues,5.13,5.45,-5.8
91359,Maisse,91,CC des 2 Vallées,Ophtalmologues,5.13,5.45,-5.8
91363,Marcoussis,91,CA Communauté Paris-Saclay,Ophtalmologues,5.13,5.45,-5.8
91374,Marolles-en-Beauce,91,CA Étampois Sud Essonne,Ophtalmologues,5.13,5.45,-5.8
91376,Marolles-en-Hurepoix,91,CA Coeur d'Essonne Agglomération,Ophtalmologues,5.13,5.45,-5.8
91377,Massy,91,CA Communauté Paris-Saclay,Ophtalmologues,5.13,5.45,-5.8
91378,Mauchamps,91,CC Entre Juine et Renarde (CCEJR),Ophtalmologues,5.13,5.45,-5.8
91386,Mennecy,91,CC du Val d'Essonne (CCVE),Ophtalmologues,5.13,5.45,-5.8
91390,Le Mérévillois,91,CA Étampois Sud Essonne,Ophtalmologues,5.13,5.45,-5.8
91393,Mérobert,91,CA Étampois Sud Essonne,Ophtalmologues,5.13,5.45,-5.8
91399,Mespuits,91,CA Étampois Sud Essonne,Ophtalmologues,5.13,5.45,-5.8
91405,Milly-la-Forêt,91,CC des 2 Vallées,Ophtalmologues,5.13,5.45,-5.8
91408,Moigny-sur-École,91,CC des 2 Vallées,Ophtalmologues,5.13,5.45,-5.8
91411,Les Molières,91,CC du Pays de Limours (CCPL),Ophtalmologues,5.13,5.45,-5.8
91412,Mondeville,91,CC des 2 Vallées,Ophtalmologues,5.13,5.45,-5.8
91414,Monnerville,91,CA Étampois Sud Essonne,Ophtalmologues,5.13,5.45,-5.8
91421,Montgeron,91,CA Val d'Yerres Val de Seine,Ophtalmologues,5.13,5.45,-5.8
91425,Montlhéry,91,CA Communauté Paris-Saclay,Ophtalmologues,5.13,5.45,-5.8
91432,Morangis,91,Métropole du Grand Paris,Ophtalmologues,5.13,5.45,-5.8
91433,Morigny-Champigny,91,CA Étampois Sud Essonne,Ophtalmologues,5.13,5.45,-5.8
91434,Morsang-sur-Orge,91,CA Coeur d'Essonne Agglomération,Ophtalmologues,5.13,5.45,-5.8
91435,Morsang-sur-Seine,91,CA Grand Paris Sud Seine Essonne Sénart,Ophtalmologues,5.13,5.45,-5.8
91441,Nainville-les-Roches,91,CC du Val d'Essonne (CCVE),Ophtalmologues,5.13,5.45,-5.8
91457,La Norville,91,CA Coeur d'Essonne Agglomération,Ophtalmologues,5.13,5.45,-5.8
91458,Nozay,91,CA Communauté Paris-Saclay,Ophtalmologues,5.13,5.45,-5.8
91461,Ollainville,91,CA Coeur d'Essonne Agglomération,Ophtalmologues,5.13,5.45,-5.8
91463,Oncy-sur-École,91,CC des 2 Vallées,Ophtalmologues,5.13,5.45,-5.8
91468,Ormoy,91,CC du Val d'Essonne (CCVE),Ophtalmologues,5.13,5.45,-5.8
91469,Ormoy-la-Rivière,91,CA Étampois Sud Essonne,Ophtalmologues,5.13,5.45,-5.8
91471,Orsay,91,CA Communauté Paris-Saclay,Ophtalmologues,5.13,5.45,-5.8
91473,Orveau,91,CC du Val d'Essonne (CCVE),Ophtalmologues,5.13,5.45,-5.8
91477,Palaiseau,91,CA Communauté Paris-Saclay,Ophtalmologues,5.13,5.45,-5.8
91479,Paray-Vieille-Poste,91,Métropole du Grand Paris,Ophtalmologues,5.13,5.45,-5.8
91482,Pecqueuse,91,CC du Pays de Limours (CCPL),Ophtalmologues,5.13,5.45,-5.8
91494,Le Plessis-Pâté,91,CA Coeur d'Essonne Agglomération,Ophtalmologues,5.13,5.45,-5.8
91495,Plessis-Saint-Benoist,91,CA Étampois Sud Essonne,Ophtalmologues,5.13,5.45,-5.8
91507,Prunay-sur-Essonne,91,CC des 2 Vallées,Ophtalmologues,5.13,5.45,-5.8
91508,Puiselet-le-Marais,91,CA Étampois Sud Essonne,Ophtalmologues,5.13,5.45,-5.8
91511,Pussay,91,CA Étampois Sud Essonne,Ophtalmologues,5.13,5.45,-5.8
91514,Quincy-sous-Sénart,91,CA Val d'Yerres Val de Seine,Ophtalmologues,5.13,5.45,-5.8
91519,Richarville,91,CC le Dourdannais en Hurepoix (CCDH),Ophtalmologues,5.13,5.45,-5.8
91521,Ris-Orangis,91,CA Grand Paris Sud Seine Essonne Sénart,Ophtalmologues,5.13,5.45,-5.8
91525,Roinville,91,CC le Dourdannais en Hurepoix (CCDH),Ophtalmologues,5.13,5.45,-5.8
91526,Roinvilliers,91,CA Étampois Sud Essonne,Ophtalmologues,5.13,5.45,-5.8
91533,Saclas,91,CA Étampois Sud Essonne,Ophtalmologues,5.13,5.45,-5.8
91534,Saclay,91,CA Communauté Paris-Saclay,Ophtalmologues,5.13,5.45,-5.8
91538,Saint-Aubin,91,CA Communauté Paris-Saclay,Ophtalmologues,5.13,5.45,-5.8
91540,Saint-Chéron,91,CC le Dourdannais en Hurepoix (CCDH),Ophtalmologues,5.13,5.45,-5.8
91544,Saint-Cyr-la-Rivière,91,CA Étampois Sud Essonne,Ophtalmologues,5.13,5.45,-5.8
91546,Saint-Cyr-sous-Dourdan,91,CC le Dourdannais en Hurepoix (CCDH),Ophtalmologues,5.13,5.45,-5.8
91547,Saint-Escobille,91,CA Étampois Sud Essonne,Ophtalmologues,5.13,5.45,-5.8
91549,Sainte-Geneviève-des-Bois,91,CA Coeur d'Essonne Agglomération,Ophtalmologues,5.13,5.45,-5.8
91552,Saint-Germain-lès-Arpajon,91,CA Coeur d'Essonne Agglomération,Ophtalmologues,5.13,5.45,-5.8
91553,Saint-Germain-lès-Corbeil,91,CA Grand Paris Sud Seine Essonne Sénart,Ophtalmologues,5.13,5.45,-5.8
91556,Saint-Hilaire,91,CA Étampois Sud Essonne,Ophtalmologues,5.13,5.45,-5.8
91560,Saint-Jean-de-Beauregard,91,CC du Pays de Limours (CCPL),Ophtalmologues,5.13,5.45,-5.8
91568,Saint-Maurice-Montcouronne,91,CC du Pays de Limours (CCPL),Ophtalmologues,5.13,5.45,-5.8
91570,Saint-Michel-sur-Orge,91,CA Coeur d'Essonne Agglomération,Ophtalmologues,5.13,5.45,-5.8
91573,Saint-Pierre-du-Perray,91,CA Grand Paris Sud Seine Essonne Sénart,Ophtalmologues,5.13,5.45,-5.8
91577,Saintry-sur-Seine,91,CA Grand Paris Sud Seine Essonne Sénart,Ophtalmologues,5.13,5.45,-5.8
91578,Saint-Sulpice-de-Favières,91,CC Entre Juine et Renarde (CCEJR),Ophtalmologues,5.13,5.45,-5.8
91579,Saint-Vrain,91,CC du Val d'Essonne (CCVE),Ophtalmologues,5.13,5.45,-5.8
91581,Saint-Yon,91,CC Entre Juine et Renarde (CCEJR),Ophtalmologues,5.13,5.45,-5.8
91587,Saulx-les-Chartreux,91,CA Communauté Paris-Saclay,Ophtalmologues,5.13,5.45,-5.8
91589,Savigny-sur-Orge,91,Métropole du Grand Paris,Ophtalmologues,5.13,5.45,-5.8
91593,Sermaise,91,CC le Dourdannais en Hurepoix (CCDH),Ophtalmologues,5.13,5.45,-5.8
91599,Soisy-sur-École,91,CC des 2 Vallées,Ophtalmologues,5.13,5.45,-5.8
91600,Soisy-sur-Seine,91,CA Grand Paris Sud Seine Essonne Sénart,Ophtalmologues,5.13,5.45,-5.8
91602,Souzy-la-Briche,91,CC Entre Juine et Renarde (CCEJR),Ophtalmologues,5.13,5.45,-5.8
91613,Congerville-Thionville,91,CA Étampois Sud Essonne,Ophtalmologues,5.13,5.45,-5.8
91617,Tigery,91,CA Grand Paris Sud Seine Essonne Sénart,Ophtalmologues,5.13,5.45,-5.8
91619,Torfou,91,CC Entre Juine et Renarde (CCEJR),Ophtalmologues,5.13,5.45,-5.8
91629,Valpuiseaux,91,CA Étampois Sud Essonne,Ophtalmologues,5.13,5.45,-5.8
91630,Le Val-Saint-Germain,91,CC le Dourdannais en Hurepoix (CCDH),Ophtalmologues,5.13,5.45,-5.8
91631,Varennes-Jarcy,91,CC l'Orée de la Brie,Ophtalmologues,5.13,5.45,-5.8
91634,Vaugrigneuse,91,CC du Pays de Limours (CCPL),Ophtalmologues,5.13,5.45,-5.8
91635,Vauhallan,91,CA Communauté Paris-Saclay,Ophtalmologues,5.13,5.45,-5.8
91639,Vayres-sur-Essonne,91,CC du Val d'Essonne (CCVE),Ophtalmologues,5.13,5.45,-5.8
91645,Verrières-le-Buisson,91,CA Communauté Paris-Saclay,Ophtalmologues,5.13,5.45,-5.8
91648,Vert-le-Grand,91,CC du Val d'Essonne (CCVE),Ophtalmologues,5.13,5.45,-5.8
91649,Vert-le-Petit,91,CC du Val d'Essonne (CCVE),Ophtalmologues,5.13,5.45,-5.8
91654,Videlles,91,CC des 2 Vallées,Ophtalmologues,5.13,5.45,-5.8
91657,Vigneux-sur-Seine,91,CA Val d'Yerres Val de Seine,Ophtalmologues,5.13,5.45,-5.8
91659,Villabé,91,CA Grand Paris Sud Seine Essonne Sénart,Ophtalmologues,5.13,5.45,-5.8
91661,Villebon-sur-Yvette,91,CA Communauté Paris-Saclay,Ophtalmologues,5.13,5.45,-5.8
91662,Villeconin,91,CC Entre Juine et Renarde (CCEJR),Ophtalmologues,5.13,5.45,-5.8
91665,La Ville-du-Bois,91,CA Communauté Paris-Saclay,Ophtalmologues,5.13,5.45,-5.8
91666,Villejust,91,CA Communauté Paris-Saclay,Ophtalmologues,5.13,5.45,-5.8
91667,Villemoisson-sur-Orge,91,CA Coeur d'Essonne Agglomération,Ophtalmologues,5.13,5.45,-5.8
91671,Villeneuve-sur-Auvers,91,CC Entre Juine et Renarde (CCEJR),Ophtalmologues,5.13,5.45,-5.8
91679,Villiers-le-Bâcle,91,CA Communauté Paris-Saclay,Ophtalmologues,5.13,5.45,-5.8
91685,Villiers-sur-Orge,91,CA Coeur d'Essonne Agglomération,Ophtalmologues,5.13,5.45,-5.8
91687,Viry-Châtillon,91,Métropole du Grand Paris,Ophtalmologues,5.13,5.45,-5.8
91689,Wissous,91,CA Communauté Paris-Saclay,Ophtalmologues,5.13,5.45,-5.8
91691,Yerres,91,CA Val d'Yerres Val de Seine,Ophtalmologues,5.13,5.45,-5.8
91692,Les Ulis,91,CA Communauté Paris-Saclay,Ophtalmologues,5.13,5.45,-5.8
92002,Antony,92,Métropole du Grand Paris,Ophtalmologues,6.43,5.45,18.1
92004,Asnières-sur-Seine,92,Métropole du Grand Paris,Ophtalmologues,6.43,5.45,18.1
92007,Bagneux,92,Métropole du Grand Paris,Ophtalmologues,6.43,5.45,18.1
92009,Bois-Colombes,92,Métropole du Grand Paris,Ophtalmologues,6.43,5.45,18.1
92012,Boulogne-Billancourt,92,Métropole du Grand Paris,Ophtalmologues,6.43,5.45,18.1
92014,Bourg-la-Reine,92,Métropole du Grand Paris,Ophtalmologues,6.43,5.45,18.1
92019,Châtenay-Malabry,92,Métropole du Grand Paris,Ophtalmologues,6.43,5.45,18.1
92020,Châtillon,92,Métropole du Grand Paris,Ophtalmologues,6.43,5.45,18.1
92022,Chaville,92,Métropole du Grand Paris,Ophtalmologues,6.43,5.45,18.1
92023,Clamart,92,Métropole du Grand Paris,Ophtalmologues,6.43,5.45,18.1
92024,Clichy,92,Métropole du Grand Paris,Ophtalmologues,6.43,5.45,18.1
92025,Colombes,92,Métropole du Grand Paris,Ophtalmologues,6.43,5.45,18.1
92026,Courbevoie,92,Métropole du Grand Paris,Ophtalmologues,6.43,5.45,18.1
92032,Fontenay-aux-Roses,92,Métropole du Grand Paris,Ophtalmologues,6.43,5.45,18.1
92033,Garches,92,Métropole du Grand Paris,Ophtalmologues,6.43,5.45,18.1
92035,La Garenne-Colombes,92,Métropole du Grand Paris,Ophtalmologues,6.43,5.45,18.1
92036,Gennevilliers,92,Métropole du Grand Paris,Ophtalmologues,6.43,5.45,18.1
92040,Issy-les-Moulineaux,92,Métropole du Grand Paris,Ophtalmologues,6.43,5.45,18.1
92044,Levallois-Perret,92,Métropole du Grand Paris,Ophtalmologues,6.43,5.45,18.1
92046,Malakoff,92,Métropole du Grand Paris,Ophtalmologues,6.43,5.45,18.1
92047,Marnes-la-Coquette,92,Métropole du Grand Paris,Ophtalmologues,6.43,5.45,18.1
92048,Meudon,92,Métropole du Grand Paris,Ophtalmologues,6.43,5.45,18.1
92049,Montrouge,92,Métropole du Grand Paris,Ophtalmologues,6.43,5.45,18.1
92050,Nanterre,92,Métropole du Grand Paris,Ophtalmologues,6.43,5.45,18.1
92051,Neuilly-sur-Seine,92,Métropole du Grand Paris,Ophtalmologues,6.43,5.45,18.1
92060,Le Plessis-Robinson,92,Métropole du Grand Paris,Ophtalmologues,6.43,5.45,18.1
92062,Puteaux,92,Métropole du Grand Paris,Ophtalmologues,6.43,5.45,18.1
92063,Rueil-Malmaison,92,Métropole du Grand Paris,Ophtalmologues,6.43,5.45,18.1
92064,Saint-Cloud,92,Métropole du Grand Paris,Ophtalmologues,6.43,5.45,18.1
92071,Sceaux,92,Métropole du Grand Paris,Ophtalmologues,6.43,5.45,18.1
92072,Sèvres,92,Métropole du Grand Paris,Ophtalmologues,6.43,5.45,18.1
92073,Suresnes,92,Métropole du Grand Paris,Ophtalmologues,6.43,5.45,18.1
92075,Vanves,92,Métropole du Grand Paris,Ophtalmologues,6.43,5.45,18.1
92076,Vaucresson,92,Métropole du Grand Paris,Ophtalmologues,6.43,5.45,18.1
92077,Ville-d'Avray,92,Métropole du Grand Paris,Ophtalmologues,6.43,5.45,18.1
92078,Villeneuve-la-Garenne,92,Métropole du Grand Paris,Ophtalmologues,6.43,5.45,18.1
93001,Aubervilliers,93,Métropole du Grand Paris,Ophtalmologues,2.91,5.45,-46.5
93005,Aulnay-sous-Bois,93,Métropole du Grand Paris,Ophtalmologues,2.91,5.45,-46.5
93006,Bagnolet,93,Métropole du Grand Paris,Ophtalmologues,2.91,5.45,-46.5
93007,Le Blanc-Mesnil,93,Métropole du Grand Paris,Ophtalmologues,2.91,5.45,-46.5
93008,Bobigny,93,Métropole du Grand Paris,Ophtalmologues,2.91,5.45,-46.5
93010,Bondy,93,Métropole du Grand Paris,Ophtalmologues,2.91,5.45,-46.5
93013,Le Bourget,93,Métropole du Grand Paris,Ophtalmologues,2.91,5.45,-46.5
93014,Clichy-sous-Bois,93,Métropole du Grand Paris,Ophtalmologues,2.91,5.45,-46.5
93015,Coubron,93,Métropole du Grand Paris,Ophtalmologues,2.91,5.45,-46.5
93027,La Courneuve,93,Métropole du Grand Paris,Ophtalmologues,2.91,5.45,-46.5
93029,Drancy,93,Métropole du Grand Paris,Ophtalmologues,2.91,5.45,-46.5
93030,Dugny,93,Métropole du Grand Paris,Ophtalmologues,2.91,5.45,-46.5
93031,Épinay-sur-Seine,93,Métropole du Grand Paris,Ophtalmologues,2.91,5.45,-46.5
93032,Gagny,93,Métropole du Grand Paris,Ophtalmologues,2.91,5.45,-46.5
93033,Gournay-sur-Marne,93,Métropole du Grand Paris,Ophtalmologues,2.91,5.45,-46.5
93039,L'Île-Saint-Denis,93,Métropole du Grand Paris,Ophtalmologues,2.91,5.45,-46.5
93045,Les Lilas,93,Métropole du Grand Paris,Ophtalmologues,2.91,5.45,-46.5
93046,Livry-Gargan,93,Métropole du Grand Paris,Ophtalmologues,2.91,5.45,-46.5
93047,Montfermeil,93,Métropole du Grand Paris,Ophtalmologues,2.91,5.45,-46.5
93048,Montreuil,93,Métropole du Grand Paris,Ophtalmologues,2.91,5.45,-46.5
93049,Neuilly-Plaisance,93,Métropole du Grand Paris,Ophtalmologues,2.91,5.45,-46.5
93050,Neuilly-sur-Marne,93,Métropole du Grand Paris,Ophtalmologues,2.91,5.45,-46.5
93051,Noisy-le-Grand,93,Métropole du Grand Paris,Ophtalmologues,2.91,5.45,-46.5
93053,Noisy-le-Sec,93,Métropole du Grand Paris,Ophtalmologues,2.91,5.45,-46.5
93055,Pantin,93,Métropole du Grand Paris,Ophtalmologues,2.91,5.45,-46.5
93057,Les Pavillons-sous-Bois,93,Métropole du Grand Paris,Ophtalmologues,2.91,5.45,-46.5
93061,Le Pré-Saint-Gervais,93,Métropole du Grand Paris,Ophtalmologues,2.91,5.45,-46.5
93062,Le Raincy,93,Métropole du Grand Paris,Ophtalmologues,2.91,5.45,-46.5
93063,Romainville,93,Métropole du Grand Paris,Ophtalmologues,2.91,5.45,-46.5
93064,Rosny-sous-Bois,93,Métropole du Grand Paris,Ophtalmologues,2.91,5.45,-46.5
93066,Saint-Denis,93,Métropole du Grand Paris,Ophtalmologues,2.91,5.45,-46.5
93070,Saint-Ouen-sur-Seine,93,Métropole du Grand Paris,Ophtalmologues,2.91,5.45,-46.5
93071,Sevran,93,Métropole du Grand Paris,Ophtalmologues,2.91,5.45,-46.5
93072,Stains,93,Métropole du Grand Paris,Ophtalmologues,2.91,5.45,-46.5
93073,Tremblay-en-France,93,Métropole du Grand Paris,Ophtalmologues,2.91,5.45,-46.5
93074,Vaujours,93,Métropole du Grand Paris,Ophtalmologues,2.91,5.45,-46.5
93077,Villemomble,93,Métropole du Grand Paris,Ophtalmologues,2.91,5.45,-46.5
93078,Villepinte,93,Métropole du Grand Paris,Ophtalmologues,2.91,5.45,-46.5
93079,Villetaneuse,93,Métropole du Grand Paris,Ophtalmologues,2.91,5.45,-46.5
94001,Ablon-sur-Seine,94,Métropole du Grand Paris,Ophtalmologues,5.42,5.45,-0.5
94002,Alfortville,94,Métropole du Grand Paris,Ophtalmologues,5.42,5.45,-0.5
94003,Arcueil,94,Métropole du Grand Paris,Ophtalmologues,5.42,5.45,-0.5
94004,Boissy-Saint-Léger,94,Métropole du Grand Paris,Ophtalmologues,5.42,5.45,-0.5
94011,Bonneuil-sur-Marne,94,Métropole du Grand Paris,Ophtalmologues,5.42,5.45,-0.5
94015,Bry-sur-Marne,94,Métropole du Grand Paris,Ophtalmologues,5.42,5.45,-0.5
94016,Cachan,94,Métropole du Grand Paris,Ophtalmologues,5.42,5.45,-0.5
94017,Champigny-sur-Marne,94,Métropole du Grand Paris,Ophtalmologues,5.42,5.45,-0.5
94018,Charenton-le-Pont,94,Métropole du Grand Paris,Ophtalmologues,5.42,5.45,-0.5
94019,Chennevières-sur-Marne,94,Métropole du Grand Paris,Ophtalmologues,5.42,5.45,-0.5
94021,Chevilly-Larue,94,Métropole du Grand Paris,Ophtalmologues,5.42,5.45,-0.5
94022,Choisy-le-Roi,94,Métropole du Grand Paris,Ophtalmologues,5.42,5.45,-0.5
94028,Créteil,94,Métropole du Grand Paris,Ophtalmologues,5.42,5.45,-0.5
94033,Fontenay-sous-Bois,94,Métropole du Grand Paris,Ophtalmologues,5.42,5.45,-0.5
94034,Fresnes,94,Métropole du Grand Paris,Ophtalmologues,5.42,5.45,-0.5
94037,Gentilly,94,Métropole du Grand Paris,Ophtalmologues,5.42,5.45,-0.5
94038,L'Haÿ-les-Roses,94,Métropole du Grand Paris,Ophtalmologues,5.42,5.45,-0.5
94041,Ivry-sur-Seine,94,Métropole du Grand Paris,Ophtalmologues,5.42,5.45,-0.5
94042,Joinville-le-Pont,94,Métropole du Grand Paris,Ophtalmologues,5.42,5.45,-0.5
94043,Le Kremlin-Bicêtre,94,Métropole du Grand Paris,Ophtalmologues,5.42,5.45,-0.5
94044,Limeil-Brévannes,94,Métropole du Grand Paris,Ophtalmologues,5.42,5.45,-0.5
94046,Maisons-Alfort,94,Métropole du Grand Paris,Ophtalmologues,5.42,5.45,-0.5
94047,Mandres-les-Roses,94,Métropole du Grand Paris,Ophtalmologues,5.42,5.45,-0.5
94048,Marolles-en-Brie,94,Métropole du Grand Paris,Ophtalmologues,5.42,5.45,-0.5
94052,Nogent-sur-Marne,94,Métropole du Grand Paris,Ophtalmologues,5.42,5.45,-0.5
94053,Noiseau,94,Métropole du Grand Paris,Ophtalmologues,5.42,5.45,-0.5
94054,Orly,94,Métropole du Grand Paris,Ophtalmologues,5.42,5.45,-0.5
94055,Ormesson-sur-Marne,94,Métropole du Grand Paris,Ophtalmologues,5.42,5.45,-0.5
94056,Périgny,94,Métropole du Grand Paris,Ophtalmologues,5.42,5.45,-0.5
94058,Le Perreux-sur-Marne,94,Métropole du Grand Paris,Ophtalmologues,5.42,5.45,-0.5
94059,Le Plessis-Trévise,94,Métropole du Grand Paris,Ophtalmologues,5.42,5.45,-0.5
94060,La Queue-en-Brie,94,Métropole du Grand Paris,Ophtalmologues,5.42,5.45,-0.5
94065,Rungis,94,Métropole du Grand Paris,Ophtalmologues,5.42,5.45,-0.5
94067,Saint-Mandé,94,Métropole du Grand Paris,Ophtalmologues,5.42,5.45,-0.5
94068,Saint-Maur-des-Fossés,94,Métropole du Grand Paris,Ophtalmologues,5.42,5.45,-0.5
94069,Saint-Maurice,94,Métropole du Grand Paris,Ophtalmologues,5.42,5.45,-0.5
94070,Santeny,94,Métropole du Grand Paris,Ophtalmologues,5.42,5.45,-0.5
94071,Sucy-en-Brie,94,Métropole du Grand Paris,Ophtalmologues,5.42,5.45,-0.5
94073,Thiais,94,Métropole du Grand Paris,Ophtalmologues,5.42,5.45,-0.5
94074,Valenton,94,Métropole du Grand Paris,Ophtalmologues,5.42,5.45,-0.5
94075,Villecresnes,94,Métropole du Grand Paris,Ophtalmologues,5.42,5.45,-0.5
94076,Villejuif,94,Métropole du Grand Paris,Ophtalmologues,5.42,5.45,-0.5
94077,Villeneuve-le-Roi,94,Métropole du Grand Paris,Ophtalmologues,5.42,5.45,-0.5
94078,Villeneuve-Saint-Georges,94,Métropole du Grand Paris,Ophtalmologues,5.42,5.45,-0.5
94079,Villiers-sur-Marne,94,Métropole du Grand Paris,Ophtalmologues,5.42,5.45,-0.5
94080,Vincennes,94,Métropole du Grand Paris,Ophtalmologues,5.42,5.45,-0.5
94081,Vitry-sur-Seine,94,Métropole du Grand Paris,Ophtalmologues,5.42,5.45,-0.5
95002,Ableiges,95,CC Vexin Centre,Ophtalmologues,4.56,5.45,-16.3
95008,Aincourt,95,CC du Vexin-Val de Seine,Ophtalmologues,4.56,5.45,-16.3
95011,Ambleville,95,CC du Vexin-Val de Seine,Ophtalmologues,4.56,5.45,-16.3
95012,Amenucourt,95,CC du Vexin-Val de Seine,Ophtalmologues,4.56,5.45,-16.3
95014,Andilly,95,CA Plaine Vallée,Ophtalmologues,4.56,5.45,-16.3
95018,Argenteuil,95,Métropole du Grand Paris,Ophtalmologues,4.56,5.45,-16.3
95019,Arnouville,95,CA Roissy Pays de France,Ophtalmologues,4.56,5.45,-16.3
95023,Arronville,95,CC Sausseron Impressionnistes,Ophtalmologues,4.56,5.45,-16.3
95024,Arthies,95,CC du Vexin-Val de Seine,Ophtalmologues,4.56,5.45,-16.3
95026,Asnières-sur-Oise,95,CC Carnelle Pays-de-France,Ophtalmologues,4.56,5.45,-16.3
95028,Attainville,95,CA Plaine Vallée,Ophtalmologues,4.56,5.45,-16.3
95039,Auvers-sur-Oise,95,CC Sausseron Impressionnistes,Ophtalmologues,4.56,5.45,-16.3
95040,Avernes,95,CC Vexin Centre,Ophtalmologues,4.56,5.45,-16.3
95042,Baillet-en-France,95,CC Carnelle Pays-de-France,Ophtalmologues,4.56,5.45,-16.3
95046,Banthelu,95,CC du Vexin-Val de Seine,Ophtalmologues,4.56,5.45,-16.3
95051,Beauchamp,95,CA Val Parisis,Ophtalmologues,4.56,5.45,-16.3
95052,Beaumont-sur-Oise,95,CC du Haut Val d'Oise,Ophtalmologues,4.56,5.45,-16.3
95054,Le Bellay-en-Vexin,95,CC Vexin Centre,Ophtalmologues,4.56,5.45,-16.3
95055,Bellefontaine,95,CC Carnelle Pays-de-France,Ophtalmologues,4.56,5.45,-16.3
95056,Belloy-en-France,95,CC Carnelle Pays-de-France,Ophtalmologues,4.56,5.45,-16.3
95058,Bernes-sur-Oise,95,CC du Haut Val d'Oise,Ophtalmologues,4.56,5.45,-16.3
95059,Berville,95,CC Vexin Centre,Ophtalmologues,4.56,5.45,-16.3
95060,Bessancourt,95,CA Val Parisis,Ophtalmologues,4.56,5.45,-16.3
95061,Béthemont-la-Forêt,95,CC de la Vallée de l'Oise et des Trois Forêts,Ophtalmologues,4.56,5.45,-16.3
95063,Bezons,95,CA Saint Germain Boucles de Seine,Ophtalmologues,4.56,5.45,-16.3
95074,Boisemont,95,CA de Cergy-Pontoise,Ophtalmologues,4.56,5.45,-16.3
95078,Boissy-l'Aillerie,95,CC Vexin Centre,Ophtalmologues,4.56,5.45,-16.3
95088,Bonneuil-en-France,95,CA Roissy Pays de France,Ophtalmologues,4.56,5.45,-16.3
95091,Bouffémont,95,CA Plaine Vallée,Ophtalmologues,4.56,5.45,-16.3
95094,Bouqueval,95,CA Roissy Pays de France,Ophtalmologues,4.56,5.45,-16.3
95101,Bray-et-Lû,95,CC du Vexin-Val de Seine,Ophtalmologues,4.56,5.45,-16.3
95102,Bréançon,95,CC Vexin Centre,Ophtalmologues,4.56,5.45,-16.3
95110,Brignancourt,95,CC Vexin Centre,Ophtalmologues,4.56,5.45,-16.3
95116,Bruyères-sur-Oise,95,CC du Haut Val d'Oise,Ophtalmologues,4.56,5.45,-16.3
95119,Buhy,95,CC du Vexin-Val de Seine,Ophtalmologues,4.56,5.45,-16.3
95120,Butry-sur-Oise,95,CC Sausseron Impressionnistes,Ophtalmologues,4.56,5.45,-16.3
95127,Cergy,95,CA de Cergy-Pontoise,Ophtalmologues,4.56,5.45,-16.3
95134,Champagne-sur-Oise,95,CC du Haut Val d'Oise,Ophtalmologues,4.56,5.45,-16.3
95139,La Chapelle-en-Vexin,95,CC du Vexin-Val de Seine,Ophtalmologues,4.56,5.45,-16.3
95141,Charmont,95,CC du Vexin-Val de Seine,Ophtalmologues,4.56,5.45,-16.3
95142,Chars,95,CC Vexin Centre,Ophtalmologues,4.56,5.45,-16.3
95144,Châtenay-en-France,95,CC Carnelle Pays-de-France,Ophtalmologues,4.56,5.45,-16.3
95149,Chaumontel,95,CC Carnelle Pays-de-France,Ophtalmologues,4.56,5.45,-16.3
95150,Chaussy,95,CC du Vexin-Val de Seine,Ophtalmologues,4.56,5.45,-16.3
95151,Chauvry,95,CC de la Vallée de l'Oise et des Trois Forêts,Ophtalmologues,4.56,5.45,-16.3
95154,Chennevières-lès-Louvres,95,CA Roissy Pays de France,Ophtalmologues,4.56,5.45,-16.3
95157,Chérence,95,CC du Vexin-Val de Seine,Ophtalmologues,4.56,5.45,-16.3
95166,Cléry-en-Vexin,95,CC Vexin Centre,Ophtalmologues,4.56,5.45,-16.3
95169,Commeny,95,CC Vexin Centre,Ophtalmologues,4.56,5.45,-16.3
95170,Condécourt,95,CC Vexin Centre,Ophtalmologues,4.56,5.45,-16.3
95176,Cormeilles-en-Parisis,95,CA Val Parisis,Ophtalmologues,4.56,5.45,-16.3
95177,Cormeilles-en-Vexin,95,CC Vexin Centre,Ophtalmologues,4.56,5.45,-16.3
95181,Courcelles-sur-Viosne,95,CC Vexin Centre,Ophtalmologues,4.56,5.45,-16.3
95183,Courdimanche,95,CA de Cergy-Pontoise,Ophtalmologues,4.56,5.45,-16.3
95197,Deuil-la-Barre,95,CA Plaine Vallée,Ophtalmologues,4.56,5.45,-16.3
95199,Domont,95,CA Plaine Vallée,Ophtalmologues,4.56,5.45,-16.3
95203,Eaubonne,95,CA Val Parisis,Ophtalmologues,4.56,5.45,-16.3
95205,Écouen,95,CA Roissy Pays de France,Ophtalmologues,4.56,5.45,-16.3
95210,Enghien-les-Bains,95,CA Plaine Vallée,Ophtalmologues,4.56,5.45,-16.3
95211,Ennery,95,CC Sausseron Impressionnistes,Ophtalmologues,4.56,5.45,-16.3
95212,Épiais-lès-Louvres,95,CA Roissy Pays de France,Ophtalmologues,4.56,5.45,-16.3
95213,Épiais-Rhus,95,CC Sausseron Impressionnistes,Ophtalmologues,4.56,5.45,-16.3
95214,Épinay-Champlâtreux,95,CC Carnelle Pays-de-France,Ophtalmologues,4.56,5.45,-16.3
95218,Éragny-sur-Oise,95,CA de Cergy-Pontoise,Ophtalmologues,4.56,5.45,-16.3
95219,Ermont,95,CA Val Parisis,Ophtalmologues,4.56,5.45,-16.3
95229,Ézanville,95,CA Plaine Vallée,Ophtalmologues,4.56,5.45,-16.3
95241,Fontenay-en-Parisis,95,CA Roissy Pays de France,Ophtalmologues,4.56,5.45,-16.3
95250,Fosses,95,CA Roissy Pays de France,Ophtalmologues,4.56,5.45,-16.3
95252,Franconville,95,CA Val Parisis,Ophtalmologues,4.56,5.45,-16.3
95253,Frémainville,95,CC Vexin Centre,Ophtalmologues,4.56,5.45,-16.3
95254,Frémécourt,95,CC Vexin Centre,Ophtalmologues,4.56,5.45,-16.3
95256,Frépillon,95,CA Val Parisis,Ophtalmologues,4.56,5.45,-16.3
95257,La Frette-sur-Seine,95,CA Val Parisis,Ophtalmologues,4.56,5.45,-16.3
95258,Frouville,95,CC Sausseron Impressionnistes,Ophtalmologues,4.56,5.45,-16.3
95268,Garges-lès-Gonesse,95,CA Roissy Pays de France,Ophtalmologues,4.56,5.45,-16.3
95270,Genainville,95,CC du Vexin-Val de Seine,Ophtalmologues,4.56,5.45,-16.3
95271,Génicourt,95,CC Sausseron Impressionnistes,Ophtalmologues,4.56,5.45,-16.3
95277,Gonesse,95,CA Roissy Pays de France,Ophtalmologues,4.56,5.45,-16.3
95280,Goussainville,95,CA Roissy Pays de France,Ophtalmologues,4.56,5.45,-16.3
95287,Grisy-les-Plâtres,95,CC Vexin Centre,Ophtalmologues,4.56,5.45,-16.3
95288,Groslay,95,CA Plaine Vallée,Ophtalmologues,4.56,5.45,-16.3
95295,Guiry-en-Vexin,95,CC Vexin Centre,Ophtalmologues,4.56,5.45,-16.3
95298,Haravilliers,95,CC Vexin Centre,Ophtalmologues,4.56,5.45,-16.3
95301,Haute-Isle,95,CC du Vexin-Val de Seine,Ophtalmologues,4.56,5.45,-16.3
95303,Le Heaulme,95,CC Vexin Centre,Ophtalmologues,4.56,5.45,-16.3
95304,Hédouville,95,CC Sausseron Impressionnistes,Ophtalmologues,4.56,5.45,-16.3
95306,Herblay-sur-Seine,95,CA Val Parisis,Ophtalmologues,4.56,5.45,-16.3
95308,Hérouville-en-Vexin,95,CC Sausseron Impressionnistes,Ophtalmologues,4.56,5.45,-16.3
95309,Hodent,95,CC du Vexin-Val de Seine,Ophtalmologues,4.56,5.45,-16.3
95313,L'Isle-Adam,95,CC de la Vallée de l'Oise et des Trois Forêts,Ophtalmologues,4.56,5.45,-16.3
95316,Jagny-sous-Bois,95,CC Carnelle Pays-de-France,Ophtalmologues,4.56,5.45,-16.3
95323,Jouy-le-Moutier,95,CA de Cergy-Pontoise,Ophtalmologues,4.56,5.45,-16.3
95328,Labbeville,95,CC Sausseron Impressionnistes,Ophtalmologues,4.56,5.45,-16.3
95331,Lassy,95,CC Carnelle Pays-de-France,Ophtalmologues,4.56,5.45,-16.3
95341,Livilliers,95,CC Sausseron Impressionnistes,Ophtalmologues,4.56,5.45,-16.3
95348,Longuesse,95,CC Vexin Centre,Ophtalmologues,4.56,5.45,-16.3
95351,Louvres,95,CA Roissy Pays de France,Ophtalmologues,4.56,5.45,-16.3
95352,Luzarches,95,CC Carnelle Pays-de-France,Ophtalmologues,4.56,5.45,-16.3
95353,Maffliers,95,CC Carnelle Pays-de-France,Ophtalmologues,4.56,5.45,-16.3
95355,Magny-en-Vexin,95,CC du Vexin-Val de Seine,Ophtalmologues,4.56,5.45,-16.3
95365,Mareil-en-France,95,CC Carnelle Pays-de-France,Ophtalmologues,4.56,5.45,-16.3
95369,Margency,95,CA Plaine Vallée,Ophtalmologues,4.56,5.45,-16.3
95370,Marines,95,CC Vexin Centre,Ophtalmologues,4.56,5.45,-16.3
95371,Marly-la-Ville,95,CA Roissy Pays de France,Ophtalmologues,4.56,5.45,-16.3
95379,Maudétour-en-Vexin,95,CC du Vexin-Val de Seine,Ophtalmologues,4.56,5.45,-16.3
95387,Menouville,95,CC Sausseron Impressionnistes,Ophtalmologues,4.56,5.45,-16.3
95388,Menucourt,95,CA de Cergy-Pontoise,Ophtalmologues,4.56,5.45,-16.3
95392,Mériel,95,CC de la Vallée de l'Oise et des Trois Forêts,Ophtalmologues,4.56,5.45,-16.3
95394,Méry-sur-Oise,95,CC de la Vallée de l'Oise et des Trois Forêts,Ophtalmologues,4.56,5.45,-16.3
95395,Le Mesnil-Aubry,95,CA Roissy Pays de France,Ophtalmologues,4.56,5.45,-16.3
95409,Moisselles,95,CA Plaine Vallée,Ophtalmologues,4.56,5.45,-16.3
95422,Montgeroult,95,CC Vexin Centre,Ophtalmologues,4.56,5.45,-16.3
95424,Montigny-lès-Cormeilles,95,CA Val Parisis,Ophtalmologues,4.56,5.45,-16.3
95426,Montlignon,95,CA Plaine Vallée,Ophtalmologues,4.56,5.45,-16.3
95427,Montmagny,95,CA Plaine Vallée,Ophtalmologues,4.56,5.45,-16.3
95428,Montmorency,95,CA Plaine Vallée,Ophtalmologues,4.56,5.45,-16.3
95429,Montreuil-sur-Epte,95,CC du Vexin-Val de Seine,Ophtalmologues,4.56,5.45,-16.3
95430,Montsoult,95,CC Carnelle Pays-de-France,Ophtalmologues,4.56,5.45,-16.3
95436,Mours,95,CC du Haut Val d'Oise,Ophtalmologues,4.56,5.45,-16.3
95438,Moussy,95,CC Vexin Centre,Ophtalmologues,4.56,5.45,-16.3
95445,Nerville-la-Forêt,95,CC de la Vallée de l'Oise et des Trois Forêts,Ophtalmologues,4.56,5.45,-16.3
95446,Nesles-la-Vallée,95,CC Sausseron Impressionnistes,Ophtalmologues,4.56,5.45,-16.3
95447,Neuilly-en-Vexin,95,CC Vexin Centre,Ophtalmologues,4.56,5.45,-16.3
95450,Neuville-sur-Oise,95,CA de Cergy-Pontoise,Ophtalmologues,4.56,5.45,-16.3
95452,Nointel,95,CC du Haut Val d'Oise,Ophtalmologues,4.56,5.45,-16.3
95456,Noisy-sur-Oise,95,CC du Haut Val d'Oise,Ophtalmologues,4.56,5.45,-16.3
95459,Nucourt,95,CC Vexin Centre,Ophtalmologues,4.56,5.45,-16.3
95462,Omerville,95,CC du Vexin-Val de Seine,Ophtalmologues,4.56,5.45,-16.3
95476,Osny,95,CA de Cergy-Pontoise,Ophtalmologues,4.56,5.45,-16.3
95480,Parmain,95,CC de la Vallée de l'Oise et des Trois Forêts,Ophtalmologues,4.56,5.45,-16.3
95483,Le Perchay,95,CC Vexin Centre,Ophtalmologues,4.56,5.45,-16.3
95487,Persan,95,CC du Haut Val d'Oise,Ophtalmologues,4.56,5.45,-16.3
95488,Pierrelaye,95,CA Val Parisis,Ophtalmologues,4.56,5.45,-16.3
95489,Piscop,95,CA Plaine Vallée,Ophtalmologues,4.56,5.45,-16.3
95491,Le Plessis-Bouchard,95,CA Val Parisis,Ophtalmologues,4.56,5.45,-16.3
95492,Le Plessis-Gassot,95,CA Roissy Pays de France,Ophtalmologues,4.56,5.45,-16.3
95493,Le Plessis-Luzarches,95,CC Carnelle Pays-de-France,Ophtalmologues,4.56,5.45,-16.3
95500,Pontoise,95,CA de Cergy-Pontoise,Ophtalmologues,4.56,5.45,-16.3
95504,Presles,95,CC de la Vallée de l'Oise et des Trois Forêts,Ophtalmologues,4.56,5.45,-16.3
95509,Puiseux-en-France,95,CA Roissy Pays de France,Ophtalmologues,4.56,5.45,-16.3
95510,Puiseux-Pontoise,95,CA de Cergy-Pontoise,Ophtalmologues,4.56,5.45,-16.3
95523,La Roche-Guyon,95,CC du Vexin-Val de Seine,Ophtalmologues,4.56,5.45,-16.3
95527,Roissy-en-France,95,CA Roissy Pays de France,Ophtalmologues,4.56,5.45,-16.3
95529,Ronquerolles,95,CC du Haut Val d'Oise,Ophtalmologues,4.56,5.45,-16.3
95535,Sagy,95,CC Vexin Centre,Ophtalmologues,4.56,5.45,-16.3
95539,Saint-Brice-sous-Forêt,95,CA Plaine Vallée,Ophtalmologues,4.56,5.45,-16.3
95541,Saint-Clair-sur-Epte,95,CC du Vexin-Val de Seine,Ophtalmologues,4.56,5.45,-16.3
95543,Saint-Cyr-en-Arthies,95,CC du Vexin-Val de Seine,Ophtalmologues,4.56,5.45,-16.3
95554,Saint-Gervais,95,CC du Vexin-Val de Seine,Ophtalmologues,4.56,5.45,-16.3
95555,Saint-Gratien,95,CA Plaine Vallée,Ophtalmologues,4.56,5.45,-16.3
95563,Saint-Leu-la-Forêt,95,CA Val Parisis,Ophtalmologues,4.56,5.45,-16.3
95566,Saint-Martin-du-Tertre,95,CC Carnelle Pays-de-France,Ophtalmologues,4.56,5.45,-16.3
95572,Saint-Ouen-l'Aumône,95,CA de Cergy-Pontoise,Ophtalmologues,4.56,5.45,-16.3
95574,Saint-Prix,95,CA Plaine Vallée,Ophtalmologues,4.56,5.45,-16.3
95580,Saint-Witz,95,CA Roissy Pays de France,Ophtalmologues,4.56,5.45,-16.3
95582,Sannois,95,CA Val Parisis,Ophtalmologues,4.56,5.45,-16.3
95584,Santeuil,95,CC Vexin Centre,Ophtalmologues,4.56,5.45,-16.3
95585,Sarcelles,95,CA Roissy Pays de France,Ophtalmologues,4.56,5.45,-16.3
95592,Seraincourt,95,CC Vexin Centre,Ophtalmologues,4.56,5.45,-16.3
95594,Seugy,95,CC Carnelle Pays-de-France,Ophtalmologues,4.56,5.45,-16.3
95598,Soisy-sous-Montmorency,95,CA Plaine Vallée,Ophtalmologues,4.56,5.45,-16.3
95604,Survilliers,95,CA Roissy Pays de France,Ophtalmologues,4.56,5.45,-16.3
95607,Taverny,95,CA Val Parisis,Ophtalmologues,4.56,5.45,-16.3
95610,Théméricourt,95,CC Vexin Centre,Ophtalmologues,4.56,5.45,-16.3
95611,Theuville,95,CC Vexin Centre,Ophtalmologues,4.56,5.45,-16.3
95612,Le Thillay,95,CA Roissy Pays de France,Ophtalmologues,4.56,5.45,-16.3
95625,Us,95,CC Vexin Centre,Ophtalmologues,4.56,5.45,-16.3
95627,Vallangoujard,95,CC Sausseron Impressionnistes,Ophtalmologues,4.56,5.45,-16.3
95628,Valmondois,95,CC Sausseron Impressionnistes,Ophtalmologues,4.56,5.45,-16.3
95633,Vaudherland,95,CA Roissy Pays de France,Ophtalmologues,4.56,5.45,-16.3
95637,Vauréal,95,CA de Cergy-Pontoise,Ophtalmologues,4.56,5.45,-16.3
95641,Vémars,95,CA Roissy Pays de France,Ophtalmologues,4.56,5.45,-16.3
95651,Vétheuil,95,CC du Vexin-Val de Seine,Ophtalmologues,4.56,5.45,-16.3
95652,Viarmes,95,CC Carnelle Pays-de-France,Ophtalmologues,4.56,5.45,-16.3
95656,Vienne-en-Arthies,95,CC du Vexin-Val de Seine,Ophtalmologues,4.56,5.45,-16.3
95658,Vigny,95,CC Vexin Centre,Ophtalmologues,4.56,5.45,-16.3
95660,Villaines-sous-Bois,95,CC Carnelle Pays-de-France,Ophtalmologues,4.56,5.45,-16.3
95675,Villeron,95,CA Roissy Pays de France,Ophtalmologues,4.56,5.45,-16.3
95676,Villers-en-Arthies,95,CC du Vexin-Val de Seine,Ophtalmologues,4.56,5.45,-16.3
95678,Villiers-Adam,95,CC de la Vallée de l'Oise et des Trois Forêts,Ophtalmologues,4.56,5.45,-16.3
95680,Villiers-le-Bel,95,CA Roissy Pays de France,Ophtalmologues,4.56,5.45,-16.3
95682,Villiers-le-Sec,95,CC Carnelle Pays-de-France,Ophtalmologues,4.56,5.45,-16.3
95690,Wy-dit-Joli-Village,95,CC du Vexin-Val de Seine,Ophtalmologues,4.56,5.45,-16.3
75056,Paris,75,Métropole du Grand Paris,Gynecologues,25.36,6.0,322.6
77001,Achères-la-Forêt,77,CA du Pays de Fontainebleau,Gynecologues,4.68,6.0,-22.0
77002,Amillis,77,CA Coulommiers Pays de Brie,Gynecologues,4.68,6.0,-22.0
77003,Amponville,77,CC Pays de Nemours,Gynecologues,4.68,6.0,-22.0
77004,Andrezel,77,CC Brie des Rivières et Châteaux,Gynecologues,4.68,6.0,-22.0
77005,Annet-sur-Marne,77,CC Plaines et Monts de France,Gynecologues,4.68,6.0,-22.0
77006,Arbonne-la-Forêt,77,CA du Pays de Fontainebleau,Gynecologues,4.68,6.0,-22.0
77007,Argentières,77,CC Brie des Rivières et Châteaux,Gynecologues,4.68,6.0,-22.0
77008,Armentières-en-Brie,77,CC du Pays de l'Ourcq,Gynecologues,4.68,6.0,-22.0
77009,Arville,77,CC Gâtinais Val de Loing,Gynecologues,4.68,6.0,-22.0
77010,Aubepierre-Ozouer-le-Repos,77,CC Brie Nangissienne,Gynecologues,4.68,6.0,-22.0
77011,Aufferville,77,CC Gâtinais Val de Loing,Gynecologues,4.68,6.0,-22.0
77012,Augers-en-Brie,77,CC du Provinois,Gynecologues,4.68,6.0,-22.0
77013,Aulnoy,77,CA Coulommiers Pays de Brie,Gynecologues,4.68,6.0,-22.0
77014,Avon,77,CA du Pays de Fontainebleau,Gynecologues,4.68,6.0,-22.0
77015,Baby,77,CC Bassée-Montois,Gynecologues,4.68,6.0,-22.0
77016,Bagneaux-sur-Loing,77,CC Pays de Nemours,Gynecologues,4.68,6.0,-22.0
77018,Bailly-Romainvilliers,77,CA Val d'Europe Agglomération,Gynecologues,4.68,6.0,-22.0
77019,Balloy,77,CC Bassée-Montois,Gynecologues,4.68,6.0,-22.0
77020,Bannost-Villegagnon,77,CC du Provinois,Gynecologues,4.68,6.0,-22.0
77021,Barbey,77,CC Pays de Montereau,Gynecologues,4.68,6.0,-22.0
77022,Barbizon,77,CA du Pays de Fontainebleau,Gynecologues,4.68,6.0,-22.0
77023,Barcy,77,CA du Pays de Meaux,Gynecologues,4.68,6.0,-22.0
77024,Bassevelle,77,CA Coulommiers Pays de Brie,Gynecologues,4.68,6.0,-22.0
77025,Bazoches-lès-Bray,77,CC Bassée-Montois,Gynecologues,4.68,6.0,-22.0
77026,Beauchery-Saint-Martin,77,CC du Provinois,Gynecologues,4.68,6.0,-22.0
77027,Beaumont-du-Gâtinais,77,CC Gâtinais Val de Loing,Gynecologues,4.68,6.0,-22.0
77029,Beauvoir,77,CC Brie des Rivières et Châteaux,Gynecologues,4.68,6.0,-22.0
77030,Bellot,77,CC des Deux Morin,Gynecologues,4.68,6.0,-22.0
77031,Bernay-Vilbert,77,CC Val Briard,Gynecologues,4.68,6.0,-22.0
77032,Beton-Bazoches,77,CC du Provinois,Gynecologues,4.68,6.0,-22.0
77033,Bezalles,77,CC du Provinois,Gynecologues,4.68,6.0,-22.0
77034,Blandy,77,CC Brie des Rivières et Châteaux,Gynecologues,4.68,6.0,-22.0
77035,Blennes,77,CC Pays de Montereau,Gynecologues,4.68,6.0,-22.0
77036,Boisdon,77,CC du Provinois,Gynecologues,4.68,6.0,-22.0
77037,Bois-le-Roi,77,CA du Pays de Fontainebleau,Gynecologues,4.68,6.0,-22.0
77038,Boissettes,77,CA Melun Val de Seine,Gynecologues,4.68,6.0,-22.0
77039,Boissise-la-Bertrand,77,CA Melun Val de Seine,Gynecologues,4.68,6.0,-22.0
77040,Boissise-le-Roi,77,CA Melun Val de Seine,Gynecologues,4.68,6.0,-22.0
77041,Boissy-aux-Cailles,77,CA du Pays de Fontainebleau,Gynecologues,4.68,6.0,-22.0
77042,Boissy-le-Châtel,77,CA Coulommiers Pays de Brie,Gynecologues,4.68,6.0,-22.0
77043,Boitron,77,CC des Deux Morin,Gynecologues,4.68,6.0,-22.0
77044,Bombon,77,CC Brie des Rivières et Châteaux,Gynecologues,4.68,6.0,-22.0
77045,Bougligny,77,CC Gâtinais Val de Loing,Gynecologues,4.68,6.0,-22.0
77046,Boulancourt,77,CC Pays de Nemours,Gynecologues,4.68,6.0,-22.0
77047,Bouleurs,77,CA Coulommiers Pays de Brie,Gynecologues,4.68,6.0,-22.0
77048,Bourron-Marlotte,77,CA du Pays de Fontainebleau,Gynecologues,4.68,6.0,-22.0
77049,Boutigny,77,CA du Pays de Meaux,Gynecologues,4.68,6.0,-22.0
77050,Bransles,77,CC Gâtinais Val de Loing,Gynecologues,4.68,6.0,-22.0
77051,Bray-sur-Seine,77,CC Bassée-Montois,Gynecologues,4.68,6.0,-22.0
77052,Bréau,77,CC Brie Nangissienne,Gynecologues,4.68,6.0,-22.0
77053,Brie-Comte-Robert,77,CC l'Orée de la Brie,Gynecologues,4.68,6.0,-22.0
77054,La Brosse-Montceaux,77,CC Pays de Montereau,Gynecologues,4.68,6.0,-22.0
77055,Brou-sur-Chantereine,77,CA Paris - Vallée de la Marne,Gynecologues,4.68,6.0,-22.0
77056,Burcy,77,CC Pays de Nemours,Gynecologues,4.68,6.0,-22.0
77057,Bussières,77,CA Coulommiers Pays de Brie,Gynecologues,4.68,6.0,-22.0
77058,Bussy-Saint-Georges,77,CA Marne et Gondoire,Gynecologues,4.68,6.0,-22.0
77059,Bussy-Saint-Martin,77,CA Marne et Gondoire,Gynecologues,4.68,6.0,-22.0
77060,Buthiers,77,CC Pays de Nemours,Gynecologues,4.68,6.0,-22.0
77061,Cannes-Écluse,77,CC Pays de Montereau,Gynecologues,4.68,6.0,-22.0
77062,Carnetin,77,CA Marne et Gondoire,Gynecologues,4.68,6.0,-22.0
77063,La Celle-sur-Morin,77,CA Coulommiers Pays de Brie,Gynecologues,4.68,6.0,-22.0
77065,Cély,77,CA du Pays de Fontainebleau,Gynecologues,4.68,6.0,-22.0
77066,Cerneux,77,CC du Provinois,Gynecologues,4.68,6.0,-22.0
77067,Cesson,77,CA Grand Paris Sud Seine Essonne Sénart,Gynecologues,4.68,6.0,-22.0
77068,Cessoy-en-Montois,77,CC Bassée-Montois,Gynecologues,4.68,6.0,-22.0
77069,Chailly-en-Bière,77,CA du Pays de Fontainebleau,Gynecologues,4.68,6.0,-22.0
77070,Chailly-en-Brie,77,CA Coulommiers Pays de Brie,Gynecologues,4.68,6.0,-22.0
77071,Chaintreaux,77,CC Gâtinais Val de Loing,Gynecologues,4.68,6.0,-22.0
77072,Chalautre-la-Grande,77,CC du Provinois,Gynecologues,4.68,6.0,-22.0
77073,Chalautre-la-Petite,77,CC du Provinois,Gynecologues,4.68,6.0,-22.0
77075,Chalifert,77,CA Marne et Gondoire,Gynecologues,4.68,6.0,-22.0
77076,Chalmaison,77,CC Bassée-Montois,Gynecologues,4.68,6.0,-22.0
77077,Chambry,77,CA du Pays de Meaux,Gynecologues,4.68,6.0,-22.0
77078,Chamigny,77,CA Coulommiers Pays de Brie,Gynecologues,4.68,6.0,-22.0
77079,Champagne-sur-Seine,77,CC Moret Seine et Loing,Gynecologues,4.68,6.0,-22.0
77080,Champcenest,77,CC du Provinois,Gynecologues,4.68,6.0,-22.0
77081,Champdeuil,77,CC Brie des Rivières et Châteaux,Gynecologues,4.68,6.0,-22.0
77082,Champeaux,77,CC Brie des Rivières et Châteaux,Gynecologues,4.68,6.0,-22.0
77083,Champs-sur-Marne,77,CA Paris - Vallée de la Marne,Gynecologues,4.68,6.0,-22.0
77084,Changis-sur-Marne,77,CA Coulommiers Pays de Brie,Gynecologues,4.68,6.0,-22.0
77085,Chanteloup-en-Brie,77,CA Marne et Gondoire,Gynecologues,4.68,6.0,-22.0
77086,La Chapelle-Gauthier,77,CC Brie Nangissienne,Gynecologues,4.68,6.0,-22.0
77087,La Chapelle-Iger,77,CC Val Briard,Gynecologues,4.68,6.0,-22.0
77088,La Chapelle-la-Reine,77,CA du Pays de Fontainebleau,Gynecologues,4.68,6.0,-22.0
77089,La Chapelle-Rablais,77,CC Brie Nangissienne,Gynecologues,4.68,6.0,-22.0
77090,La Chapelle-Saint-Sulpice,77,CC du Provinois,Gynecologues,4.68,6.0,-22.0
77091,Les Chapelles-Bourbon,77,CC Val Briard,Gynecologues,4.68,6.0,-22.0
77093,La Chapelle-Moutils,77,CC des Deux Morin,Gynecologues,4.68,6.0,-22.0
77094,Charmentray,77,CC Plaines et Monts de France,Gynecologues,4.68,6.0,-22.0
77095,Charny,77,CC Plaines et Monts de France,Gynecologues,4.68,6.0,-22.0
77096,Chartrettes,77,CA du Pays de Fontainebleau,Gynecologues,4.68,6.0,-22.0
77097,Chartronges,77,CC des Deux Morin,Gynecologues,4.68,6.0,-22.0
77098,Châteaubleau,77,CC Brie Nangissienne,Gynecologues,4.68,6.0,-22.0
77099,Château-Landon,77,CC Gâtinais Val de Loing,Gynecologues,4.68,6.0,-22.0
77100,Le Châtelet-en-Brie,77,CC Brie des Rivières et Châteaux,Gynecologues,4.68,6.0,-22.0
77101,Châtenay-sur-Seine,77,CC Bassée-Montois,Gynecologues,4.68,6.0,-22.0
77102,Châtenoy,77,CC Pays de Nemours,Gynecologues,4.68,6.0,-22.0
77103,Châtillon-la-Borde,77,CC Brie des Rivières et Châteaux,Gynecologues,4.68,6.0,-22.0
77104,Châtres,77,CC Val Briard,Gynecologues,4.68,6.0,-22.0
77106,Chauffry,77,CA Coulommiers Pays de Brie,Gynecologues,4.68,6.0,-22.0
77107,Chaumes-en-Brie,77,CC Brie des Rivières et Châteaux,Gynecologues,4.68,6.0,-22.0
77108,Chelles,77,CA Paris - Vallée de la Marne,Gynecologues,4.68,6.0,-22.0
77109,Chenoise-Cucharmoy,77,CC du Provinois,Gynecologues,4.68,6.0,-22.0
77110,Chenou,77,CC Gâtinais Val de Loing,Gynecologues,4.68,6.0,-22.0
77111,Chessy,77,CA Val d'Europe Agglomération,Gynecologues,4.68,6.0,-22.0
77112,Chevrainvilliers,77,CC Pays de Nemours,Gynecologues,4.68,6.0,-22.0
77113,Chevru,77,CA Coulommiers Pays de Brie,Gynecologues,4.68,6.0,-22.0
77114,Chevry-Cossigny,77,CC l'Orée de la Brie,Gynecologues,4.68,6.0,-22.0
77115,Chevry-en-Sereine,77,CC Pays de Montereau,Gynecologues,4.68,6.0,-22.0
77116,Choisy-en-Brie,77,CC des Deux Morin,Gynecologues,4.68,6.0,-22.0
77117,Citry,77,CA Coulommiers Pays de Brie,Gynecologues,4.68,6.0,-22.0
77118,Claye-Souilly,77,CA Roissy Pays de France,Gynecologues,4.68,6.0,-22.0
77119,Clos-Fontaine,77,CC Brie Nangissienne,Gynecologues,4.68,6.0,-22.0
77120,Cocherel,77,CC du Pays de l'Ourcq,Gynecologues,4.68,6.0,-22.0
77121,Collégien,77,CA Marne et Gondoire,Gynecologues,4.68,6.0,-22.0
77122,Combs-la-Ville,77,CA Grand Paris Sud Seine Essonne Sénart,Gynecologues,4.68,6.0,-22.0
77123,Compans,77,CA Roissy Pays de France,Gynecologues,4.68,6.0,-22.0
77124,Conches-sur-Gondoire,77,CA Marne et Gondoire,Gynecologues,4.68,6.0,-22.0
77125,Condé-Sainte-Libiaire,77,CA Coulommiers Pays de Brie,Gynecologues,4.68,6.0,-22.0
77126,Congis-sur-Thérouanne,77,CC du Pays de l'Ourcq,Gynecologues,4.68,6.0,-22.0
77127,Coubert,77,CC Brie des Rivières et Châteaux,Gynecologues,4.68,6.0,-22.0
77128,Couilly-Pont-aux-Dames,77,CA Coulommiers Pays de Brie,Gynecologues,4.68,6.0,-22.0
77129,Coulombs-en-Valois,77,CC du Pays de l'Ourcq,Gynecologues,4.68,6.0,-22.0
77130,Coulommes,77,CA Coulommiers Pays de Brie,Gynecologues,4.68,6.0,-22.0
77131,Coulommiers,77,CA Coulommiers Pays de Brie,Gynecologues,4.68,6.0,-22.0
77132,Coupvray,77,CA Val d'Europe Agglomération,Gynecologues,4.68,6.0,-22.0
77133,Courcelles-en-Bassée,77,CC Pays de Montereau,Gynecologues,4.68,6.0,-22.0
77134,Courchamp,77,CC du Provinois,Gynecologues,4.68,6.0,-22.0
77135,Courpalay,77,CC Val Briard,Gynecologues,4.68,6.0,-22.0
77136,Courquetaine,77,CC Brie des Rivières et Châteaux,Gynecologues,4.68,6.0,-22.0
77137,Courtacon,77,CC du Provinois,Gynecologues,4.68,6.0,-22.0
77138,Courtomer,77,CC Val Briard,Gynecologues,4.68,6.0,-22.0
77139,Courtry,77,CA Paris - Vallée de la Marne,Gynecologues,4.68,6.0,-22.0
77140,Coutençon,77,CC Bassée-Montois,Gynecologues,4.68,6.0,-22.0
77141,Coutevroult,77,CA Coulommiers Pays de Brie,Gynecologues,4.68,6.0,-22.0
77142,Crécy-la-Chapelle,77,CA Coulommiers Pays de Brie,Gynecologues,4.68,6.0,-22.0
77143,Crégy-lès-Meaux,77,CA du Pays de Meaux,Gynecologues,4.68,6.0,-22.0
77144,Crèvecœur-en-Brie,77,CC Val Briard,Gynecologues,4.68,6.0,-22.0
77145,Crisenoy,77,CC Brie des Rivières et Châteaux,Gynecologues,4.68,6.0,-22.0
77146,Croissy-Beaubourg,77,CA Paris - Vallée de la Marne,Gynecologues,4.68,6.0,-22.0
77147,La Croix-en-Brie,77,CC Brie Nangissienne,Gynecologues,4.68,6.0,-22.0
77148,Crouy-sur-Ourcq,77,CC du Pays de l'Ourcq,Gynecologues,4.68,6.0,-22.0
77150,Cuisy,77,CC Plaines et Monts de France,Gynecologues,4.68,6.0,-22.0
77151,Dagny,77,CA Coulommiers Pays de Brie,Gynecologues,4.68,6.0,-22.0
77152,Dammarie-les-Lys,77,CA Melun Val de Seine,Gynecologues,4.68,6.0,-22.0
77153,Dammartin-en-Goële,77,CA Roissy Pays de France,Gynecologues,4.68,6.0,-22.0
77154,Dammartin-sur-Tigeaux,77,CA Coulommiers Pays de Brie,Gynecologues,4.68,6.0,-22.0
77155,Dampmart,77,CA Marne et Gondoire,Gynecologues,4.68,6.0,-22.0
77156,Darvault,77,CC Pays de Nemours,Gynecologues,4.68,6.0,-22.0
77157,Dhuisy,77,CC du Pays de l'Ourcq,Gynecologues,4.68,6.0,-22.0
77158,Diant,77,CC Pays de Montereau,Gynecologues,4.68,6.0,-22.0
77159,Donnemarie-Dontilly,77,CC Bassée-Montois,Gynecologues,4.68,6.0,-22.0
77161,Dormelles,77,CC Moret Seine et Loing,Gynecologues,4.68,6.0,-22.0
77162,Doue,77,CC des Deux Morin,Gynecologues,4.68,6.0,-22.0
77163,Douy-la-Ramée,77,CC du Pays de l'Ourcq,Gynecologues,4.68,6.0,-22.0
77164,Échouboulains,77,CC Brie des Rivières et Châteaux,Gynecologues,4.68,6.0,-22.0
77165,Les Écrennes,77,CC Brie des Rivières et Châteaux,Gynecologues,4.68,6.0,-22.0
77167,Égligny,77,CC Bassée-Montois,Gynecologues,4.68,6.0,-22.0
77168,Égreville,77,CC Gâtinais Val de Loing,Gynecologues,4.68,6.0,-22.0
77169,Émerainville,77,CA Paris - Vallée de la Marne,Gynecologues,4.68,6.0,-22.0
77171,Esbly,77,CA Val d'Europe Agglomération,Gynecologues,4.68,6.0,-22.0
77172,Esmans,77,CC Pays de Montereau,Gynecologues,4.68,6.0,-22.0
77173,Étrépilly,77,CC du Pays de l'Ourcq,Gynecologues,4.68,6.0,-22.0
77174,Everly,77,CC Bassée-Montois,Gynecologues,4.68,6.0,-22.0
77175,Évry-Grégy-sur-Yerre,77,CC Brie des Rivières et Châteaux,Gynecologues,4.68,6.0,-22.0
77176,Faremoutiers,77,CA Coulommiers Pays de Brie,Gynecologues,4.68,6.0,-22.0
77177,Favières,77,CC Val Briard,Gynecologues,4.68,6.0,-22.0
77178,Faÿ-lès-Nemours,77,CC Pays de Nemours,Gynecologues,4.68,6.0,-22.0
77179,Féricy,77,CC Brie des Rivières et Châteaux,Gynecologues,4.68,6.0,-22.0
77180,Férolles-Attilly,77,CC Les Portes Briardes Entre Villes et Forêts,Gynecologues,4.68,6.0,-22.0
77181,Ferrières-en-Brie,77,CA Marne et Gondoire,Gynecologues,4.68,6.0,-22.0
77182,La Ferté-Gaucher,77,CC des Deux Morin,Gynecologues,4.68,6.0,-22.0
77183,La Ferté-sous-Jouarre,77,CA Coulommiers Pays de Brie,Gynecologues,4.68,6.0,-22.0
77184,Flagy,77,CC Moret Seine et Loing,Gynecologues,4.68,6.0,-22.0
77185,Fleury-en-Bière,77,CA du Pays de Fontainebleau,Gynecologues,4.68,6.0,-22.0
77186,Fontainebleau,77,CA du Pays de Fontainebleau,Gynecologues,4.68,6.0,-22.0
77187,Fontaine-Fourches,77,CC Bassée-Montois,Gynecologues,4.68,6.0,-22.0
77188,Fontaine-le-Port,77,CC Brie des Rivières et Châteaux,Gynecologues,4.68,6.0,-22.0
77190,Fontains,77,CC Brie Nangissienne,Gynecologues,4.68,6.0,-22.0
77191,Fontenailles,77,CC Brie Nangissienne,Gynecologues,4.68,6.0,-22.0
77192,Fontenay-Trésigny,77,CC Val Briard,Gynecologues,4.68,6.0,-22.0
77193,Forfry,77,CA du Pays de Meaux,Gynecologues,4.68,6.0,-22.0
77194,Forges,77,CC Pays de Montereau,Gynecologues,4.68,6.0,-22.0
77195,Fouju,77,CC Brie des Rivières et Châteaux,Gynecologues,4.68,6.0,-22.0
77196,Fresnes-sur-Marne,77,CC Plaines et Monts de France,Gynecologues,4.68,6.0,-22.0
77197,Frétoy,77,CC du Provinois,Gynecologues,4.68,6.0,-22.0
77198,Fromont,77,CC Pays de Nemours,Gynecologues,4.68,6.0,-22.0
77199,Fublaines,77,CA du Pays de Meaux,Gynecologues,4.68,6.0,-22.0
77200,Garentreville,77,CC Pays de Nemours,Gynecologues,4.68,6.0,-22.0
77201,Gastins,77,CC Brie Nangissienne,Gynecologues,4.68,6.0,-22.0
77202,La Genevraye,77,CC Moret Seine et Loing,Gynecologues,4.68,6.0,-22.0
77203,Germigny-l'Évêque,77,CA du Pays de Meaux,Gynecologues,4.68,6.0,-22.0
77204,Germigny-sous-Coulombs,77,CC du Pays de l'Ourcq,Gynecologues,4.68,6.0,-22.0
77205,Gesvres-le-Chapitre,77,CA du Pays de Meaux,Gynecologues,4.68,6.0,-22.0
77206,Giremoutiers,77,CA Coulommiers Pays de Brie,Gynecologues,4.68,6.0,-22.0
77207,Gironville,77,CC Gâtinais Val de Loing,Gynecologues,4.68,6.0,-22.0
77208,Gouaix,77,CC Bassée-Montois,Gynecologues,4.68,6.0,-22.0
77209,Gouvernes,77,CA Marne et Gondoire,Gynecologues,4.68,6.0,-22.0
77210,La Grande-Paroisse,77,CC Pays de Montereau,Gynecologues,4.68,6.0,-22.0
77211,Grandpuits-Bailly-Carrois,77,CC Brie Nangissienne,Gynecologues,4.68,6.0,-22.0
77212,Gravon,77,CC Bassée-Montois,Gynecologues,4.68,6.0,-22.0
77214,Gressy,77,CA Roissy Pays de France,Gynecologues,4.68,6.0,-22.0
77215,Gretz-Armainvilliers,77,CC Les Portes Briardes Entre Villes et Forêts,Gynecologues,4.68,6.0,-22.0
77216,Grez-sur-Loing,77,CC Pays de Nemours,Gynecologues,4.68,6.0,-22.0
77217,Grisy-Suisnes,77,CC Brie des Rivières et Châteaux,Gynecologues,4.68,6.0,-22.0
77218,Grisy-sur-Seine,77,CC Bassée-Montois,Gynecologues,4.68,6.0,-22.0
77219,Guérard,77,CA Coulommiers Pays de Brie,Gynecologues,4.68,6.0,-22.0
77220,Guercheville,77,CC Pays de Nemours,Gynecologues,4.68,6.0,-22.0
77221,Guermantes,77,CA Marne et Gondoire,Gynecologues,4.68,6.0,-22.0
77222,Guignes,77,CC Brie des Rivières et Châteaux,Gynecologues,4.68,6.0,-22.0
77223,Gurcy-le-Châtel,77,CC Bassée-Montois,Gynecologues,4.68,6.0,-22.0
77224,Hautefeuille,77,CA Coulommiers Pays de Brie,Gynecologues,4.68,6.0,-22.0
77225,La Haute-Maison,77,CA Coulommiers Pays de Brie,Gynecologues,4.68,6.0,-22.0
77226,Héricy,77,CA du Pays de Fontainebleau,Gynecologues,4.68,6.0,-22.0
77227,Hermé,77,CC Bassée-Montois,Gynecologues,4.68,6.0,-22.0
77228,Hondevilliers,77,CC des Deux Morin,Gynecologues,4.68,6.0,-22.0
77229,La Houssaye-en-Brie,77,CC Val Briard,Gynecologues,4.68,6.0,-22.0
77230,Ichy,77,CC Gâtinais Val de Loing,Gynecologues,4.68,6.0,-22.0
77231,Isles-les-Meldeuses,77,CC du Pays de l'Ourcq,Gynecologues,4.68,6.0,-22.0
77232,Isles-lès-Villenoy,77,CA du Pays de Meaux,Gynecologues,4.68,6.0,-22.0
77233,Iverny,77,CC Plaines et Monts de France,Gynecologues,4.68,6.0,-22.0
77234,Jablines,77,CA Marne et Gondoire,Gynecologues,4.68,6.0,-22.0
77235,Jaignes,77,CC du Pays de l'Ourcq,Gynecologues,4.68,6.0,-22.0
77236,Jaulnes,77,CC Bassée-Montois,Gynecologues,4.68,6.0,-22.0
77237,Jossigny,77,CA Marne et Gondoire,Gynecologues,4.68,6.0,-22.0
77238,Jouarre,77,CA Coulommiers Pays de Brie,Gynecologues,4.68,6.0,-22.0
77239,Jouy-le-Châtel,77,CC du Provinois,Gynecologues,4.68,6.0,-22.0
77240,Jouy-sur-Morin,77,CC des Deux Morin,Gynecologues,4.68,6.0,-22.0
77241,Juilly,77,CA Roissy Pays de France,Gynecologues,4.68,6.0,-22.0
77242,Jutigny,77,CC Bassée-Montois,Gynecologues,4.68,6.0,-22.0
77243,Lagny-sur-Marne,77,CA Marne et Gondoire,Gynecologues,4.68,6.0,-22.0
77244,Larchant,77,CC Pays de Nemours,Gynecologues,4.68,6.0,-22.0
77245,Laval-en-Brie,77,CC Pays de Montereau,Gynecologues,4.68,6.0,-22.0
77246,Léchelle,77,CC du Provinois,Gynecologues,4.68,6.0,-22.0
77247,Lescherolles,77,CC des Deux Morin,Gynecologues,4.68,6.0,-22.0
77248,Lesches,77,CA Marne et Gondoire,Gynecologues,4.68,6.0,-22.0
77249,Lésigny,77,CC Les Portes Briardes Entre Villes et Forêts,Gynecologues,4.68,6.0,-22.0
77250,Leudon-en-Brie,77,CC des Deux Morin,Gynecologues,4.68,6.0,-22.0
77251,Lieusaint,77,CA Grand Paris Sud Seine Essonne Sénart,Gynecologues,4.68,6.0,-22.0
77252,Limoges-Fourches,77,CA Melun Val de Seine,Gynecologues,4.68,6.0,-22.0
77253,Lissy,77,CA Melun Val de Seine,Gynecologues,4.68,6.0,-22.0
77254,Liverdy-en-Brie,77,CC Val Briard,Gynecologues,4.68,6.0,-22.0
77255,Livry-sur-Seine,77,CA Melun Val de Seine,Gynecologues,4.68,6.0,-22.0
77256,Lizines,77,CC Bassée-Montois,Gynecologues,4.68,6.0,-22.0
77257,Lizy-sur-Ourcq,77,CC du Pays de l'Ourcq,Gynecologues,4.68,6.0,-22.0
77258,Lognes,77,CA Paris - Vallée de la Marne,Gynecologues,4.68,6.0,-22.0
77259,Longperrier,77,CA Roissy Pays de France,Gynecologues,4.68,6.0,-22.0
77260,Longueville,77,CC du Provinois,Gynecologues,4.68,6.0,-22.0
77261,Lorrez-le-Bocage-Préaux,77,CC Gâtinais Val de Loing,Gynecologues,4.68,6.0,-22.0
77262,Louan-Villegruis-Fontaine,77,CC du Provinois,Gynecologues,4.68,6.0,-22.0
77263,Luisetaines,77,CC Bassée-Montois,Gynecologues,4.68,6.0,-22.0
77264,Lumigny-Nesles-Ormeaux,77,CC Val Briard,Gynecologues,4.68,6.0,-22.0
77265,Luzancy,77,CA Coulommiers Pays de Brie,Gynecologues,4.68,6.0,-22.0
77266,Machault,77,CC Brie des Rivières et Châteaux,Gynecologues,4.68,6.0,-22.0
77267,La Madeleine-sur-Loing,77,CC Gâtinais Val de Loing,Gynecologues,4.68,6.0,-22.0
77268,Magny-le-Hongre,77,CA Val d'Europe Agglomération,Gynecologues,4.68,6.0,-22.0
77269,Maincy,77,CA Melun Val de Seine,Gynecologues,4.68,6.0,-22.0
77270,Maisoncelles-en-Brie,77,CA Coulommiers Pays de Brie,Gynecologues,4.68,6.0,-22.0
77271,Maisoncelles-en-Gâtinais,77,CC Gâtinais Val de Loing,Gynecologues,4.68,6.0,-22.0
77272,Maison-Rouge,77,CC du Provinois,Gynecologues,4.68,6.0,-22.0
77273,Marchémoret,77,CC Plaines et Monts de France,Gynecologues,4.68,6.0,-22.0
77274,Marcilly,77,CC du Pays de l'Ourcq,Gynecologues,4.68,6.0,-22.0
77275,Les Marêts,77,CC du Provinois,Gynecologues,4.68,6.0,-22.0
77276,Mareuil-lès-Meaux,77,CA du Pays de Meaux,Gynecologues,4.68,6.0,-22.0
77277,Marles-en-Brie,77,CC Val Briard,Gynecologues,4.68,6.0,-22.0
77278,Marolles-en-Brie,77,CA Coulommiers Pays de Brie,Gynecologues,4.68,6.0,-22.0
77279,Marolles-sur-Seine,77,CC Pays de Montereau,Gynecologues,4.68,6.0,-22.0
77280,Mary-sur-Marne,77,CC du Pays de l'Ourcq,Gynecologues,4.68,6.0,-22.0
77281,Mauperthuis,77,CA Coulommiers Pays de Brie,Gynecologues,4.68,6.0,-22.0
77282,Mauregard,77,CA Roissy Pays de France,Gynecologues,4.68,6.0,-22.0
77283,May-en-Multien,77,CC du Pays de l'Ourcq,Gynecologues,4.68,6.0,-22.0
77284,Meaux,77,CA du Pays de Meaux,Gynecologues,4.68,6.0,-22.0
77285,Le Mée-sur-Seine,77,CA Melun Val de Seine,Gynecologues,4.68,6.0,-22.0
77286,Meigneux,77,CC Bassée-Montois,Gynecologues,4.68,6.0,-22.0
77287,Meilleray,77,CC des Deux Morin,Gynecologues,4.68,6.0,-22.0
77288,Melun,77,CA Melun Val de Seine,Gynecologues,4.68,6.0,-22.0
77289,Melz-sur-Seine,77,CC du Provinois,Gynecologues,4.68,6.0,-22.0
77290,Méry-sur-Marne,77,CA Coulommiers Pays de Brie,Gynecologues,4.68,6.0,-22.0
77291,Le Mesnil-Amelot,77,CA Roissy Pays de France,Gynecologues,4.68,6.0,-22.0
77292,Messy,77,CC Plaines et Monts de France,Gynecologues,4.68,6.0,-22.0
77293,Misy-sur-Yonne,77,CC Pays de Montereau,Gynecologues,4.68,6.0,-22.0
77294,Mitry-Mory,77,CA Roissy Pays de France,Gynecologues,4.68,6.0,-22.0
77295,Moisenay,77,CC Brie des Rivières et Châteaux,Gynecologues,4.68,6.0,-22.0
77296,Moissy-Cramayel,77,CA Grand Paris Sud Seine Essonne Sénart,Gynecologues,4.68,6.0,-22.0
77297,Mondreville,77,CC Gâtinais Val de Loing,Gynecologues,4.68,6.0,-22.0
77298,Mons-en-Montois,77,CC Bassée-Montois,Gynecologues,4.68,6.0,-22.0
77300,Montceaux-lès-Meaux,77,CA du Pays de Meaux,Gynecologues,4.68,6.0,-22.0
77301,Montceaux-lès-Provins,77,CC du Provinois,Gynecologues,4.68,6.0,-22.0
77302,Moncourt-Fromonville,77,CC Pays de Nemours,Gynecologues,4.68,6.0,-22.0
77303,Montdauphin,77,CC des Deux Morin,Gynecologues,4.68,6.0,-22.0
77304,Montenils,77,CC des Deux Morin,Gynecologues,4.68,6.0,-22.0
77305,Montereau-Fault-Yonne,77,CC Pays de Montereau,Gynecologues,4.68,6.0,-22.0
77306,Montereau-sur-le-Jard,77,CA Melun Val de Seine,Gynecologues,4.68,6.0,-22.0
77307,Montévrain,77,CA Marne et Gondoire,Gynecologues,4.68,6.0,-22.0
77308,Montgé-en-Goële,77,CC Plaines et Monts de France,Gynecologues,4.68,6.0,-22.0
77309,Monthyon,77,CA du Pays de Meaux,Gynecologues,4.68,6.0,-22.0
77310,Montigny-le-Guesdier,77,CC Bassée-Montois,Gynecologues,4.68,6.0,-22.0
77311,Montigny-Lencoup,77,CC Bassée-Montois,Gynecologues,4.68,6.0,-22.0
77312,Montigny-sur-Loing,77,CC Moret Seine et Loing,Gynecologues,4.68,6.0,-22.0
77313,Montmachoux,77,CC Pays de Montereau,Gynecologues,4.68,6.0,-22.0
77314,Montolivet,77,CC des Deux Morin,Gynecologues,4.68,6.0,-22.0
77315,Montry,77,CA Val d'Europe Agglomération,Gynecologues,4.68,6.0,-22.0
77316,Moret-Loing-et-Orvanne,77,CC Moret Seine et Loing,Gynecologues,4.68,6.0,-22.0
77317,Mormant,77,CC Brie Nangissienne,Gynecologues,4.68,6.0,-22.0
77318,Mortcerf,77,CC Val Briard,Gynecologues,4.68,6.0,-22.0
77319,Mortery,77,CC du Provinois,Gynecologues,4.68,6.0,-22.0
77320,Mouroux,77,CA Coulommiers Pays de Brie,Gynecologues,4.68,6.0,-22.0
77321,Mousseaux-lès-Bray,77,CC Bassée-Montois,Gynecologues,4.68,6.0,-22.0
77322,Moussy-le-Neuf,77,CA Roissy Pays de France,Gynecologues,4.68,6.0,-22.0
77323,Moussy-le-Vieux,77,CA Roissy Pays de France,Gynecologues,4.68,6.0,-22.0
77325,Mouy-sur-Seine,77,CC Bassée-Montois,Gynecologues,4.68,6.0,-22.0
77326,Nandy,77,CA Grand Paris Sud Seine Essonne Sénart,Gynecologues,4.68,6.0,-22.0
77327,Nangis,77,CC Brie Nangissienne,Gynecologues,4.68,6.0,-22.0
77328,Nanteau-sur-Essonne,77,CC Pays de Nemours,Gynecologues,4.68,6.0,-22.0
77329,Nanteau-sur-Lunain,77,CC Moret Seine et Loing,Gynecologues,4.68,6.0,-22.0
77330,Nanteuil-lès-Meaux,77,CA du Pays de Meaux,Gynecologues,4.68,6.0,-22.0
77331,Nanteuil-sur-Marne,77,CA Coulommiers Pays de Brie,Gynecologues,4.68,6.0,-22.0
77332,Nantouillet,77,CC Plaines et Monts de France,Gynecologues,4.68,6.0,-22.0
77333,Nemours,77,CC Pays de Nemours,Gynecologues,4.68,6.0,-22.0
77335,Chauconin-Neufmontiers,77,CA du Pays de Meaux,Gynecologues,4.68,6.0,-22.0
77336,Neufmoutiers-en-Brie,77,CC Val Briard,Gynecologues,4.68,6.0,-22.0
77337,Noisiel,77,CA Paris - Vallée de la Marne,Gynecologues,4.68,6.0,-22.0
77338,Noisy-Rudignon,77,CC Pays de Montereau,Gynecologues,4.68,6.0,-22.0
77339,Noisy-sur-École,77,CA du Pays de Fontainebleau,Gynecologues,4.68,6.0,-22.0
77340,Nonville,77,CC Moret Seine et Loing,Gynecologues,4.68,6.0,-22.0
77341,Noyen-sur-Seine,77,CC Bassée-Montois,Gynecologues,4.68,6.0,-22.0
77342,Obsonville,77,CC Gâtinais Val de Loing,Gynecologues,4.68,6.0,-22.0
77343,Ocquerre,77,CC du Pays de l'Ourcq,Gynecologues,4.68,6.0,-22.0
77344,Oissery,77,CC Plaines et Monts de France,Gynecologues,4.68,6.0,-22.0
77345,Orly-sur-Morin,77,CC des Deux Morin,Gynecologues,4.68,6.0,-22.0
77347,Les Ormes-sur-Voulzie,77,CC Bassée-Montois,Gynecologues,4.68,6.0,-22.0
77348,Ormesson,77,CC Pays de Nemours,Gynecologues,4.68,6.0,-22.0
77349,Othis,77,CA Roissy Pays de France,Gynecologues,4.68,6.0,-22.0
77350,Ozoir-la-Ferrière,77,CC Les Portes Briardes Entre Villes et Forêts,Gynecologues,4.68,6.0,-22.0
77352,Ozouer-le-Voulgis,77,CC Brie des Rivières et Châteaux,Gynecologues,4.68,6.0,-22.0
77353,Paley,77,CC Moret Seine et Loing,Gynecologues,4.68,6.0,-22.0
77354,Pamfou,77,CC Brie des Rivières et Châteaux,Gynecologues,4.68,6.0,-22.0
77355,Paroy,77,CC Bassée-Montois,Gynecologues,4.68,6.0,-22.0
77356,Passy-sur-Seine,77,CC Bassée-Montois,Gynecologues,4.68,6.0,-22.0
77357,Pécy,77,CC Val Briard,Gynecologues,4.68,6.0,-22.0
77358,Penchard,77,CA du Pays de Meaux,Gynecologues,4.68,6.0,-22.0
77359,Perthes,77,CA du Pays de Fontainebleau,Gynecologues,4.68,6.0,-22.0
77360,Pézarches,77,CA Coulommiers Pays de Brie,Gynecologues,4.68,6.0,-22.0
77361,Pierre-Levée,77,CA Coulommiers Pays de Brie,Gynecologues,4.68,6.0,-22.0
77363,Le Pin,77,CC Plaines et Monts de France,Gynecologues,4.68,6.0,-22.0
77364,Le Plessis-aux-Bois,77,CC Plaines et Monts de France,Gynecologues,4.68,6.0,-22.0
77365,Le Plessis-Feu-Aussoux,77,CC Val Briard,Gynecologues,4.68,6.0,-22.0
77366,Le Plessis-l'Évêque,77,CC Plaines et Monts de France,Gynecologues,4.68,6.0,-22.0
77367,Le Plessis-Placy,77,CC du Pays de l'Ourcq,Gynecologues,4.68,6.0,-22.0
77368,Poigny,77,CC du Provinois,Gynecologues,4.68,6.0,-22.0
77369,Poincy,77,CA du Pays de Meaux,Gynecologues,4.68,6.0,-22.0
77370,Poligny,77,CC Gâtinais Val de Loing,Gynecologues,4.68,6.0,-22.0
77371,Pommeuse,77,CA Coulommiers Pays de Brie,Gynecologues,4.68,6.0,-22.0
77372,Pomponne,77,CA Marne et Gondoire,Gynecologues,4.68,6.0,-22.0
77373,Pontault-Combault,77,CA Paris - Vallée de la Marne,Gynecologues,4.68,6.0,-22.0
77374,Pontcarré,77,CA Marne et Gondoire,Gynecologues,4.68,6.0,-22.0
77376,Précy-sur-Marne,77,CC Plaines et Monts de France,Gynecologues,4.68,6.0,-22.0
77377,Presles-en-Brie,77,CC Val Briard,Gynecologues,4.68,6.0,-22.0
77378,Pringy,77,CA Melun Val de Seine,Gynecologues,4.68,6.0,-22.0
77379,Provins,77,CC du Provinois,Gynecologues,4.68,6.0,-22.0
77380,Puisieux,77,CC du Pays de l'Ourcq,Gynecologues,4.68,6.0,-22.0
77381,Quiers,77,CC Brie Nangissienne,Gynecologues,4.68,6.0,-22.0
77382,Quincy-Voisins,77,CA du Pays de Meaux,Gynecologues,4.68,6.0,-22.0
77383,Rampillon,77,CC Brie Nangissienne,Gynecologues,4.68,6.0,-22.0
77384,Réau,77,CA Grand Paris Sud Seine Essonne Sénart,Gynecologues,4.68,6.0,-22.0
77385,Rebais,77,CC des Deux Morin,Gynecologues,4.68,6.0,-22.0
77386,Recloses,77,CA du Pays de Fontainebleau,Gynecologues,4.68,6.0,-22.0
77387,Remauville,77,CC Moret Seine et Loing,Gynecologues,4.68,6.0,-22.0
77388,Reuil-en-Brie,77,CA Coulommiers Pays de Brie,Gynecologues,4.68,6.0,-22.0
77389,La Rochette,77,CA Melun Val de Seine,Gynecologues,4.68,6.0,-22.0
77390,Roissy-en-Brie,77,CA Paris - Vallée de la Marne,Gynecologues,4.68,6.0,-22.0
77391,Rouilly,77,CC du Provinois,Gynecologues,4.68,6.0,-22.0
77392,Rouvres,77,CA Roissy Pays de France,Gynecologues,4.68,6.0,-22.0
77393,Rozay-en-Brie,77,CC Val Briard,Gynecologues,4.68,6.0,-22.0
77394,Rubelles,77,CA Melun Val de Seine,Gynecologues,4.68,6.0,-22.0
77395,Rumont,77,CC Pays de Nemours,Gynecologues,4.68,6.0,-22.0
77396,Rupéreux,77,CC du Provinois,Gynecologues,4.68,6.0,-22.0
77397,Saâcy-sur-Marne,77,CA Coulommiers Pays de Brie,Gynecologues,4.68,6.0,-22.0
77398,Sablonnières,77,CC des Deux Morin,Gynecologues,4.68,6.0,-22.0
77400,Saint-Augustin,77,CA Coulommiers Pays de Brie,Gynecologues,4.68,6.0,-22.0
77401,Sainte-Aulde,77,CA Coulommiers Pays de Brie,Gynecologues,4.68,6.0,-22.0
77402,Saint-Barthélemy,77,CC des Deux Morin,Gynecologues,4.68,6.0,-22.0
77403,Saint-Brice,77,CC du Provinois,Gynecologues,4.68,6.0,-22.0
77404,Sainte-Colombe,77,CC du Provinois,Gynecologues,4.68,6.0,-22.0
77405,Saint-Cyr-sur-Morin,77,CC des Deux Morin,Gynecologues,4.68,6.0,-22.0
77406,Saint-Denis-lès-Rebais,77,CC des Deux Morin,Gynecologues,4.68,6.0,-22.0
77407,Saint-Fargeau-Ponthierry,77,CA Melun Val de Seine,Gynecologues,4.68,6.0,-22.0
77408,Saint-Fiacre,77,CA du Pays de Meaux,Gynecologues,4.68,6.0,-22.0
77409,Saint-Germain-Laval,77,CC Pays de Montereau,Gynecologues,4.68,6.0,-22.0
77410,Saint-Germain-Laxis,77,CA Melun Val de Seine,Gynecologues,4.68,6.0,-22.0
77411,Saint-Germain-sous-Doue,77,CC des Deux Morin,Gynecologues,4.68,6.0,-22.0
77412,Saint-Germain-sur-École,77,CA du Pays de Fontainebleau,Gynecologues,4.68,6.0,-22.0
77413,Saint-Germain-sur-Morin,77,CA Val d'Europe Agglomération,Gynecologues,4.68,6.0,-22.0
77414,Saint-Hilliers,77,CC du Provinois,Gynecologues,4.68,6.0,-22.0
77415,Saint-Jean-les-Deux-Jumeaux,77,CA Coulommiers Pays de Brie,Gynecologues,4.68,6.0,-22.0
77416,Saint-Just-en-Brie,77,CC Brie Nangissienne,Gynecologues,4.68,6.0,-22.0
77417,Saint-Léger,77,CC des Deux Morin,Gynecologues,4.68,6.0,-22.0
77418,Saint-Loup-de-Naud,77,CC du Provinois,Gynecologues,4.68,6.0,-22.0
77419,Saint-Mammès,77,CC Moret Seine et Loing,Gynecologues,4.68,6.0,-22.0
77420,Saint-Mard,77,CA Roissy Pays de France,Gynecologues,4.68,6.0,-22.0
77421,Saint-Mars-Vieux-Maisons,77,CC des Deux Morin,Gynecologues,4.68,6.0,-22.0
77423,Saint-Martin-des-Champs,77,CC des Deux Morin,Gynecologues,4.68,6.0,-22.0
77424,Saint-Martin-du-Boschet,77,CC du Provinois,Gynecologues,4.68,6.0,-22.0
77425,Saint-Martin-en-Bière,77,CA du Pays de Fontainebleau,Gynecologues,4.68,6.0,-22.0
77426,Saint-Méry,77,CC Brie des Rivières et Châteaux,Gynecologues,4.68,6.0,-22.0
77427,Saint-Mesmes,77,CC Plaines et Monts de France,Gynecologues,4.68,6.0,-22.0
77428,Saint-Ouen-en-Brie,77,CC Brie Nangissienne,Gynecologues,4.68,6.0,-22.0
77429,Saint-Ouen-sur-Morin,77,CC des Deux Morin,Gynecologues,4.68,6.0,-22.0
77430,Saint-Pathus,77,CC Plaines et Monts de France,Gynecologues,4.68,6.0,-22.0
77431,Saint-Pierre-lès-Nemours,77,CC Pays de Nemours,Gynecologues,4.68,6.0,-22.0
77432,Saint-Rémy-de-la-Vanne,77,CC des Deux Morin,Gynecologues,4.68,6.0,-22.0
77433,Beautheil-Saints,77,CA Coulommiers Pays de Brie,Gynecologues,4.68,6.0,-22.0
77434,Saint-Sauveur-lès-Bray,77,CC Bassée-Montois,Gynecologues,4.68,6.0,-22.0
77435,Saint-Sauveur-sur-École,77,CA du Pays de Fontainebleau,Gynecologues,4.68,6.0,-22.0
77436,Saint-Siméon,77,CC des Deux Morin,Gynecologues,4.68,6.0,-22.0
77437,Saint-Soupplets,77,CA du Pays de Meaux,Gynecologues,4.68,6.0,-22.0
77438,Saint-Thibault-des-Vignes,77,CA Marne et Gondoire,Gynecologues,4.68,6.0,-22.0
77439,Salins,77,CC Pays de Montereau,Gynecologues,4.68,6.0,-22.0
77440,Sammeron,77,CA Coulommiers Pays de Brie,Gynecologues,4.68,6.0,-22.0
77441,Samois-sur-Seine,77,CA du Pays de Fontainebleau,Gynecologues,4.68,6.0,-22.0
77442,Samoreau,77,CA du Pays de Fontainebleau,Gynecologues,4.68,6.0,-22.0
77443,Sancy,77,CA Coulommiers Pays de Brie,Gynecologues,4.68,6.0,-22.0
77444,Sancy-lès-Provins,77,CC du Provinois,Gynecologues,4.68,6.0,-22.0
77445,Savigny-le-Temple,77,CA Grand Paris Sud Seine Essonne Sénart,Gynecologues,4.68,6.0,-22.0
77446,Savins,77,CC Bassée-Montois,Gynecologues,4.68,6.0,-22.0
77447,Seine-Port,77,CA Melun Val de Seine,Gynecologues,4.68,6.0,-22.0
77448,Sept-Sorts,77,CA Coulommiers Pays de Brie,Gynecologues,4.68,6.0,-22.0
77449,Serris,77,CA Val d'Europe Agglomération,Gynecologues,4.68,6.0,-22.0
77450,Servon,77,CC l'Orée de la Brie,Gynecologues,4.68,6.0,-22.0
77451,Signy-Signets,77,CA Coulommiers Pays de Brie,Gynecologues,4.68,6.0,-22.0
77452,Sigy,77,CC Bassée-Montois,Gynecologues,4.68,6.0,-22.0
77453,Sivry-Courtry,77,CC Brie des Rivières et Châteaux,Gynecologues,4.68,6.0,-22.0
77454,Sognolles-en-Montois,77,CC Bassée-Montois,Gynecologues,4.68,6.0,-22.0
77455,Soignolles-en-Brie,77,CC Brie des Rivières et Châteaux,Gynecologues,4.68,6.0,-22.0
77456,Soisy-Bouy,77,CC du Provinois,Gynecologues,4.68,6.0,-22.0
77457,Solers,77,CC Brie des Rivières et Châteaux,Gynecologues,4.68,6.0,-22.0
77458,Souppes-sur-Loing,77,CC Gâtinais Val de Loing,Gynecologues,4.68,6.0,-22.0
77459,Sourdun,77,CC du Provinois,Gynecologues,4.68,6.0,-22.0
77460,Tancrou,77,CC du Pays de l'Ourcq,Gynecologues,4.68,6.0,-22.0
77461,Thénisy,77,CC Bassée-Montois,Gynecologues,4.68,6.0,-22.0
77462,Thieux,77,CA Roissy Pays de France,Gynecologues,4.68,6.0,-22.0
77463,Thomery,77,CC Moret Seine et Loing,Gynecologues,4.68,6.0,-22.0
77464,Thorigny-sur-Marne,77,CA Marne et Gondoire,Gynecologues,4.68,6.0,-22.0
77465,Thoury-Férottes,77,CC Pays de Montereau,Gynecologues,4.68,6.0,-22.0
77466,Tigeaux,77,CA Coulommiers Pays de Brie,Gynecologues,4.68,6.0,-22.0
77467,La Tombe,77,CC Bassée-Montois,Gynecologues,4.68,6.0,-22.0
77468,Torcy,77,CA Paris - Vallée de la Marne,Gynecologues,4.68,6.0,-22.0
77469,Touquin,77,CA Coulommiers Pays de Brie,Gynecologues,4.68,6.0,-22.0
77470,Tournan-en-Brie,77,CC Les Portes Briardes Entre Villes et Forêts,Gynecologues,4.68,6.0,-22.0
77471,Tousson,77,CA du Pays de Fontainebleau,Gynecologues,4.68,6.0,-22.0
77472,La Trétoire,77,CC des Deux Morin,Gynecologues,4.68,6.0,-22.0
77473,Treuzy-Levelay,77,CC Moret Seine et Loing,Gynecologues,4.68,6.0,-22.0
77474,Trilbardou,77,CA du Pays de Meaux,Gynecologues,4.68,6.0,-22.0
77475,Trilport,77,CA du Pays de Meaux,Gynecologues,4.68,6.0,-22.0
77476,Trocy-en-Multien,77,CC du Pays de l'Ourcq,Gynecologues,4.68,6.0,-22.0
77477,Ury,77,CA du Pays de Fontainebleau,Gynecologues,4.68,6.0,-22.0
77478,Ussy-sur-Marne,77,CA Coulommiers Pays de Brie,Gynecologues,4.68,6.0,-22.0
77479,Vaires-sur-Marne,77,CA Paris - Vallée de la Marne,Gynecologues,4.68,6.0,-22.0
77480,Valence-en-Brie,77,CC Brie des Rivières et Châteaux,Gynecologues,4.68,6.0,-22.0
77481,Vanvillé,77,CC Brie Nangissienne,Gynecologues,4.68,6.0,-22.0
77482,Varennes-sur-Seine,77,CC Pays de Montereau,Gynecologues,4.68,6.0,-22.0
77483,Varreddes,77,CA du Pays de Meaux,Gynecologues,4.68,6.0,-22.0
77484,Vaucourtois,77,CA Coulommiers Pays de Brie,Gynecologues,4.68,6.0,-22.0
77485,Le Vaudoué,77,CA du Pays de Fontainebleau,Gynecologues,4.68,6.0,-22.0
77486,Vaudoy-en-Brie,77,CC Val Briard,Gynecologues,4.68,6.0,-22.0
77487,Vaux-le-Pénil,77,CA Melun Val de Seine,Gynecologues,4.68,6.0,-22.0
77489,Vaux-sur-Lunain,77,CC Gâtinais Val de Loing,Gynecologues,4.68,6.0,-22.0
77490,Vendrest,77,CC du Pays de l'Ourcq,Gynecologues,4.68,6.0,-22.0
77492,Verdelot,77,CC des Deux Morin,Gynecologues,4.68,6.0,-22.0
77493,Verneuil-l'Étang,77,CC Brie Nangissienne,Gynecologues,4.68,6.0,-22.0
77494,Vernou-la-Celle-sur-Seine,77,CC Moret Seine et Loing,Gynecologues,4.68,6.0,-22.0
77495,Vert-Saint-Denis,77,CA Grand Paris Sud Seine Essonne Sénart,Gynecologues,4.68,6.0,-22.0
77496,Vieux-Champagne,77,CC Brie Nangissienne,Gynecologues,4.68,6.0,-22.0
77498,Vignely,77,CA du Pays de Meaux,Gynecologues,4.68,6.0,-22.0
77500,Villebéon,77,CC Gâtinais Val de Loing,Gynecologues,4.68,6.0,-22.0
77501,Villecerf,77,CC Moret Seine et Loing,Gynecologues,4.68,6.0,-22.0
77504,Villemaréchal,77,CC Moret Seine et Loing,Gynecologues,4.68,6.0,-22.0
77505,Villemareuil,77,CA du Pays de Meaux,Gynecologues,4.68,6.0,-22.0
77506,Villemer,77,CC Moret Seine et Loing,Gynecologues,4.68,6.0,-22.0
77507,Villenauxe-la-Petite,77,CC Bassée-Montois,Gynecologues,4.68,6.0,-22.0
77508,Villeneuve-le-Comte,77,CA Val d'Europe Agglomération,Gynecologues,4.68,6.0,-22.0
77509,Villeneuve-les-Bordes,77,CC Bassée-Montois,Gynecologues,4.68,6.0,-22.0
77510,Villeneuve-Saint-Denis,77,CA Val d'Europe Agglomération,Gynecologues,4.68,6.0,-22.0
77511,Villeneuve-sous-Dammartin,77,CA Roissy Pays de France,Gynecologues,4.68,6.0,-22.0
77512,Villeneuve-sur-Bellot,77,CC des Deux Morin,Gynecologues,4.68,6.0,-22.0
77513,Villenoy,77,CA du Pays de Meaux,Gynecologues,4.68,6.0,-22.0
77514,Villeparisis,77,CA Roissy Pays de France,Gynecologues,4.68,6.0,-22.0
77515,Villeroy,77,CC Plaines et Monts de France,Gynecologues,4.68,6.0,-22.0
77516,Ville-Saint-Jacques,77,CC Moret Seine et Loing,Gynecologues,4.68,6.0,-22.0
77517,Villevaudé,77,CC Plaines et Monts de France,Gynecologues,4.68,6.0,-22.0
77518,Villiers-en-Bière,77,CA Melun Val de Seine,Gynecologues,4.68,6.0,-22.0
77519,Villiers-Saint-Georges,77,CC du Provinois,Gynecologues,4.68,6.0,-22.0
77520,Villiers-sous-Grez,77,CC Pays de Nemours,Gynecologues,4.68,6.0,-22.0
77521,Villiers-sur-Morin,77,CA Coulommiers Pays de Brie,Gynecologues,4.68,6.0,-22.0
77522,Villiers-sur-Seine,77,CC Bassée-Montois,Gynecologues,4.68,6.0,-22.0
77523,Villuis,77,CC Bassée-Montois,Gynecologues,4.68,6.0,-22.0
77524,Vimpelles,77,CC Bassée-Montois,Gynecologues,4.68,6.0,-22.0
77525,Vinantes,77,CC Plaines et Monts de France,Gynecologues,4.68,6.0,-22.0
77526,Vincy-Manœuvre,77,CC du Pays de l'Ourcq,Gynecologues,4.68,6.0,-22.0
77527,Voinsles,77,CC Val Briard,Gynecologues,4.68,6.0,-22.0
77528,Voisenon,77,CA Melun Val de Seine,Gynecologues,4.68,6.0,-22.0
77529,Voulangis,77,CA Coulommiers Pays de Brie,Gynecologues,4.68,6.0,-22.0
77530,Voulton,77,CC du Provinois,Gynecologues,4.68,6.0,-22.0
77531,Voulx,77,CC Pays de Montereau,Gynecologues,4.68,6.0,-22.0
77532,Vulaines-lès-Provins,77,CC du Provinois,Gynecologues,4.68,6.0,-22.0
77533,Vulaines-sur-Seine,77,CA du Pays de Fontainebleau,Gynecologues,4.68,6.0,-22.0
77534,Yèbles,77,CC Brie des Rivières et Châteaux,Gynecologues,4.68,6.0,-22.0
78003,Ablis,78,CA Rambouillet Territoires,Gynecologues,7.68,6.0,28.0
78005,Achères,78,CU Grand Paris Seine et Oise,Gynecologues,7.68,6.0,28.0
78006,Adainville,78,CC du Pays Houdanais (CCPH),Gynecologues,7.68,6.0,28.0
78007,Aigremont,78,CA Saint Germain Boucles de Seine,Gynecologues,7.68,6.0,28.0
78009,Allainville,78,CA Rambouillet Territoires,Gynecologues,7.68,6.0,28.0
78010,Les Alluets-le-Roi,78,CU Grand Paris Seine et Oise,Gynecologues,7.68,6.0,28.0
78013,Andelu,78,CC Gally Mauldre,Gynecologues,7.68,6.0,28.0
78015,Andrésy,78,CU Grand Paris Seine et Oise,Gynecologues,7.68,6.0,28.0
78020,Arnouville-lès-Mantes,78,CU Grand Paris Seine et Oise,Gynecologues,7.68,6.0,28.0
78029,Aubergenville,78,CU Grand Paris Seine et Oise,Gynecologues,7.68,6.0,28.0
78030,Auffargis,78,CA Rambouillet Territoires,Gynecologues,7.68,6.0,28.0
78031,Auffreville-Brasseuil,78,CU Grand Paris Seine et Oise,Gynecologues,7.68,6.0,28.0
78033,Aulnay-sur-Mauldre,78,CU Grand Paris Seine et Oise,Gynecologues,7.68,6.0,28.0
78034,Auteuil,78,CC Coeur d'Yvelines,Gynecologues,7.68,6.0,28.0
78036,Autouillet,78,CC Coeur d'Yvelines,Gynecologues,7.68,6.0,28.0
78043,Bailly,78,CA Versailles Grand Parc (CAVGP),Gynecologues,7.68,6.0,28.0
78048,Bazainville,78,CC du Pays Houdanais (CCPH),Gynecologues,7.68,6.0,28.0
78049,Bazemont,78,CC Gally Mauldre,Gynecologues,7.68,6.0,28.0
78050,Bazoches-sur-Guyonne,78,CC Coeur d'Yvelines,Gynecologues,7.68,6.0,28.0
78053,Béhoust,78,CC Coeur d'Yvelines,Gynecologues,7.68,6.0,28.0
78057,Bennecourt,78,CC Les Portes de l'Ile de France,Gynecologues,7.68,6.0,28.0
78062,Beynes,78,CC Coeur d'Yvelines,Gynecologues,7.68,6.0,28.0
78068,Blaru,78,CC Les Portes de l'Ile de France,Gynecologues,7.68,6.0,28.0
78070,Boinville-en-Mantois,78,CU Grand Paris Seine et Oise,Gynecologues,7.68,6.0,28.0
78071,Boinville-le-Gaillard,78,CA Rambouillet Territoires,Gynecologues,7.68,6.0,28.0
78072,Boinvilliers,78,CC du Pays Houdanais (CCPH),Gynecologues,7.68,6.0,28.0
78073,Bois-d'Arcy,78,CA Versailles Grand Parc (CAVGP),Gynecologues,7.68,6.0,28.0
78076,Boissets,78,CC du Pays Houdanais (CCPH),Gynecologues,7.68,6.0,28.0
78077,La Boissière-École,78,CA Rambouillet Territoires,Gynecologues,7.68,6.0,28.0
78082,Boissy-Mauvoisin,78,CC Les Portes de l'Ile de France,Gynecologues,7.68,6.0,28.0
78084,Boissy-sans-Avoir,78,CC Coeur d'Yvelines,Gynecologues,7.68,6.0,28.0
78087,Bonnelles,78,CA Rambouillet Territoires,Gynecologues,7.68,6.0,28.0
78089,Bonnières-sur-Seine,78,CC Les Portes de l'Ile de France,Gynecologues,7.68,6.0,28.0
78090,Bouafle,78,CU Grand Paris Seine et Oise,Gynecologues,7.68,6.0,28.0
78092,Bougival,78,CA Versailles Grand Parc (CAVGP),Gynecologues,7.68,6.0,28.0
78096,Bourdonné,78,CC du Pays Houdanais (CCPH),Gynecologues,7.68,6.0,28.0
78104,Breuil-Bois-Robert,78,CU Grand Paris Seine et Oise,Gynecologues,7.68,6.0,28.0
78107,Bréval,78,CC Les Portes de l'Ile de France,Gynecologues,7.68,6.0,28.0
78108,Les Bréviaires,78,CA Rambouillet Territoires,Gynecologues,7.68,6.0,28.0
78113,Brueil-en-Vexin,78,CU Grand Paris Seine et Oise,Gynecologues,7.68,6.0,28.0
78117,Buc,78,CA Versailles Grand Parc (CAVGP),Gynecologues,7.68,6.0,28.0
78118,Buchelay,78,CU Grand Paris Seine et Oise,Gynecologues,7.68,6.0,28.0
78120,Bullion,78,CA Rambouillet Territoires,Gynecologues,7.68,6.0,28.0
78123,Carrières-sous-Poissy,78,CU Grand Paris Seine et Oise,Gynecologues,7.68,6.0,28.0
78124,Carrières-sur-Seine,78,CA Saint Germain Boucles de Seine,Gynecologues,7.68,6.0,28.0
78125,La Celle-les-Bordes,78,CA Rambouillet Territoires,Gynecologues,7.68,6.0,28.0
78126,La Celle-Saint-Cloud,78,CA Versailles Grand Parc (CAVGP),Gynecologues,7.68,6.0,28.0
78128,Cernay-la-Ville,78,CA Rambouillet Territoires,Gynecologues,7.68,6.0,28.0
78133,Chambourcy,78,CA Saint Germain Boucles de Seine,Gynecologues,7.68,6.0,28.0
78138,Chanteloup-les-Vignes,78,CU Grand Paris Seine et Oise,Gynecologues,7.68,6.0,28.0
78140,Chapet,78,CU Grand Paris Seine et Oise,Gynecologues,7.68,6.0,28.0
78143,Châteaufort,78,CA Versailles Grand Parc (CAVGP),Gynecologues,7.68,6.0,28.0
78146,Chatou,78,CA Saint Germain Boucles de Seine,Gynecologues,7.68,6.0,28.0
78147,Chaufour-lès-Bonnières,78,CC Les Portes de l'Ile de France,Gynecologues,7.68,6.0,28.0
78152,Chavenay,78,CC Gally Mauldre,Gynecologues,7.68,6.0,28.0
78158,Le Chesnay-Rocquencourt,78,CA Versailles Grand Parc (CAVGP),Gynecologues,7.68,6.0,28.0
78160,Chevreuse,78,CC de la Haute Vallée de Chevreuse,Gynecologues,7.68,6.0,28.0
78162,Choisel,78,CC de la Haute Vallée de Chevreuse,Gynecologues,7.68,6.0,28.0
78163,Civry-la-Forêt,78,CC du Pays Houdanais (CCPH),Gynecologues,7.68,6.0,28.0
78164,Clairefontaine-en-Yvelines,78,CA Rambouillet Territoires,Gynecologues,7.68,6.0,28.0
78165,Les Clayes-sous-Bois,78,CA de Saint Quentin en Yvelines,Gynecologues,7.68,6.0,28.0
78168,Coignières,78,CA de Saint Quentin en Yvelines,Gynecologues,7.68,6.0,28.0
78171,Condé-sur-Vesgre,78,CC du Pays Houdanais (CCPH),Gynecologues,7.68,6.0,28.0
78172,Conflans-Sainte-Honorine,78,CU Grand Paris Seine et Oise,Gynecologues,7.68,6.0,28.0
78185,Courgent,78,CC du Pays Houdanais (CCPH),Gynecologues,7.68,6.0,28.0
78188,Cravent,78,CC Les Portes de l'Ile de France,Gynecologues,7.68,6.0,28.0
78189,Crespières,78,CC Gally Mauldre,Gynecologues,7.68,6.0,28.0
78190,Croissy-sur-Seine,78,CA Saint Germain Boucles de Seine,Gynecologues,7.68,6.0,28.0
78192,Dammartin-en-Serve,78,CC du Pays Houdanais (CCPH),Gynecologues,7.68,6.0,28.0
78193,Dampierre-en-Yvelines,78,CC de la Haute Vallée de Chevreuse,Gynecologues,7.68,6.0,28.0
78194,Dannemarie,78,CC du Pays Houdanais (CCPH),Gynecologues,7.68,6.0,28.0
78196,Davron,78,CC Gally Mauldre,Gynecologues,7.68,6.0,28.0
78202,Drocourt,78,CU Grand Paris Seine et Oise,Gynecologues,7.68,6.0,28.0
78206,Ecquevilly,78,CU Grand Paris Seine et Oise,Gynecologues,7.68,6.0,28.0
78208,Élancourt,78,CA de Saint Quentin en Yvelines,Gynecologues,7.68,6.0,28.0
78209,Émancé,78,CA Rambouillet Territoires,Gynecologues,7.68,6.0,28.0
78217,Épône,78,CU Grand Paris Seine et Oise,Gynecologues,7.68,6.0,28.0
78220,Les Essarts-le-Roi,78,CA Rambouillet Territoires,Gynecologues,7.68,6.0,28.0
78224,L'Étang-la-Ville,78,CA Saint Germain Boucles de Seine,Gynecologues,7.68,6.0,28.0
78227,Évecquemont,78,CU Grand Paris Seine et Oise,Gynecologues,7.68,6.0,28.0
78230,La Falaise,78,CU Grand Paris Seine et Oise,Gynecologues,7.68,6.0,28.0
78231,Favrieux,78,CU Grand Paris Seine et Oise,Gynecologues,7.68,6.0,28.0
78233,Feucherolles,78,CC Gally Mauldre,Gynecologues,7.68,6.0,28.0
78234,Flacourt,78,CU Grand Paris Seine et Oise,Gynecologues,7.68,6.0,28.0
78236,Flexanville,78,CC Coeur d'Yvelines,Gynecologues,7.68,6.0,28.0
78237,Flins-Neuve-Église,78,CC du Pays Houdanais (CCPH),Gynecologues,7.68,6.0,28.0
78238,Flins-sur-Seine,78,CU Grand Paris Seine et Oise,Gynecologues,7.68,6.0,28.0
78239,Follainville-Dennemont,78,CU Grand Paris Seine et Oise,Gynecologues,7.68,6.0,28.0
78242,Fontenay-le-Fleury,78,CA Versailles Grand Parc (CAVGP),Gynecologues,7.68,6.0,28.0
78245,Fontenay-Mauvoisin,78,CU Grand Paris Seine et Oise,Gynecologues,7.68,6.0,28.0
78246,Fontenay-Saint-Père,78,CU Grand Paris Seine et Oise,Gynecologues,7.68,6.0,28.0
78255,Freneuse,78,CC Les Portes de l'Ile de France,Gynecologues,7.68,6.0,28.0
78261,Gaillon-sur-Montcient,78,CU Grand Paris Seine et Oise,Gynecologues,7.68,6.0,28.0
78262,Galluis,78,CC Coeur d'Yvelines,Gynecologues,7.68,6.0,28.0
78263,Gambais,78,CC Coeur d'Yvelines,Gynecologues,7.68,6.0,28.0
78264,Gambaiseuil,78,CA Rambouillet Territoires,Gynecologues,7.68,6.0,28.0
78265,Garancières,78,CC Coeur d'Yvelines,Gynecologues,7.68,6.0,28.0
78267,Gargenville,78,CU Grand Paris Seine et Oise,Gynecologues,7.68,6.0,28.0
78269,Gazeran,78,CA Rambouillet Territoires,Gynecologues,7.68,6.0,28.0
78276,Gommecourt,78,CC Les Portes de l'Ile de France,Gynecologues,7.68,6.0,28.0
78278,Goupillières,78,CC Coeur d'Yvelines,Gynecologues,7.68,6.0,28.0
78281,Goussonville,78,CU Grand Paris Seine et Oise,Gynecologues,7.68,6.0,28.0
78283,Grandchamp,78,CC du Pays Houdanais (CCPH),Gynecologues,7.68,6.0,28.0
78285,Gressey,78,CC du Pays Houdanais (CCPH),Gynecologues,7.68,6.0,28.0
78289,Grosrouvre,78,CC Coeur d'Yvelines,Gynecologues,7.68,6.0,28.0
78290,Guernes,78,CU Grand Paris Seine et Oise,Gynecologues,7.68,6.0,28.0
78291,Guerville,78,CU Grand Paris Seine et Oise,Gynecologues,7.68,6.0,28.0
78296,Guitrancourt,78,CU Grand Paris Seine et Oise,Gynecologues,7.68,6.0,28.0
78297,Guyancourt,78,CA de Saint Quentin en Yvelines,Gynecologues,7.68,6.0,28.0
78299,Hardricourt,78,CU Grand Paris Seine et Oise,Gynecologues,7.68,6.0,28.0
78300,Hargeville,78,CU Grand Paris Seine et Oise,Gynecologues,7.68,6.0,28.0
78302,La Hauteville,78,CC du Pays Houdanais (CCPH),Gynecologues,7.68,6.0,28.0
78305,Herbeville,78,CC Gally Mauldre,Gynecologues,7.68,6.0,28.0
78307,Hermeray,78,CA Rambouillet Territoires,Gynecologues,7.68,6.0,28.0
78310,Houdan,78,CC du Pays Houdanais (CCPH),Gynecologues,7.68,6.0,28.0
78311,Houilles,78,CA Saint Germain Boucles de Seine,Gynecologues,7.68,6.0,28.0
78314,Issou,78,CU Grand Paris Seine et Oise,Gynecologues,7.68,6.0,28.0
78317,Jambville,78,CU Grand Paris Seine et Oise,Gynecologues,7.68,6.0,28.0
78320,Notre-Dame-de-la-Mer,78,CC Les Portes de l'Ile de France,Gynecologues,7.68,6.0,28.0
78321,Jouars-Pontchartrain,78,CC Coeur d'Yvelines,Gynecologues,7.68,6.0,28.0
78322,Jouy-en-Josas,78,CA Versailles Grand Parc (CAVGP),Gynecologues,7.68,6.0,28.0
78324,Jouy-Mauvoisin,78,CU Grand Paris Seine et Oise,Gynecologues,7.68,6.0,28.0
78325,Jumeauville,78,CU Grand Paris Seine et Oise,Gynecologues,7.68,6.0,28.0
78327,Juziers,78,CU Grand Paris Seine et Oise,Gynecologues,7.68,6.0,28.0
78329,Lainville-en-Vexin,78,CU Grand Paris Seine et Oise,Gynecologues,7.68,6.0,28.0
78334,Lévis-Saint-Nom,78,CC de la Haute Vallée de Chevreuse,Gynecologues,7.68,6.0,28.0
78335,Limay,78,CU Grand Paris Seine et Oise,Gynecologues,7.68,6.0,28.0
78337,Limetz-Villez,78,CC Les Portes de l'Ile de France,Gynecologues,7.68,6.0,28.0
78343,Les Loges-en-Josas,78,CA Versailles Grand Parc (CAVGP),Gynecologues,7.68,6.0,28.0
78344,Lommoye,78,CC Les Portes de l'Ile de France,Gynecologues,7.68,6.0,28.0
78346,Longnes,78,CC du Pays Houdanais (CCPH),Gynecologues,7.68,6.0,28.0
78349,Longvilliers,78,CA Rambouillet Territoires,Gynecologues,7.68,6.0,28.0
78350,Louveciennes,78,CA Saint Germain Boucles de Seine,Gynecologues,7.68,6.0,28.0
78354,Magnanville,78,CU Grand Paris Seine et Oise,Gynecologues,7.68,6.0,28.0
78356,Magny-les-Hameaux,78,CA de Saint Quentin en Yvelines,Gynecologues,7.68,6.0,28.0
78358,Maisons-Laffitte,78,CA Saint Germain Boucles de Seine,Gynecologues,7.68,6.0,28.0
78361,Mantes-la-Jolie,78,CU Grand Paris Seine et Oise,Gynecologues,7.68,6.0,28.0
78362,Mantes-la-Ville,78,CU Grand Paris Seine et Oise,Gynecologues,7.68,6.0,28.0
78364,Marcq,78,CC Coeur d'Yvelines,Gynecologues,7.68,6.0,28.0
78366,Mareil-le-Guyon,78,CC Coeur d'Yvelines,Gynecologues,7.68,6.0,28.0
78367,Mareil-Marly,78,CA Saint Germain Boucles de Seine,Gynecologues,7.68,6.0,28.0
78368,Mareil-sur-Mauldre,78,CC Gally Mauldre,Gynecologues,7.68,6.0,28.0
78372,Marly-le-Roi,78,CA Saint Germain Boucles de Seine,Gynecologues,7.68,6.0,28.0
78380,Maule,78,CC Gally Mauldre,Gynecologues,7.68,6.0,28.0
78381,Maulette,78,CC du Pays Houdanais (CCPH),Gynecologues,7.68,6.0,28.0
78382,Maurecourt,78,CA de Cergy-Pontoise,Gynecologues,7.68,6.0,28.0
78383,Maurepas,78,CA de Saint Quentin en Yvelines,Gynecologues,7.68,6.0,28.0
78384,Médan,78,CU Grand Paris Seine et Oise,Gynecologues,7.68,6.0,28.0
78385,Ménerville,78,CC Les Portes de l'Ile de France,Gynecologues,7.68,6.0,28.0
78389,Méré,78,CC Coeur d'Yvelines,Gynecologues,7.68,6.0,28.0
78391,Méricourt,78,CU Grand Paris Seine et Oise,Gynecologues,7.68,6.0,28.0
78396,Le Mesnil-le-Roi,78,CA Saint Germain Boucles de Seine,Gynecologues,7.68,6.0,28.0
78397,Le Mesnil-Saint-Denis,78,CC de la Haute Vallée de Chevreuse,Gynecologues,7.68,6.0,28.0
78398,Les Mesnuls,78,CC Coeur d'Yvelines,Gynecologues,7.68,6.0,28.0
78401,Meulan-en-Yvelines,78,CU Grand Paris Seine et Oise,Gynecologues,7.68,6.0,28.0
78402,Mézières-sur-Seine,78,CU Grand Paris Seine et Oise,Gynecologues,7.68,6.0,28.0
78403,Mézy-sur-Seine,78,CU Grand Paris Seine et Oise,Gynecologues,7.68,6.0,28.0
78404,Millemont,78,CC Coeur d'Yvelines,Gynecologues,7.68,6.0,28.0
78406,Milon-la-Chapelle,78,CC de la Haute Vallée de Chevreuse,Gynecologues,7.68,6.0,28.0
78407,Mittainville,78,CA Rambouillet Territoires,Gynecologues,7.68,6.0,28.0
78410,Moisson,78,CC Les Portes de l'Ile de France,Gynecologues,7.68,6.0,28.0
78413,Mondreville,78,CC du Pays Houdanais (CCPH),Gynecologues,7.68,6.0,28.0
78415,Montainville,78,CC Gally Mauldre,Gynecologues,7.68,6.0,28.0
78416,Montalet-le-Bois,78,CU Grand Paris Seine et Oise,Gynecologues,7.68,6.0,28.0
78417,Montchauvet,78,CC du Pays Houdanais (CCPH),Gynecologues,7.68,6.0,28.0
78418,Montesson,78,CA Saint Germain Boucles de Seine,Gynecologues,7.68,6.0,28.0
78420,Montfort-l'Amaury,78,CC Coeur d'Yvelines,Gynecologues,7.68,6.0,28.0
78423,Montigny-le-Bretonneux,78,CA de Saint Quentin en Yvelines,Gynecologues,7.68,6.0,28.0
78431,Morainvilliers,78,CU Grand Paris Seine et Oise,Gynecologues,7.68,6.0,28.0
78437,Mousseaux-sur-Seine,78,CU Grand Paris Seine et Oise,Gynecologues,7.68,6.0,28.0
78439,Mulcent,78,CC du Pays Houdanais (CCPH),Gynecologues,7.68,6.0,28.0
78440,Les Mureaux,78,CU Grand Paris Seine et Oise,Gynecologues,7.68,6.0,28.0
78442,Neauphle-le-Château,78,CC Coeur d'Yvelines,Gynecologues,7.68,6.0,28.0
78443,Neauphle-le-Vieux,78,CC Coeur d'Yvelines,Gynecologues,7.68,6.0,28.0
78444,Neauphlette,78,CC Les Portes de l'Ile de France,Gynecologues,7.68,6.0,28.0
78451,Nézel,78,CU Grand Paris Seine et Oise,Gynecologues,7.68,6.0,28.0
78455,Noisy-le-Roi,78,CA Versailles Grand Parc (CAVGP),Gynecologues,7.68,6.0,28.0
78460,Oinville-sur-Montcient,78,CU Grand Paris Seine et Oise,Gynecologues,7.68,6.0,28.0
78464,Orcemont,78,CA Rambouillet Territoires,Gynecologues,7.68,6.0,28.0
78465,Orgerus,78,CC du Pays Houdanais (CCPH),Gynecologues,7.68,6.0,28.0
78466,Orgeval,78,CU Grand Paris Seine et Oise,Gynecologues,7.68,6.0,28.0
78470,Orphin,78,CA Rambouillet Territoires,Gynecologues,7.68,6.0,28.0
78472,Orsonville,78,CA Rambouillet Territoires,Gynecologues,7.68,6.0,28.0
78474,Orvilliers,78,CC du Pays Houdanais (CCPH),Gynecologues,7.68,6.0,28.0
78475,Osmoy,78,CC du Pays Houdanais (CCPH),Gynecologues,7.68,6.0,28.0
78478,Paray-Douaville,78,CA Rambouillet Territoires,Gynecologues,7.68,6.0,28.0
78481,Le Pecq,78,CA Saint Germain Boucles de Seine,Gynecologues,7.68,6.0,28.0
78484,Perdreauville,78,CU Grand Paris Seine et Oise,Gynecologues,7.68,6.0,28.0
78486,Le Perray-en-Yvelines,78,CA Rambouillet Territoires,Gynecologues,7.68,6.0,28.0
78490,Plaisir,78,CA de Saint Quentin en Yvelines,Gynecologues,7.68,6.0,28.0
78497,Poigny-la-Forêt,78,CA Rambouillet Territoires,Gynecologues,7.68,6.0,28.0
78498,Poissy,78,CU Grand Paris Seine et Oise,Gynecologues,7.68,6.0,28.0
78499,Ponthévrard,78,CA Rambouillet Territoires,Gynecologues,7.68,6.0,28.0
78501,Porcheville,78,CU Grand Paris Seine et Oise,Gynecologues,7.68,6.0,28.0
78502,Le Port-Marly,78,CA Saint Germain Boucles de Seine,Gynecologues,7.68,6.0,28.0
78505,Prunay-le-Temple,78,CC du Pays Houdanais (CCPH),Gynecologues,7.68,6.0,28.0
78506,Prunay-en-Yvelines,78,CA Rambouillet Territoires,Gynecologues,7.68,6.0,28.0
78513,La Queue-les-Yvelines,78,CC Coeur d'Yvelines,Gynecologues,7.68,6.0,28.0
78516,Raizeux,78,CA Rambouillet Territoires,Gynecologues,7.68,6.0,28.0
78517,Rambouillet,78,CA Rambouillet Territoires,Gynecologues,7.68,6.0,28.0
78518,Rennemoulin,78,CA Versailles Grand Parc (CAVGP),Gynecologues,7.68,6.0,28.0
78520,Richebourg,78,CC du Pays Houdanais (CCPH),Gynecologues,7.68,6.0,28.0
78522,Rochefort-en-Yvelines,78,CA Rambouillet Territoires,Gynecologues,7.68,6.0,28.0
78528,Rolleboise,78,CU Grand Paris Seine et Oise,Gynecologues,7.68,6.0,28.0
78530,Rosay,78,CC du Pays Houdanais (CCPH),Gynecologues,7.68,6.0,28.0
78531,Rosny-sur-Seine,78,CU Grand Paris Seine et Oise,Gynecologues,7.68,6.0,28.0
78536,Sailly,78,CU Grand Paris Seine et Oise,Gynecologues,7.68,6.0,28.0
78537,Saint-Arnoult-en-Yvelines,78,CA Rambouillet Territoires,Gynecologues,7.68,6.0,28.0
78545,Saint-Cyr-l'École,78,CA Versailles Grand Parc (CAVGP),Gynecologues,7.68,6.0,28.0
78548,Saint-Forget,78,CC de la Haute Vallée de Chevreuse,Gynecologues,7.68,6.0,28.0
78550,Saint-Germain-de-la-Grange,78,CC Coeur d'Yvelines,Gynecologues,7.68,6.0,28.0
78551,Saint-Germain-en-Laye,78,CA Saint Germain Boucles de Seine,Gynecologues,7.68,6.0,28.0
78557,Saint-Hilarion,78,CA Rambouillet Territoires,Gynecologues,7.68,6.0,28.0
78558,Saint-Illiers-la-Ville,78,CC Les Portes de l'Ile de France,Gynecologues,7.68,6.0,28.0
78559,Saint-Illiers-le-Bois,78,CC Les Portes de l'Ile de France,Gynecologues,7.68,6.0,28.0
78561,Saint-Lambert,78,CC de la Haute Vallée de Chevreuse,Gynecologues,7.68,6.0,28.0
78562,Saint-Léger-en-Yvelines,78,CA Rambouillet Territoires,Gynecologues,7.68,6.0,28.0
78564,Saint-Martin-de-Bréthencourt,78,CA Rambouillet Territoires,Gynecologues,7.68,6.0,28.0
78565,Saint-Martin-des-Champs,78,CC du Pays Houdanais (CCPH),Gynecologues,7.68,6.0,28.0
78567,Saint-Martin-la-Garenne,78,CU Grand Paris Seine et Oise,Gynecologues,7.68,6.0,28.0
78569,Sainte-Mesme,78,CA Rambouillet Territoires,Gynecologues,7.68,6.0,28.0
78571,Saint-Nom-la-Bretèche,78,CC Gally Mauldre,Gynecologues,7.68,6.0,28.0
78575,Saint-Rémy-lès-Chevreuse,78,CC de la Haute Vallée de Chevreuse,Gynecologues,7.68,6.0,28.0
78576,Saint-Rémy-l'Honoré,78,CC Coeur d'Yvelines,Gynecologues,7.68,6.0,28.0
78586,Sartrouville,78,CA Saint Germain Boucles de Seine,Gynecologues,7.68,6.0,28.0
78588,Saulx-Marchais,78,CC Coeur d'Yvelines,Gynecologues,7.68,6.0,28.0
78590,Senlisse,78,CC de la Haute Vallée de Chevreuse,Gynecologues,7.68,6.0,28.0
78591,Septeuil,78,CC du Pays Houdanais (CCPH),Gynecologues,7.68,6.0,28.0
78597,Soindres,78,CU Grand Paris Seine et Oise,Gynecologues,7.68,6.0,28.0
78601,Sonchamp,78,CA Rambouillet Territoires,Gynecologues,7.68,6.0,28.0
78605,Tacoignières,78,CC du Pays Houdanais (CCPH),Gynecologues,7.68,6.0,28.0
78606,Le Tartre-Gaudran,78,CC du Pays Houdanais (CCPH),Gynecologues,7.68,6.0,28.0
78608,Le Tertre-Saint-Denis,78,CU Grand Paris Seine et Oise,Gynecologues,7.68,6.0,28.0
78609,Tessancourt-sur-Aubette,78,CU Grand Paris Seine et Oise,Gynecologues,7.68,6.0,28.0
78615,Thiverval-Grignon,78,CC Coeur d'Yvelines,Gynecologues,7.68,6.0,28.0
78616,Thoiry,78,CC Coeur d'Yvelines,Gynecologues,7.68,6.0,28.0
78618,Tilly,78,CC du Pays Houdanais (CCPH),Gynecologues,7.68,6.0,28.0
78620,Toussus-le-Noble,78,CA Versailles Grand Parc (CAVGP),Gynecologues,7.68,6.0,28.0
78621,Trappes,78,CA de Saint Quentin en Yvelines,Gynecologues,7.68,6.0,28.0
78623,Le Tremblay-sur-Mauldre,78,CC Coeur d'Yvelines,Gynecologues,7.68,6.0,28.0
78624,Triel-sur-Seine,78,CU Grand Paris Seine et Oise,Gynecologues,7.68,6.0,28.0
78638,Vaux-sur-Seine,78,CU Grand Paris Seine et Oise,Gynecologues,7.68,6.0,28.0
78640,Vélizy-Villacoublay,78,CA Versailles Grand Parc (CAVGP),Gynecologues,7.68,6.0,28.0
78642,Verneuil-sur-Seine,78,CU Grand Paris Seine et Oise,Gynecologues,7.68,6.0,28.0
78643,Vernouillet,78,CU Grand Paris Seine et Oise,Gynecologues,7.68,6.0,28.0
78644,La Verrière,78,CA de Saint Quentin en Yvelines,Gynecologues,7.68,6.0,28.0
78646,Versailles,78,CA Versailles Grand Parc (CAVGP),Gynecologues,7.68,6.0,28.0
78647,Vert,78,CU Grand Paris Seine et Oise,Gynecologues,7.68,6.0,28.0
78650,Le Vésinet,78,CA Saint Germain Boucles de Seine,Gynecologues,7.68,6.0,28.0
78653,Vicq,78,CC Coeur d'Yvelines,Gynecologues,7.68,6.0,28.0
78655,Vieille-Église-en-Yvelines,78,CA Rambouillet Territoires,Gynecologues,7.68,6.0,28.0
78668,La Villeneuve-en-Chevrie,78,CC Les Portes de l'Ile de France,Gynecologues,7.68,6.0,28.0
78672,Villennes-sur-Seine,78,CU Grand Paris Seine et Oise,Gynecologues,7.68,6.0,28.0
78674,Villepreux,78,CA de Saint Quentin en Yvelines,Gynecologues,7.68,6.0,28.0
78677,Villette,78,CC du Pays Houdanais (CCPH),Gynecologues,7.68,6.0,28.0
78681,Villiers-le-Mahieu,78,CC Coeur d'Yvelines,Gynecologues,7.68,6.0,28.0
78683,Villiers-Saint-Frédéric,78,CC Coeur d'Yvelines,Gynecologues,7.68,6.0,28.0
78686,Viroflay,78,CA Versailles Grand Parc (CAVGP),Gynecologues,7.68,6.0,28.0
78688,Voisins-le-Bretonneux,78,CA de Saint Quentin en Yvelines,Gynecologues,7.68,6.0,28.0
91001,Abbéville-la-Rivière,91,CA Étampois Sud Essonne,Gynecologues,6.27,6.0,4.4
91016,Angerville,91,CA Étampois Sud Essonne,Gynecologues,6.27,6.0,4.4
91017,Angervilliers,91,CC du Pays de Limours (CCPL),Gynecologues,6.27,6.0,4.4
91021,Arpajon,91,CA Coeur d'Essonne Agglomération,Gynecologues,6.27,6.0,4.4
91022,Arrancourt,91,CA Étampois Sud Essonne,Gynecologues,6.27,6.0,4.4
91027,Athis-Mons,91,Métropole du Grand Paris,Gynecologues,6.27,6.0,4.4
91035,Authon-la-Plaine,91,CA Étampois Sud Essonne,Gynecologues,6.27,6.0,4.4
91037,Auvernaux,91,CC du Val d'Essonne (CCVE),Gynecologues,6.27,6.0,4.4
91038,Auvers-Saint-Georges,91,CC Entre Juine et Renarde (CCEJR),Gynecologues,6.27,6.0,4.4
91041,Avrainville,91,CA Coeur d'Essonne Agglomération,Gynecologues,6.27,6.0,4.4
91044,Ballainvilliers,91,CA Communauté Paris-Saclay,Gynecologues,6.27,6.0,4.4
91045,Ballancourt-sur-Essonne,91,CC du Val d'Essonne (CCVE),Gynecologues,6.27,6.0,4.4
91047,Baulne,91,CC du Val d'Essonne (CCVE),Gynecologues,6.27,6.0,4.4
91064,Bièvres,91,CA Versailles Grand Parc (CAVGP),Gynecologues,6.27,6.0,4.4
91067,Blandy,91,CA Étampois Sud Essonne,Gynecologues,6.27,6.0,4.4
91069,Boigneville,91,CC des 2 Vallées,Gynecologues,6.27,6.0,4.4
91075,Bois-Herpin,91,CA Étampois Sud Essonne,Gynecologues,6.27,6.0,4.4
91079,Boissy-la-Rivière,91,CA Étampois Sud Essonne,Gynecologues,6.27,6.0,4.4
91080,Boissy-le-Cutté,91,CC Entre Juine et Renarde (CCEJR),Gynecologues,6.27,6.0,4.4
91081,Boissy-le-Sec,91,CA Étampois Sud Essonne,Gynecologues,6.27,6.0,4.4
91085,Boissy-sous-Saint-Yon,91,CC Entre Juine et Renarde (CCEJR),Gynecologues,6.27,6.0,4.4
91086,Bondoufle,91,CA Grand Paris Sud Seine Essonne Sénart,Gynecologues,6.27,6.0,4.4
91093,Boullay-les-Troux,91,CC du Pays de Limours (CCPL),Gynecologues,6.27,6.0,4.4
91095,Bouray-sur-Juine,91,CC Entre Juine et Renarde (CCEJR),Gynecologues,6.27,6.0,4.4
91097,Boussy-Saint-Antoine,91,CA Val d'Yerres Val de Seine,Gynecologues,6.27,6.0,4.4
91098,Boutervilliers,91,CA Étampois Sud Essonne,Gynecologues,6.27,6.0,4.4
91099,Boutigny-sur-Essonne,91,CC des 2 Vallées,Gynecologues,6.27,6.0,4.4
91100,Bouville,91,CA Étampois Sud Essonne,Gynecologues,6.27,6.0,4.4
91103,Brétigny-sur-Orge,91,CA Coeur d'Essonne Agglomération,Gynecologues,6.27,6.0,4.4
91105,Breuillet,91,CA Coeur d'Essonne Agglomération,Gynecologues,6.27,6.0,4.4
91106,Breux-Jouy,91,CC le Dourdannais en Hurepoix (CCDH),Gynecologues,6.27,6.0,4.4
91109,Brières-les-Scellés,91,CA Étampois Sud Essonne,Gynecologues,6.27,6.0,4.4
91111,Briis-sous-Forges,91,CC du Pays de Limours (CCPL),Gynecologues,6.27,6.0,4.4
91112,Brouy,91,CA Étampois Sud Essonne,Gynecologues,6.27,6.0,4.4
91114,Brunoy,91,CA Val d'Yerres Val de Seine,Gynecologues,6.27,6.0,4.4
91115,Bruyères-le-Châtel,91,CA Coeur d'Essonne Agglomération,Gynecologues,6.27,6.0,4.4
91121,Buno-Bonnevaux,91,CC des 2 Vallées,Gynecologues,6.27,6.0,4.4
91122,Bures-sur-Yvette,91,CA Communauté Paris-Saclay,Gynecologues,6.27,6.0,4.4
91129,Cerny,91,CC du Val d'Essonne (CCVE),Gynecologues,6.27,6.0,4.4
91130,Chalo-Saint-Mars,91,CA Étampois Sud Essonne,Gynecologues,6.27,6.0,4.4
91131,Chalou-Moulineux,91,CA Étampois Sud Essonne,Gynecologues,6.27,6.0,4.4
91132,Chamarande,91,CC Entre Juine et Renarde (CCEJR),Gynecologues,6.27,6.0,4.4
91135,Champcueil,91,CC du Val d'Essonne (CCVE),Gynecologues,6.27,6.0,4.4
91136,Champlan,91,CA Communauté Paris-Saclay,Gynecologues,6.27,6.0,4.4
91137,Champmotteux,91,CA Étampois Sud Essonne,Gynecologues,6.27,6.0,4.4
91145,Chatignonville,91,CA Étampois Sud Essonne,Gynecologues,6.27,6.0,4.4
91148,Chauffour-lès-Étréchy,91,CC Entre Juine et Renarde (CCEJR),Gynecologues,6.27,6.0,4.4
91156,Cheptainville,91,CA Coeur d'Essonne Agglomération,Gynecologues,6.27,6.0,4.4
91159,Chevannes,91,CC du Val d'Essonne (CCVE),Gynecologues,6.27,6.0,4.4
91161,Chilly-Mazarin,91,CA Communauté Paris-Saclay,Gynecologues,6.27,6.0,4.4
91174,Corbeil-Essonnes,91,CA Grand Paris Sud Seine Essonne Sénart,Gynecologues,6.27,6.0,4.4
91175,Corbreuse,91,CC le Dourdannais en Hurepoix (CCDH),Gynecologues,6.27,6.0,4.4
91179,Le Coudray-Montceaux,91,CA Grand Paris Sud Seine Essonne Sénart,Gynecologues,6.27,6.0,4.4
91180,Courances,91,CC des 2 Vallées,Gynecologues,6.27,6.0,4.4
91184,Courdimanche-sur-Essonne,91,CC des 2 Vallées,Gynecologues,6.27,6.0,4.4
91186,Courson-Monteloup,91,CC du Pays de Limours (CCPL),Gynecologues,6.27,6.0,4.4
91191,Crosne,91,CA Val d'Yerres Val de Seine,Gynecologues,6.27,6.0,4.4
91195,Dannemois,91,CC des 2 Vallées,Gynecologues,6.27,6.0,4.4
91198,D'Huison-Longueville,91,CC du Val d'Essonne (CCVE),Gynecologues,6.27,6.0,4.4
91200,Dourdan,91,CC le Dourdannais en Hurepoix (CCDH),Gynecologues,6.27,6.0,4.4
91201,Draveil,91,CA Val d'Yerres Val de Seine,Gynecologues,6.27,6.0,4.4
91204,Écharcon,91,CC du Val d'Essonne (CCVE),Gynecologues,6.27,6.0,4.4
91207,Égly,91,CA Coeur d'Essonne Agglomération,Gynecologues,6.27,6.0,4.4
91215,Épinay-sous-Sénart,91,CA Val d'Yerres Val de Seine,Gynecologues,6.27,6.0,4.4
91216,Épinay-sur-Orge,91,CA Communauté Paris-Saclay,Gynecologues,6.27,6.0,4.4
91223,Étampes,91,CA Étampois Sud Essonne,Gynecologues,6.27,6.0,4.4
91225,Étiolles,91,CA Grand Paris Sud Seine Essonne Sénart,Gynecologues,6.27,6.0,4.4
91226,Étréchy,91,CC Entre Juine et Renarde (CCEJR),Gynecologues,6.27,6.0,4.4
91228,Évry-Courcouronnes,91,CA Grand Paris Sud Seine Essonne Sénart,Gynecologues,6.27,6.0,4.4
91232,La Ferté-Alais,91,CC du Val d'Essonne (CCVE),Gynecologues,6.27,6.0,4.4
91235,Fleury-Mérogis,91,CA Coeur d'Essonne Agglomération,Gynecologues,6.27,6.0,4.4
91240,Fontaine-la-Rivière,91,CA Étampois Sud Essonne,Gynecologues,6.27,6.0,4.4
91243,Fontenay-lès-Briis,91,CC du Pays de Limours (CCPL),Gynecologues,6.27,6.0,4.4
91244,Fontenay-le-Vicomte,91,CC du Val d'Essonne (CCVE),Gynecologues,6.27,6.0,4.4
91247,La Forêt-le-Roi,91,CC le Dourdannais en Hurepoix (CCDH),Gynecologues,6.27,6.0,4.4
91248,La Forêt-Sainte-Croix,91,CA Étampois Sud Essonne,Gynecologues,6.27,6.0,4.4
91249,Forges-les-Bains,91,CC du Pays de Limours (CCPL),Gynecologues,6.27,6.0,4.4
91272,Gif-sur-Yvette,91,CA Communauté Paris-Saclay,Gynecologues,6.27,6.0,4.4
91273,Gironville-sur-Essonne,91,CC des 2 Vallées,Gynecologues,6.27,6.0,4.4
91274,Gometz-la-Ville,91,CC du Pays de Limours (CCPL),Gynecologues,6.27,6.0,4.4
91275,Gometz-le-Châtel,91,CA Communauté Paris-Saclay,Gynecologues,6.27,6.0,4.4
91284,Les Granges-le-Roi,91,CC le Dourdannais en Hurepoix (CCDH),Gynecologues,6.27,6.0,4.4
91286,Grigny,91,CA Grand Paris Sud Seine Essonne Sénart,Gynecologues,6.27,6.0,4.4
91292,Guibeville,91,CA Coeur d'Essonne Agglomération,Gynecologues,6.27,6.0,4.4
91293,Guigneville-sur-Essonne,91,CC du Val d'Essonne (CCVE),Gynecologues,6.27,6.0,4.4
91294,Guillerval,91,CA Étampois Sud Essonne,Gynecologues,6.27,6.0,4.4
91312,Igny,91,CA Communauté Paris-Saclay,Gynecologues,6.27,6.0,4.4
91315,Itteville,91,CC du Val d'Essonne (CCVE),Gynecologues,6.27,6.0,4.4
91318,Janville-sur-Juine,91,CC Entre Juine et Renarde (CCEJR),Gynecologues,6.27,6.0,4.4
91319,Janvry,91,CC du Pays de Limours (CCPL),Gynecologues,6.27,6.0,4.4
91326,Juvisy-sur-Orge,91,Métropole du Grand Paris,Gynecologues,6.27,6.0,4.4
91330,Lardy,91,CC Entre Juine et Renarde (CCEJR),Gynecologues,6.27,6.0,4.4
91332,Leudeville,91,CC du Val d'Essonne (CCVE),Gynecologues,6.27,6.0,4.4
91333,Leuville-sur-Orge,91,CA Coeur d'Essonne Agglomération,Gynecologues,6.27,6.0,4.4
91338,Limours,91,CC du Pays de Limours (CCPL),Gynecologues,6.27,6.0,4.4
91339,Linas,91,CA Communauté Paris-Saclay,Gynecologues,6.27,6.0,4.4
91340,Lisses,91,CA Grand Paris Sud Seine Essonne Sénart,Gynecologues,6.27,6.0,4.4
91345,Longjumeau,91,CA Communauté Paris-Saclay,Gynecologues,6.27,6.0,4.4
91347,Longpont-sur-Orge,91,CA Coeur d'Essonne Agglomération,Gynecologues,6.27,6.0,4.4
91359,Maisse,91,CC des 2 Vallées,Gynecologues,6.27,6.0,4.4
91363,Marcoussis,91,CA Communauté Paris-Saclay,Gynecologues,6.27,6.0,4.4
91374,Marolles-en-Beauce,91,CA Étampois Sud Essonne,Gynecologues,6.27,6.0,4.4
91376,Marolles-en-Hurepoix,91,CA Coeur d'Essonne Agglomération,Gynecologues,6.27,6.0,4.4
91377,Massy,91,CA Communauté Paris-Saclay,Gynecologues,6.27,6.0,4.4
91378,Mauchamps,91,CC Entre Juine et Renarde (CCEJR),Gynecologues,6.27,6.0,4.4
91386,Mennecy,91,CC du Val d'Essonne (CCVE),Gynecologues,6.27,6.0,4.4
91390,Le Mérévillois,91,CA Étampois Sud Essonne,Gynecologues,6.27,6.0,4.4
91393,Mérobert,91,CA Étampois Sud Essonne,Gynecologues,6.27,6.0,4.4
91399,Mespuits,91,CA Étampois Sud Essonne,Gynecologues,6.27,6.0,4.4
91405,Milly-la-Forêt,91,CC des 2 Vallées,Gynecologues,6.27,6.0,4.4
91408,Moigny-sur-École,91,CC des 2 Vallées,Gynecologues,6.27,6.0,4.4
91411,Les Molières,91,CC du Pays de Limours (CCPL),Gynecologues,6.27,6.0,4.4
91412,Mondeville,91,CC des 2 Vallées,Gynecologues,6.27,6.0,4.4
91414,Monnerville,91,CA Étampois Sud Essonne,Gynecologues,6.27,6.0,4.4
91421,Montgeron,91,CA Val d'Yerres Val de Seine,Gynecologues,6.27,6.0,4.4
91425,Montlhéry,91,CA Communauté Paris-Saclay,Gynecologues,6.27,6.0,4.4
91432,Morangis,91,Métropole du Grand Paris,Gynecologues,6.27,6.0,4.4
91433,Morigny-Champigny,91,CA Étampois Sud Essonne,Gynecologues,6.27,6.0,4.4
91434,Morsang-sur-Orge,91,CA Coeur d'Essonne Agglomération,Gynecologues,6.27,6.0,4.4
91435,Morsang-sur-Seine,91,CA Grand Paris Sud Seine Essonne Sénart,Gynecologues,6.27,6.0,4.4
91441,Nainville-les-Roches,91,CC du Val d'Essonne (CCVE),Gynecologues,6.27,6.0,4.4
91457,La Norville,91,CA Coeur d'Essonne Agglomération,Gynecologues,6.27,6.0,4.4
91458,Nozay,91,CA Communauté Paris-Saclay,Gynecologues,6.27,6.0,4.4
91461,Ollainville,91,CA Coeur d'Essonne Agglomération,Gynecologues,6.27,6.0,4.4
91463,Oncy-sur-École,91,CC des 2 Vallées,Gynecologues,6.27,6.0,4.4
91468,Ormoy,91,CC du Val d'Essonne (CCVE),Gynecologues,6.27,6.0,4.4
91469,Ormoy-la-Rivière,91,CA Étampois Sud Essonne,Gynecologues,6.27,6.0,4.4
91471,Orsay,91,CA Communauté Paris-Saclay,Gynecologues,6.27,6.0,4.4
91473,Orveau,91,CC du Val d'Essonne (CCVE),Gynecologues,6.27,6.0,4.4
91477,Palaiseau,91,CA Communauté Paris-Saclay,Gynecologues,6.27,6.0,4.4
91479,Paray-Vieille-Poste,91,Métropole du Grand Paris,Gynecologues,6.27,6.0,4.4
91482,Pecqueuse,91,CC du Pays de Limours (CCPL),Gynecologues,6.27,6.0,4.4
91494,Le Plessis-Pâté,91,CA Coeur d'Essonne Agglomération,Gynecologues,6.27,6.0,4.4
91495,Plessis-Saint-Benoist,91,CA Étampois Sud Essonne,Gynecologues,6.27,6.0,4.4
91507,Prunay-sur-Essonne,91,CC des 2 Vallées,Gynecologues,6.27,6.0,4.4
91508,Puiselet-le-Marais,91,CA Étampois Sud Essonne,Gynecologues,6.27,6.0,4.4
91511,Pussay,91,CA Étampois Sud Essonne,Gynecologues,6.27,6.0,4.4
91514,Quincy-sous-Sénart,91,CA Val d'Yerres Val de Seine,Gynecologues,6.27,6.0,4.4
91519,Richarville,91,CC le Dourdannais en Hurepoix (CCDH),Gynecologues,6.27,6.0,4.4
91521,Ris-Orangis,91,CA Grand Paris Sud Seine Essonne Sénart,Gynecologues,6.27,6.0,4.4
91525,Roinville,91,CC le Dourdannais en Hurepoix (CCDH),Gynecologues,6.27,6.0,4.4
91526,Roinvilliers,91,CA Étampois Sud Essonne,Gynecologues,6.27,6.0,4.4
91533,Saclas,91,CA Étampois Sud Essonne,Gynecologues,6.27,6.0,4.4
91534,Saclay,91,CA Communauté Paris-Saclay,Gynecologues,6.27,6.0,4.4
91538,Saint-Aubin,91,CA Communauté Paris-Saclay,Gynecologues,6.27,6.0,4.4
91540,Saint-Chéron,91,CC le Dourdannais en Hurepoix (CCDH),Gynecologues,6.27,6.0,4.4
91544,Saint-Cyr-la-Rivière,91,CA Étampois Sud Essonne,Gynecologues,6.27,6.0,4.4
91546,Saint-Cyr-sous-Dourdan,91,CC le Dourdannais en Hurepoix (CCDH),Gynecologues,6.27,6.0,4.4
91547,Saint-Escobille,91,CA Étampois Sud Essonne,Gynecologues,6.27,6.0,4.4
91549,Sainte-Geneviève-des-Bois,91,CA Coeur d'Essonne Agglomération,Gynecologues,6.27,6.0,4.4
91552,Saint-Germain-lès-Arpajon,91,CA Coeur d'Essonne Agglomération,Gynecologues,6.27,6.0,4.4
91553,Saint-Germain-lès-Corbeil,91,CA Grand Paris Sud Seine Essonne Sénart,Gynecologues,6.27,6.0,4.4
91556,Saint-Hilaire,91,CA Étampois Sud Essonne,Gynecologues,6.27,6.0,4.4
91560,Saint-Jean-de-Beauregard,91,CC du Pays de Limours (CCPL),Gynecologues,6.27,6.0,4.4
91568,Saint-Maurice-Montcouronne,91,CC du Pays de Limours (CCPL),Gynecologues,6.27,6.0,4.4
91570,Saint-Michel-sur-Orge,91,CA Coeur d'Essonne Agglomération,Gynecologues,6.27,6.0,4.4
91573,Saint-Pierre-du-Perray,91,CA Grand Paris Sud Seine Essonne Sénart,Gynecologues,6.27,6.0,4.4
91577,Saintry-sur-Seine,91,CA Grand Paris Sud Seine Essonne Sénart,Gynecologues,6.27,6.0,4.4
91578,Saint-Sulpice-de-Favières,91,CC Entre Juine et Renarde (CCEJR),Gynecologues,6.27,6.0,4.4
91579,Saint-Vrain,91,CC du Val d'Essonne (CCVE),Gynecologues,6.27,6.0,4.4
91581,Saint-Yon,91,CC Entre Juine et Renarde (CCEJR),Gynecologues,6.27,6.0,4.4
91587,Saulx-les-Chartreux,91,CA Communauté Paris-Saclay,Gynecologues,6.27,6.0,4.4
91589,Savigny-sur-Orge,91,Métropole du Grand Paris,Gynecologues,6.27,6.0,4.4
91593,Sermaise,91,CC le Dourdannais en Hurepoix (CCDH),Gynecologues,6.27,6.0,4.4
91599,Soisy-sur-École,91,CC des 2 Vallées,Gynecologues,6.27,6.0,4.4
91600,Soisy-sur-Seine,91,CA Grand Paris Sud Seine Essonne Sénart,Gynecologues,6.27,6.0,4.4
91602,Souzy-la-Briche,91,CC Entre Juine et Renarde (CCEJR),Gynecologues,6.27,6.0,4.4
91613,Congerville-Thionville,91,CA Étampois Sud Essonne,Gynecologues,6.27,6.0,4.4
91617,Tigery,91,CA Grand Paris Sud Seine Essonne Sénart,Gynecologues,6.27,6.0,4.4
91619,Torfou,91,CC Entre Juine et Renarde (CCEJR),Gynecologues,6.27,6.0,4.4
91629,Valpuiseaux,91,CA Étampois Sud Essonne,Gynecologues,6.27,6.0,4.4
91630,Le Val-Saint-Germain,91,CC le Dourdannais en Hurepoix (CCDH),Gynecologues,6.27,6.0,4.4
91631,Varennes-Jarcy,91,CC l'Orée de la Brie,Gynecologues,6.27,6.0,4.4
91634,Vaugrigneuse,91,CC du Pays de Limours (CCPL),Gynecologues,6.27,6.0,4.4
91635,Vauhallan,91,CA Communauté Paris-Saclay,Gynecologues,6.27,6.0,4.4
91639,Vayres-sur-Essonne,91,CC du Val d'Essonne (CCVE),Gynecologues,6.27,6.0,4.4
91645,Verrières-le-Buisson,91,CA Communauté Paris-Saclay,Gynecologues,6.27,6.0,4.4
91648,Vert-le-Grand,91,CC du Val d'Essonne (CCVE),Gynecologues,6.27,6.0,4.4
91649,Vert-le-Petit,91,CC du Val d'Essonne (CCVE),Gynecologues,6.27,6.0,4.4
91654,Videlles,91,CC des 2 Vallées,Gynecologues,6.27,6.0,4.4
91657,Vigneux-sur-Seine,91,CA Val d'Yerres Val de Seine,Gynecologues,6.27,6.0,4.4
91659,Villabé,91,CA Grand Paris Sud Seine Essonne Sénart,Gynecologues,6.27,6.0,4.4
91661,Villebon-sur-Yvette,91,CA Communauté Paris-Saclay,Gynecologues,6.27,6.0,4.4
91662,Villeconin,91,CC Entre Juine et Renarde (CCEJR),Gynecologues,6.27,6.0,4.4
91665,La Ville-du-Bois,91,CA Communauté Paris-Saclay,Gynecologues,6.27,6.0,4.4
91666,Villejust,91,CA Communauté Paris-Saclay,Gynecologues,6.27,6.0,4.4
91667,Villemoisson-sur-Orge,91,CA Coeur d'Essonne Agglomération,Gynecologues,6.27,6.0,4.4
91671,Villeneuve-sur-Auvers,91,CC Entre Juine et Renarde (CCEJR),Gynecologues,6.27,6.0,4.4
91679,Villiers-le-Bâcle,91,CA Communauté Paris-Saclay,Gynecologues,6.27,6.0,4.4
91685,Villiers-sur-Orge,91,CA Coeur d'Essonne Agglomération,Gynecologues,6.27,6.0,4.4
91687,Viry-Châtillon,91,Métropole du Grand Paris,Gynecologues,6.27,6.0,4.4
91689,Wissous,91,CA Communauté Paris-Saclay,Gynecologues,6.27,6.0,4.4
91691,Yerres,91,CA Val d'Yerres Val de Seine,Gynecologues,6.27,6.0,4.4
91692,Les Ulis,91,CA Communauté Paris-Saclay,Gynecologues,6.27,6.0,4.4
92002,Antony,92,Métropole du Grand Paris,Gynecologues,9.89,6.0,64.9
92004,Asnières-sur-Seine,92,Métropole du Grand Paris,Gynecologues,9.89,6.0,64.9
92007,Bagneux,92,Métropole du Grand Paris,Gynecologues,9.89,6.0,64.9
92009,Bois-Colombes,92,Métropole du Grand Paris,Gynecologues,9.89,6.0,64.9
92012,Boulogne-Billancourt,92,Métropole du Grand Paris,Gynecologues,9.89,6.0,64.9
92014,Bourg-la-Reine,92,Métropole du Grand Paris,Gynecologues,9.89,6.0,64.9
92019,Châtenay-Malabry,92,Métropole du Grand Paris,Gynecologues,9.89,6.0,64.9
92020,Châtillon,92,Métropole du Grand Paris,Gynecologues,9.89,6.0,64.9
92022,Chaville,92,Métropole du Grand Paris,Gynecologues,9.89,6.0,64.9
92023,Clamart,92,Métropole du Grand Paris,Gynecologues,9.89,6.0,64.9
92024,Clichy,92,Métropole du Grand Paris,Gynecologues,9.89,6.0,64.9
92025,Colombes,92,Métropole du Grand Paris,Gynecologues,9.89,6.0,64.9
92026,Courbevoie,92,Métropole du Grand Paris,Gynecologues,9.89,6.0,64.9
92032,Fontenay-aux-Roses,92,Métropole du Grand Paris,Gynecologues,9.89,6.0,64.9
92033,Garches,92,Métropole du Grand Paris,Gynecologues,9.89,6.0,64.9
92035,La Garenne-Colombes,92,Métropole du Grand Paris,Gynecologues,9.89,6.0,64.9
92036,Gennevilliers,92,Métropole du Grand Paris,Gynecologues,9.89,6.0,64.9
92040,Issy-les-Moulineaux,92,Métropole du Grand Paris,Gynecologues,9.89,6.0,64.9
92044,Levallois-Perret,92,Métropole du Grand Paris,Gynecologues,9.89,6.0,64.9
92046,Malakoff,92,Métropole du Grand Paris,Gynecologues,9.89,6.0,64.9
92047,Marnes-la-Coquette,92,Métropole du Grand Paris,Gynecologues,9.89,6.0,64.9
92048,Meudon,92,Métropole du Grand Paris,Gynecologues,9.89,6.0,64.9
92049,Montrouge,92,Métropole du Grand Paris,Gynecologues,9.89,6.0,64.9
92050,Nanterre,92,Métropole du Grand Paris,Gynecologues,9.89,6.0,64.9
92051,Neuilly-sur-Seine,92,Métropole du Grand Paris,Gynecologues,9.89,6.0,64.9
92060,Le Plessis-Robinson,92,Métropole du Grand Paris,Gynecologues,9.89,6.0,64.9
92062,Puteaux,92,Métropole du Grand Paris,Gynecologues,9.89,6.0,64.9
92063,Rueil-Malmaison,92,Métropole du Grand Paris,Gynecologues,9.89,6.0,64.9
92064,Saint-Cloud,92,Métropole du Grand Paris,Gynecologues,9.89,6.0,64.9
92071,Sceaux,92,Métropole du Grand Paris,Gynecologues,9.89,6.0,64.9
92072,Sèvres,92,Métropole du Grand Paris,Gynecologues,9.89,6.0,64.9
92073,Suresnes,92,Métropole du Grand Paris,Gynecologues,9.89,6.0,64.9
92075,Vanves,92,Métropole du Grand Paris,Gynecologues,9.89,6.0,64.9
92076,Vaucresson,92,Métropole du Grand Paris,Gynecologues,9.89,6.0,64.9
92077,Ville-d'Avray,92,Métropole du Grand Paris,Gynecologues,9.89,6.0,64.9
92078,Villeneuve-la-Garenne,92,Métropole du Grand Paris,Gynecologues,9.89,6.0,64.9
93001,Aubervilliers,93,Métropole du Grand Paris,Gynecologues,4.16,6.0,-30.6
93005,Aulnay-sous-Bois,93,Métropole du Grand Paris,Gynecologues,4.16,6.0,-30.6
93006,Bagnolet,93,Métropole du Grand Paris,Gynecologues,4.16,6.0,-30.6
93007,Le Blanc-Mesnil,93,Métropole du Grand Paris,Gynecologues,4.16,6.0,-30.6
93008,Bobigny,93,Métropole du Grand Paris,Gynecologues,4.16,6.0,-30.6
93010,Bondy,93,Métropole du Grand Paris,Gynecologues,4.16,6.0,-30.6
93013,Le Bourget,93,Métropole du Grand Paris,Gynecologues,4.16,6.0,-30.6
93014,Clichy-sous-Bois,93,Métropole du Grand Paris,Gynecologues,4.16,6.0,-30.6
93015,Coubron,93,Métropole du Grand Paris,Gynecologues,4.16,6.0,-30.6
93027,La Courneuve,93,Métropole du Grand Paris,Gynecologues,4.16,6.0,-30.6
93029,Drancy,93,Métropole du Grand Paris,Gynecologues,4.16,6.0,-30.6
93030,Dugny,93,Métropole du Grand Paris,Gynecologues,4.16,6.0,-30.6
93031,Épinay-sur-Seine,93,Métropole du Grand Paris,Gynecologues,4.16,6.0,-30.6
93032,Gagny,93,Métropole du Grand Paris,Gynecologues,4.16,6.0,-30.6
93033,Gournay-sur-Marne,93,Métropole du Grand Paris,Gynecologues,4.16,6.0,-30.6
93039,L'Île-Saint-Denis,93,Métropole du Grand Paris,Gynecologues,4.16,6.0,-30.6
93045,Les Lilas,93,Métropole du Grand Paris,Gynecologues,4.16,6.0,-30.6
93046,Livry-Gargan,93,Métropole du Grand Paris,Gynecologues,4.16,6.0,-30.6
93047,Montfermeil,93,Métropole du Grand Paris,Gynecologues,4.16,6.0,-30.6
93048,Montreuil,93,Métropole du Grand Paris,Gynecologues,4.16,6.0,-30.6
93049,Neuilly-Plaisance,93,Métropole du Grand Paris,Gynecologues,4.16,6.0,-30.6
93050,Neuilly-sur-Marne,93,Métropole du Grand Paris,Gynecologues,4.16,6.0,-30.6
93051,Noisy-le-Grand,93,Métropole du Grand Paris,Gynecologues,4.16,6.0,-30.6
93053,Noisy-le-Sec,93,Métropole du Grand Paris,Gynecologues,4.16,6.0,-30.6
93055,Pantin,93,Métropole du Grand Paris,Gynecologues,4.16,6.0,-30.6
93057,Les Pavillons-sous-Bois,93,Métropole du Grand Paris,Gynecologues,4.16,6.0,-30.6
93061,Le Pré-Saint-Gervais,93,Métropole du Grand Paris,Gynecologues,4.16,6.0,-30.6
93062,Le Raincy,93,Métropole du Grand Paris,Gynecologues,4.16,6.0,-30.6
93063,Romainville,93,Métropole du Grand Paris,Gynecologues,4.16,6.0,-30.6
93064,Rosny-sous-Bois,93,Métropole du Grand Paris,Gynecologues,4.16,6.0,-30.6
93066,Saint-Denis,93,Métropole du Grand Paris,Gynecologues,4.16,6.0,-30.6
93070,Saint-Ouen-sur-Seine,93,Métropole du Grand Paris,Gynecologues,4.16,6.0,-30.6
93071,Sevran,93,Métropole du Grand Paris,Gynecologues,4.16,6.0,-30.6
93072,Stains,93,Métropole du Grand Paris,Gynecologues,4.16,6.0,-30.6
93073,Tremblay-en-France,93,Métropole du Grand Paris,Gynecologues,4.16,6.0,-30.6
93074,Vaujours,93,Métropole du Grand Paris,Gynecologues,4.16,6.0,-30.6
93077,Villemomble,93,Métropole du Grand Paris,Gynecologues,4.16,6.0,-30.6
93078,Villepinte,93,Métropole du Grand Paris,Gynecologues,4.16,6.0,-30.6
93079,Villetaneuse,93,Métropole du Grand Paris,Gynecologues,4.16,6.0,-30.6
94001,Ablon-sur-Seine,94,Métropole du Grand Paris,Gynecologues,6.83,6.0,13.9
94002,Alfortville,94,Métropole du Grand Paris,Gynecologues,6.83,6.0,13.9
94003,Arcueil,94,Métropole du Grand Paris,Gynecologues,6.83,6.0,13.9
94004,Boissy-Saint-Léger,94,Métropole du Grand Paris,Gynecologues,6.83,6.0,13.9
94011,Bonneuil-sur-Marne,94,Métropole du Grand Paris,Gynecologues,6.83,6.0,13.9
94015,Bry-sur-Marne,94,Métropole du Grand Paris,Gynecologues,6.83,6.0,13.9
94016,Cachan,94,Métropole du Grand Paris,Gynecologues,6.83,6.0,13.9
94017,Champigny-sur-Marne,94,Métropole du Grand Paris,Gynecologues,6.83,6.0,13.9
94018,Charenton-le-Pont,94,Métropole du Grand Paris,Gynecologues,6.83,6.0,13.9
94019,Chennevières-sur-Marne,94,Métropole du Grand Paris,Gynecologues,6.83,6.0,13.9
94021,Chevilly-Larue,94,Métropole du Grand Paris,Gynecologues,6.83,6.0,13.9
94022,Choisy-le-Roi,94,Métropole du Grand Paris,Gynecologues,6.83,6.0,13.9
94028,Créteil,94,Métropole du Grand Paris,Gynecologues,6.83,6.0,13.9
94033,Fontenay-sous-Bois,94,Métropole du Grand Paris,Gynecologues,6.83,6.0,13.9
94034,Fresnes,94,Métropole du Grand Paris,Gynecologues,6.83,6.0,13.9
94037,Gentilly,94,Métropole du Grand Paris,Gynecologues,6.83,6.0,13.9
94038,L'Haÿ-les-Roses,94,Métropole du Grand Paris,Gynecologues,6.83,6.0,13.9
94041,Ivry-sur-Seine,94,Métropole du Grand Paris,Gynecologues,6.83,6.0,13.9
94042,Joinville-le-Pont,94,Métropole du Grand Paris,Gynecologues,6.83,6.0,13.9
94043,Le Kremlin-Bicêtre,94,Métropole du Grand Paris,Gynecologues,6.83,6.0,13.9
94044,Limeil-Brévannes,94,Métropole du Grand Paris,Gynecologues,6.83,6.0,13.9
94046,Maisons-Alfort,94,Métropole du Grand Paris,Gynecologues,6.83,6.0,13.9
94047,Mandres-les-Roses,94,Métropole du Grand Paris,Gynecologues,6.83,6.0,13.9
94048,Marolles-en-Brie,94,Métropole du Grand Paris,Gynecologues,6.83,6.0,13.9
94052,Nogent-sur-Marne,94,Métropole du Grand Paris,Gynecologues,6.83,6.0,13.9
94053,Noiseau,94,Métropole du Grand Paris,Gynecologues,6.83,6.0,13.9
94054,Orly,94,Métropole du Grand Paris,Gynecologues,6.83,6.0,13.9
94055,Ormesson-sur-Marne,94,Métropole du Grand Paris,Gynecologues,6.83,6.0,13.9
94056,Périgny,94,Métropole du Grand Paris,Gynecologues,6.83,6.0,13.9
94058,Le Perreux-sur-Marne,94,Métropole du Grand Paris,Gynecologues,6.83,6.0,13.9
94059,Le Plessis-Trévise,94,Métropole du Grand Paris,Gynecologues,6.83,6.0,13.9
94060,La Queue-en-Brie,94,Métropole du Grand Paris,Gynecologues,6.83,6.0,13.9
94065,Rungis,94,Métropole du Grand Paris,Gynecologues,6.83,6.0,13.9
94067,Saint-Mandé,94,Métropole du Grand Paris,Gynecologues,6.83,6.0,13.9
94068,Saint-Maur-des-Fossés,94,Métropole du Grand Paris,Gynecologues,6.83,6.0,13.9
94069,Saint-Maurice,94,Métropole du Grand Paris,Gynecologues,6.83,6.0,13.9
94070,Santeny,94,Métropole du Grand Paris,Gynecologues,6.83,6.0,13.9
94071,Sucy-en-Brie,94,Métropole du Grand Paris,Gynecologues,6.83,6.0,13.9
94073,Thiais,94,Métropole du Grand Paris,Gynecologues,6.83,6.0,13.9
94074,Valenton,94,Métropole du Grand Paris,Gynecologues,6.83,6.0,13.9
94075,Villecresnes,94,Métropole du Grand Paris,Gynecologues,6.83,6.0,13.9
94076,Villejuif,94,Métropole du Grand Paris,Gynecologues,6.83,6.0,13.9
94077,Villeneuve-le-Roi,94,Métropole du Grand Paris,Gynecologues,6.83,6.0,13.9
94078,Villeneuve-Saint-Georges,94,Métropole du Grand Paris,Gynecologues,6.83,6.0,13.9
94079,Villiers-sur-Marne,94,Métropole du Grand Paris,Gynecologues,6.83,6.0,13.9
94080,Vincennes,94,Métropole du Grand Paris,Gynecologues,6.83,6.0,13.9
94081,Vitry-sur-Seine,94,Métropole du Grand Paris,Gynecologues,6.83,6.0,13.9
95002,Ableiges,95,CC Vexin Centre,Gynecologues,6.3,6.0,4.9
95008,Aincourt,95,CC du Vexin-Val de Seine,Gynecologues,6.3,6.0,4.9
95011,Ambleville,95,CC du Vexin-Val de Seine,Gynecologues,6.3,6.0,4.9
95012,Amenucourt,95,CC du Vexin-Val de Seine,Gynecologues,6.3,6.0,4.9
95014,Andilly,95,CA Plaine Vallée,Gynecologues,6.3,6.0,4.9
95018,Argenteuil,95,Métropole du Grand Paris,Gynecologues,6.3,6.0,4.9
95019,Arnouville,95,CA Roissy Pays de France,Gynecologues,6.3,6.0,4.9
95023,Arronville,95,CC Sausseron Impressionnistes,Gynecologues,6.3,6.0,4.9
95024,Arthies,95,CC du Vexin-Val de Seine,Gynecologues,6.3,6.0,4.9
95026,Asnières-sur-Oise,95,CC Carnelle Pays-de-France,Gynecologues,6.3,6.0,4.9
95028,Attainville,95,CA Plaine Vallée,Gynecologues,6.3,6.0,4.9
95039,Auvers-sur-Oise,95,CC Sausseron Impressionnistes,Gynecologues,6.3,6.0,4.9
95040,Avernes,95,CC Vexin Centre,Gynecologues,6.3,6.0,4.9
95042,Baillet-en-France,95,CC Carnelle Pays-de-France,Gynecologues,6.3,6.0,4.9
95046,Banthelu,95,CC du Vexin-Val de Seine,Gynecologues,6.3,6.0,4.9
95051,Beauchamp,95,CA Val Parisis,Gynecologues,6.3,6.0,4.9
95052,Beaumont-sur-Oise,95,CC du Haut Val d'Oise,Gynecologues,6.3,6.0,4.9
95054,Le Bellay-en-Vexin,95,CC Vexin Centre,Gynecologues,6.3,6.0,4.9
95055,Bellefontaine,95,CC Carnelle Pays-de-France,Gynecologues,6.3,6.0,4.9
95056,Belloy-en-France,95,CC Carnelle Pays-de-France,Gynecologues,6.3,6.0,4.9
95058,Bernes-sur-Oise,95,CC du Haut Val d'Oise,Gynecologues,6.3,6.0,4.9
95059,Berville,95,CC Vexin Centre,Gynecologues,6.3,6.0,4.9
95060,Bessancourt,95,CA Val Parisis,Gynecologues,6.3,6.0,4.9
95061,Béthemont-la-Forêt,95,CC de la Vallée de l'Oise et des Trois Forêts,Gynecologues,6.3,6.0,4.9
95063,Bezons,95,CA Saint Germain Boucles de Seine,Gynecologues,6.3,6.0,4.9
95074,Boisemont,95,CA de Cergy-Pontoise,Gynecologues,6.3,6.0,4.9
95078,Boissy-l'Aillerie,95,CC Vexin Centre,Gynecologues,6.3,6.0,4.9
95088,Bonneuil-en-France,95,CA Roissy Pays de France,Gynecologues,6.3,6.0,4.9
95091,Bouffémont,95,CA Plaine Vallée,Gynecologues,6.3,6.0,4.9
95094,Bouqueval,95,CA Roissy Pays de France,Gynecologues,6.3,6.0,4.9
95101,Bray-et-Lû,95,CC du Vexin-Val de Seine,Gynecologues,6.3,6.0,4.9
95102,Bréançon,95,CC Vexin Centre,Gynecologues,6.3,6.0,4.9
95110,Brignancourt,95,CC Vexin Centre,Gynecologues,6.3,6.0,4.9
95116,Bruyères-sur-Oise,95,CC du Haut Val d'Oise,Gynecologues,6.3,6.0,4.9
95119,Buhy,95,CC du Vexin-Val de Seine,Gynecologues,6.3,6.0,4.9
95120,Butry-sur-Oise,95,CC Sausseron Impressionnistes,Gynecologues,6.3,6.0,4.9
95127,Cergy,95,CA de Cergy-Pontoise,Gynecologues,6.3,6.0,4.9
95134,Champagne-sur-Oise,95,CC du Haut Val d'Oise,Gynecologues,6.3,6.0,4.9
95139,La Chapelle-en-Vexin,95,CC du Vexin-Val de Seine,Gynecologues,6.3,6.0,4.9
95141,Charmont,95,CC du Vexin-Val de Seine,Gynecologues,6.3,6.0,4.9
95142,Chars,95,CC Vexin Centre,Gynecologues,6.3,6.0,4.9
95144,Châtenay-en-France,95,CC Carnelle Pays-de-France,Gynecologues,6.3,6.0,4.9
95149,Chaumontel,95,CC Carnelle Pays-de-France,Gynecologues,6.3,6.0,4.9
95150,Chaussy,95,CC du Vexin-Val de Seine,Gynecologues,6.3,6.0,4.9
95151,Chauvry,95,CC de la Vallée de l'Oise et des Trois Forêts,Gynecologues,6.3,6.0,4.9
95154,Chennevières-lès-Louvres,95,CA Roissy Pays de France,Gynecologues,6.3,6.0,4.9
95157,Chérence,95,CC du Vexin-Val de Seine,Gynecologues,6.3,6.0,4.9
95166,Cléry-en-Vexin,95,CC Vexin Centre,Gynecologues,6.3,6.0,4.9
95169,Commeny,95,CC Vexin Centre,Gynecologues,6.3,6.0,4.9
95170,Condécourt,95,CC Vexin Centre,Gynecologues,6.3,6.0,4.9
95176,Cormeilles-en-Parisis,95,CA Val Parisis,Gynecologues,6.3,6.0,4.9
95177,Cormeilles-en-Vexin,95,CC Vexin Centre,Gynecologues,6.3,6.0,4.9
95181,Courcelles-sur-Viosne,95,CC Vexin Centre,Gynecologues,6.3,6.0,4.9
95183,Courdimanche,95,CA de Cergy-Pontoise,Gynecologues,6.3,6.0,4.9
95197,Deuil-la-Barre,95,CA Plaine Vallée,Gynecologues,6.3,6.0,4.9
95199,Domont,95,CA Plaine Vallée,Gynecologues,6.3,6.0,4.9
95203,Eaubonne,95,CA Val Parisis,Gynecologues,6.3,6.0,4.9
95205,Écouen,95,CA Roissy Pays de France,Gynecologues,6.3,6.0,4.9
95210,Enghien-les-Bains,95,CA Plaine Vallée,Gynecologues,6.3,6.0,4.9
95211,Ennery,95,CC Sausseron Impressionnistes,Gynecologues,6.3,6.0,4.9
95212,Épiais-lès-Louvres,95,CA Roissy Pays de France,Gynecologues,6.3,6.0,4.9
95213,Épiais-Rhus,95,CC Sausseron Impressionnistes,Gynecologues,6.3,6.0,4.9
95214,Épinay-Champlâtreux,95,CC Carnelle Pays-de-France,Gynecologues,6.3,6.0,4.9
95218,Éragny-sur-Oise,95,CA de Cergy-Pontoise,Gynecologues,6.3,6.0,4.9
95219,Ermont,95,CA Val Parisis,Gynecologues,6.3,6.0,4.9
95229,Ézanville,95,CA Plaine Vallée,Gynecologues,6.3,6.0,4.9
95241,Fontenay-en-Parisis,95,CA Roissy Pays de France,Gynecologues,6.3,6.0,4.9
95250,Fosses,95,CA Roissy Pays de France,Gynecologues,6.3,6.0,4.9
95252,Franconville,95,CA Val Parisis,Gynecologues,6.3,6.0,4.9
95253,Frémainville,95,CC Vexin Centre,Gynecologues,6.3,6.0,4.9
95254,Frémécourt,95,CC Vexin Centre,Gynecologues,6.3,6.0,4.9
95256,Frépillon,95,CA Val Parisis,Gynecologues,6.3,6.0,4.9
95257,La Frette-sur-Seine,95,CA Val Parisis,Gynecologues,6.3,6.0,4.9
95258,Frouville,95,CC Sausseron Impressionnistes,Gynecologues,6.3,6.0,4.9
95268,Garges-lès-Gonesse,95,CA Roissy Pays de France,Gynecologues,6.3,6.0,4.9
95270,Genainville,95,CC du Vexin-Val de Seine,Gynecologues,6.3,6.0,4.9
95271,Génicourt,95,CC Sausseron Impressionnistes,Gynecologues,6.3,6.0,4.9
95277,Gonesse,95,CA Roissy Pays de France,Gynecologues,6.3,6.0,4.9
95280,Goussainville,95,CA Roissy Pays de France,Gynecologues,6.3,6.0,4.9
95287,Grisy-les-Plâtres,95,CC Vexin Centre,Gynecologues,6.3,6.0,4.9
95288,Groslay,95,CA Plaine Vallée,Gynecologues,6.3,6.0,4.9
95295,Guiry-en-Vexin,95,CC Vexin Centre,Gynecologues,6.3,6.0,4.9
95298,Haravilliers,95,CC Vexin Centre,Gynecologues,6.3,6.0,4.9
95301,Haute-Isle,95,CC du Vexin-Val de Seine,Gynecologues,6.3,6.0,4.9
95303,Le Heaulme,95,CC Vexin Centre,Gynecologues,6.3,6.0,4.9
95304,Hédouville,95,CC Sausseron Impressionnistes,Gynecologues,6.3,6.0,4.9
95306,Herblay-sur-Seine,95,CA Val Parisis,Gynecologues,6.3,6.0,4.9
95308,Hérouville-en-Vexin,95,CC Sausseron Impressionnistes,Gynecologues,6.3,6.0,4.9
95309,Hodent,95,CC du Vexin-Val de Seine,Gynecologues,6.3,6.0,4.9
95313,L'Isle-Adam,95,CC de la Vallée de l'Oise et des Trois Forêts,Gynecologues,6.3,6.0,4.9
95316,Jagny-sous-Bois,95,CC Carnelle Pays-de-France,Gynecologues,6.3,6.0,4.9
95323,Jouy-le-Moutier,95,CA de Cergy-Pontoise,Gynecologues,6.3,6.0,4.9
95328,Labbeville,95,CC Sausseron Impressionnistes,Gynecologues,6.3,6.0,4.9
95331,Lassy,95,CC Carnelle Pays-de-France,Gynecologues,6.3,6.0,4.9
95341,Livilliers,95,CC Sausseron Impressionnistes,Gynecologues,6.3,6.0,4.9
95348,Longuesse,95,CC Vexin Centre,Gynecologues,6.3,6.0,4.9
95351,Louvres,95,CA Roissy Pays de France,Gynecologues,6.3,6.0,4.9
95352,Luzarches,95,CC Carnelle Pays-de-France,Gynecologues,6.3,6.0,4.9
95353,Maffliers,95,CC Carnelle Pays-de-France,Gynecologues,6.3,6.0,4.9
95355,Magny-en-Vexin,95,CC du Vexin-Val de Seine,Gynecologues,6.3,6.0,4.9
95365,Mareil-en-France,95,CC Carnelle Pays-de-France,Gynecologues,6.3,6.0,4.9
95369,Margency,95,CA Plaine Vallée,Gynecologues,6.3,6.0,4.9
95370,Marines,95,CC Vexin Centre,Gynecologues,6.3,6.0,4.9
95371,Marly-la-Ville,95,CA Roissy Pays de France,Gynecologues,6.3,6.0,4.9
95379,Maudétour-en-Vexin,95,CC du Vexin-Val de Seine,Gynecologues,6.3,6.0,4.9
95387,Menouville,95,CC Sausseron Impressionnistes,Gynecologues,6.3,6.0,4.9
95388,Menucourt,95,CA de Cergy-Pontoise,Gynecologues,6.3,6.0,4.9
95392,Mériel,95,CC de la Vallée de l'Oise et des Trois Forêts,Gynecologues,6.3,6.0,4.9
95394,Méry-sur-Oise,95,CC de la Vallée de l'Oise et des Trois Forêts,Gynecologues,6.3,6.0,4.9
95395,Le Mesnil-Aubry,95,CA Roissy Pays de France,Gynecologues,6.3,6.0,4.9
95409,Moisselles,95,CA Plaine Vallée,Gynecologues,6.3,6.0,4.9
95422,Montgeroult,95,CC Vexin Centre,Gynecologues,6.3,6.0,4.9
95424,Montigny-lès-Cormeilles,95,CA Val Parisis,Gynecologues,6.3,6.0,4.9
95426,Montlignon,95,CA Plaine Vallée,Gynecologues,6.3,6.0,4.9
95427,Montmagny,95,CA Plaine Vallée,Gynecologues,6.3,6.0,4.9
95428,Montmorency,95,CA Plaine Vallée,Gynecologues,6.3,6.0,4.9
95429,Montreuil-sur-Epte,95,CC du Vexin-Val de Seine,Gynecologues,6.3,6.0,4.9
95430,Montsoult,95,CC Carnelle Pays-de-France,Gynecologues,6.3,6.0,4.9
95436,Mours,95,CC du Haut Val d'Oise,Gynecologues,6.3,6.0,4.9
95438,Moussy,95,CC Vexin Centre,Gynecologues,6.3,6.0,4.9
95445,Nerville-la-Forêt,95,CC de la Vallée de l'Oise et des Trois Forêts,Gynecologues,6.3,6.0,4.9
95446,Nesles-la-Vallée,95,CC Sausseron Impressionnistes,Gynecologues,6.3,6.0,4.9
95447,Neuilly-en-Vexin,95,CC Vexin Centre,Gynecologues,6.3,6.0,4.9
95450,Neuville-sur-Oise,95,CA de Cergy-Pontoise,Gynecologues,6.3,6.0,4.9
95452,Nointel,95,CC du Haut Val d'Oise,Gynecologues,6.3,6.0,4.9
95456,Noisy-sur-Oise,95,CC du Haut Val d'Oise,Gynecologues,6.3,6.0,4.9
95459,Nucourt,95,CC Vexin Centre,Gynecologues,6.3,6.0,4.9
95462,Omerville,95,CC du Vexin-Val de Seine,Gynecologues,6.3,6.0,4.9
95476,Osny,95,CA de Cergy-Pontoise,Gynecologues,6.3,6.0,4.9
95480,Parmain,95,CC de la Vallée de l'Oise et des Trois Forêts,Gynecologues,6.3,6.0,4.9
95483,Le Perchay,95,CC Vexin Centre,Gynecologues,6.3,6.0,4.9
95487,Persan,95,CC du Haut Val d'Oise,Gynecologues,6.3,6.0,4.9
95488,Pierrelaye,95,CA Val Parisis,Gynecologues,6.3,6.0,4.9
95489,Piscop,95,CA Plaine Vallée,Gynecologues,6.3,6.0,4.9
95491,Le Plessis-Bouchard,95,CA Val Parisis,Gynecologues,6.3,6.0,4.9
95492,Le Plessis-Gassot,95,CA Roissy Pays de France,Gynecologues,6.3,6.0,4.9
95493,Le Plessis-Luzarches,95,CC Carnelle Pays-de-France,Gynecologues,6.3,6.0,4.9
95500,Pontoise,95,CA de Cergy-Pontoise,Gynecologues,6.3,6.0,4.9
95504,Presles,95,CC de la Vallée de l'Oise et des Trois Forêts,Gynecologues,6.3,6.0,4.9
95509,Puiseux-en-France,95,CA Roissy Pays de France,Gynecologues,6.3,6.0,4.9
95510,Puiseux-Pontoise,95,CA de Cergy-Pontoise,Gynecologues,6.3,6.0,4.9
95523,La Roche-Guyon,95,CC du Vexin-Val de Seine,Gynecologues,6.3,6.0,4.9
95527,Roissy-en-France,95,CA Roissy Pays de France,Gynecologues,6.3,6.0,4.9
95529,Ronquerolles,95,CC du Haut Val d'Oise,Gynecologues,6.3,6.0,4.9
95535,Sagy,95,CC Vexin Centre,Gynecologues,6.3,6.0,4.9
95539,Saint-Brice-sous-Forêt,95,CA Plaine Vallée,Gynecologues,6.3,6.0,4.9
95541,Saint-Clair-sur-Epte,95,CC du Vexin-Val de Seine,Gynecologues,6.3,6.0,4.9
95543,Saint-Cyr-en-Arthies,95,CC du Vexin-Val de Seine,Gynecologues,6.3,6.0,4.9
95554,Saint-Gervais,95,CC du Vexin-Val de Seine,Gynecologues,6.3,6.0,4.9
95555,Saint-Gratien,95,CA Plaine Vallée,Gynecologues,6.3,6.0,4.9
95563,Saint-Leu-la-Forêt,95,CA Val Parisis,Gynecologues,6.3,6.0,4.9
95566,Saint-Martin-du-Tertre,95,CC Carnelle Pays-de-France,Gynecologues,6.3,6.0,4.9
95572,Saint-Ouen-l'Aumône,95,CA de Cergy-Pontoise,Gynecologues,6.3,6.0,4.9
95574,Saint-Prix,95,CA Plaine Vallée,Gynecologues,6.3,6.0,4.9
95580,Saint-Witz,95,CA Roissy Pays de France,Gynecologues,6.3,6.0,4.9
95582,Sannois,95,CA Val Parisis,Gynecologues,6.3,6.0,4.9
95584,Santeuil,95,CC Vexin Centre,Gynecologues,6.3,6.0,4.9
95585,Sarcelles,95,CA Roissy Pays de France,Gynecologues,6.3,6.0,4.9
95592,Seraincourt,95,CC Vexin Centre,Gynecologues,6.3,6.0,4.9
95594,Seugy,95,CC Carnelle Pays-de-France,Gynecologues,6.3,6.0,4.9
95598,Soisy-sous-Montmorency,95,CA Plaine Vallée,Gynecologues,6.3,6.0,4.9
95604,Survilliers,95,CA Roissy Pays de France,Gynecologues,6.3,6.0,4.9
95607,Taverny,95,CA Val Parisis,Gynecologues,6.3,6.0,4.9
95610,Théméricourt,95,CC Vexin Centre,Gynecologues,6.3,6.0,4.9
95611,Theuville,95,CC Vexin Centre,Gynecologues,6.3,6.0,4.9
95612,Le Thillay,95,CA Roissy Pays de France,Gynecologues,6.3,6.0,4.9
95625,Us,95,CC Vexin Centre,Gynecologues,6.3,6.0,4.9
95627,Vallangoujard,95,CC Sausseron Impressionnistes,Gynecologues,6.3,6.0,4.9
95628,Valmondois,95,CC Sausseron Impressionnistes,Gynecologues,6.3,6.0,4.9
95633,Vaudherland,95,CA Roissy Pays de France,Gynecologues,6.3,6.0,4.9
95637,Vauréal,95,CA de Cergy-Pontoise,Gynecologues,6.3,6.0,4.9
95641,Vémars,95,CA Roissy Pays de France,Gynecologues,6.3,6.0,4.9
95651,Vétheuil,95,CC du Vexin-Val de Seine,Gynecologues,6.3,6.0,4.9
95652,Viarmes,95,CC Carnelle Pays-de-France,Gynecologues,6.3,6.0,4.9
95656,Vienne-en-Arthies,95,CC du Vexin-Val de Seine,Gynecologues,6.3,6.0,4.9
95658,Vigny,95,CC Vexin Centre,Gynecologues,6.3,6.0,4.9
95660,Villaines-sous-Bois,95,CC Carnelle Pays-de-France,Gynecologues,6.3,6.0,4.9
95675,Villeron,95,CA Roissy Pays de France,Gynecologues,6.3,6.0,4.9
95676,Villers-en-Arthies,95,CC du Vexin-Val de Seine,Gynecologues,6.3,6.0,4.9
95678,Villiers-Adam,95,CC de la Vallée de l'Oise et des Trois Forêts,Gynecologues,6.3,6.0,4.9
95680,Villiers-le-Bel,95,CA Roissy Pays de France,Gynecologues,6.3,6.0,4.9
95682,Villiers-le-Sec,95,CC Carnelle Pays-de-France,Gynecologues,6.3,6.0,4.9
95690,Wy-dit-Joli-Village,95,CC du Vexin-Val de Seine,Gynecologues,6.3,6.0,4.9
75056,Paris,75,Métropole du Grand Paris,Generalistes (APL),4.96,2.36,109.9
77001,Achères-la-Forêt,77,CA du Pays de Fontainebleau,Generalistes (APL),1.69,2.36,-28.3
77002,Amillis,77,CA Coulommiers Pays de Brie,Generalistes (APL),2.69,2.36,14.1
77003,Amponville,77,CC Pays de Nemours,Generalistes (APL),1.61,2.36,-31.7
77004,Andrezel,77,CC Brie des Rivières et Châteaux,Generalistes (APL),1.41,2.36,-40.2
77005,Annet-sur-Marne,77,CC Plaines et Monts de France,Generalistes (APL),2.47,2.36,4.4
77006,Arbonne-la-Forêt,77,CA du Pays de Fontainebleau,Generalistes (APL),1.36,2.36,-42.6
77007,Argentières,77,CC Brie des Rivières et Châteaux,Generalistes (APL),1.51,2.36,-35.9
77008,Armentières-en-Brie,77,CC du Pays de l'Ourcq,Generalistes (APL),1.43,2.36,-39.6
77009,Arville,77,CC Gâtinais Val de Loing,Generalistes (APL),1.94,2.36,-17.8
77010,Aubepierre-Ozouer-le-Repos,77,CC Brie Nangissienne,Generalistes (APL),1.86,2.36,-21.2
77011,Aufferville,77,CC Gâtinais Val de Loing,Generalistes (APL),2.93,2.36,24.1
77012,Augers-en-Brie,77,CC du Provinois,Generalistes (APL),0.55,2.36,-76.9
77013,Aulnoy,77,CA Coulommiers Pays de Brie,Generalistes (APL),2.66,2.36,12.7
77014,Avon,77,CA du Pays de Fontainebleau,Generalistes (APL),3.48,2.36,47.4
77015,Baby,77,CC Bassée-Montois,Generalistes (APL),1.25,2.36,-47.2
77016,Bagneaux-sur-Loing,77,CC Pays de Nemours,Generalistes (APL),2.21,2.36,-6.5
77018,Bailly-Romainvilliers,77,CA Val d'Europe Agglomération,Generalistes (APL),2.3,2.36,-2.7
77019,Balloy,77,CC Bassée-Montois,Generalistes (APL),1.03,2.36,-56.6
77020,Bannost-Villegagnon,77,CC du Provinois,Generalistes (APL),1.44,2.36,-38.9
77021,Barbey,77,CC Pays de Montereau,Generalistes (APL),1.63,2.36,-30.9
77022,Barbizon,77,CA du Pays de Fontainebleau,Generalistes (APL),2.24,2.36,-5.2
77023,Barcy,77,CA du Pays de Meaux,Generalistes (APL),3.13,2.36,32.4
77024,Bassevelle,77,CA Coulommiers Pays de Brie,Generalistes (APL),1.63,2.36,-30.9
77025,Bazoches-lès-Bray,77,CC Bassée-Montois,Generalistes (APL),1.19,2.36,-49.5
77026,Beauchery-Saint-Martin,77,CC du Provinois,Generalistes (APL),1.49,2.36,-36.7
77027,Beaumont-du-Gâtinais,77,CC Gâtinais Val de Loing,Generalistes (APL),1.79,2.36,-24.1
77029,Beauvoir,77,CC Brie des Rivières et Châteaux,Generalistes (APL),1.73,2.36,-26.7
77030,Bellot,77,CC des Deux Morin,Generalistes (APL),0.84,2.36,-64.4
77031,Bernay-Vilbert,77,CC Val Briard,Generalistes (APL),2.79,2.36,18.1
77032,Beton-Bazoches,77,CC du Provinois,Generalistes (APL),1.78,2.36,-24.6
77033,Bezalles,77,CC du Provinois,Generalistes (APL),1.38,2.36,-41.4
77034,Blandy,77,CC Brie des Rivières et Châteaux,Generalistes (APL),1.52,2.36,-35.7
77035,Blennes,77,CC Pays de Montereau,Generalistes (APL),1.18,2.36,-49.9
77036,Boisdon,77,CC du Provinois,Generalistes (APL),1.47,2.36,-37.9
77037,Bois-le-Roi,77,CA du Pays de Fontainebleau,Generalistes (APL),2.55,2.36,7.9
77038,Boissettes,77,CA Melun Val de Seine,Generalistes (APL),2.09,2.36,-11.6
77039,Boissise-la-Bertrand,77,CA Melun Val de Seine,Generalistes (APL),2.36,2.36,0.1
77040,Boissise-le-Roi,77,CA Melun Val de Seine,Generalistes (APL),1.73,2.36,-26.8
77041,Boissy-aux-Cailles,77,CA du Pays de Fontainebleau,Generalistes (APL),1.83,2.36,-22.6
77042,Boissy-le-Châtel,77,CA Coulommiers Pays de Brie,Generalistes (APL),2.02,2.36,-14.7
77043,Boitron,77,CC des Deux Morin,Generalistes (APL),1.15,2.36,-51.1
77044,Bombon,77,CC Brie des Rivières et Châteaux,Generalistes (APL),1.59,2.36,-32.5
77045,Bougligny,77,CC Gâtinais Val de Loing,Generalistes (APL),2.12,2.36,-10.2
77046,Boulancourt,77,CC Pays de Nemours,Generalistes (APL),1.95,2.36,-17.3
77047,Bouleurs,77,CA Coulommiers Pays de Brie,Generalistes (APL),2.52,2.36,6.5
77048,Bourron-Marlotte,77,CA du Pays de Fontainebleau,Generalistes (APL),3.19,2.36,35.3
77049,Boutigny,77,CA du Pays de Meaux,Generalistes (APL),2.01,2.36,-14.9
77050,Bransles,77,CC Gâtinais Val de Loing,Generalistes (APL),0.87,2.36,-63.2
77051,Bray-sur-Seine,77,CC Bassée-Montois,Generalistes (APL),1.56,2.36,-33.9
77052,Bréau,77,CC Brie Nangissienne,Generalistes (APL),1.72,2.36,-27.3
77053,Brie-Comte-Robert,77,CC l'Orée de la Brie,Generalistes (APL),2.29,2.36,-2.8
77054,La Brosse-Montceaux,77,CC Pays de Montereau,Generalistes (APL),2.56,2.36,8.5
77055,Brou-sur-Chantereine,77,CA Paris - Vallée de la Marne,Generalistes (APL),3.1,2.36,31.4
77056,Burcy,77,CC Pays de Nemours,Generalistes (APL),2.3,2.36,-2.5
77057,Bussières,77,CA Coulommiers Pays de Brie,Generalistes (APL),1.76,2.36,-25.4
77058,Bussy-Saint-Georges,77,CA Marne et Gondoire,Generalistes (APL),3.35,2.36,41.8
77059,Bussy-Saint-Martin,77,CA Marne et Gondoire,Generalistes (APL),3.4,2.36,44.0
77060,Buthiers,77,CC Pays de Nemours,Generalistes (APL),2.15,2.36,-9.2
77061,Cannes-Écluse,77,CC Pays de Montereau,Generalistes (APL),2.6,2.36,10.2
77062,Carnetin,77,CA Marne et Gondoire,Generalistes (APL),1.98,2.36,-16.3
77063,La Celle-sur-Morin,77,CA Coulommiers Pays de Brie,Generalistes (APL),1.91,2.36,-19.3
77065,Cély,77,CA du Pays de Fontainebleau,Generalistes (APL),2.46,2.36,4.3
77066,Cerneux,77,CC du Provinois,Generalistes (APL),0.75,2.36,-68.2
77067,Cesson,77,CA Grand Paris Sud Seine Essonne Sénart,Generalistes (APL),2.53,2.36,7.1
77068,Cessoy-en-Montois,77,CC Bassée-Montois,Generalistes (APL),1.88,2.36,-20.3
77069,Chailly-en-Bière,77,CA du Pays de Fontainebleau,Generalistes (APL),2.23,2.36,-5.4
77070,Chailly-en-Brie,77,CA Coulommiers Pays de Brie,Generalistes (APL),3.0,2.36,27.0
77071,Chaintreaux,77,CC Gâtinais Val de Loing,Generalistes (APL),1.58,2.36,-33.1
77072,Chalautre-la-Grande,77,CC du Provinois,Generalistes (APL),2.31,2.36,-2.1
77073,Chalautre-la-Petite,77,CC du Provinois,Generalistes (APL),3.29,2.36,39.4
77075,Chalifert,77,CA Marne et Gondoire,Generalistes (APL),1.88,2.36,-20.6
77076,Chalmaison,77,CC Bassée-Montois,Generalistes (APL),1.85,2.36,-21.6
77077,Chambry,77,CA du Pays de Meaux,Generalistes (APL),2.92,2.36,23.6
77078,Chamigny,77,CA Coulommiers Pays de Brie,Generalistes (APL),2.43,2.36,2.8
77079,Champagne-sur-Seine,77,CC Moret Seine et Loing,Generalistes (APL),2.58,2.36,9.2
77080,Champcenest,77,CC du Provinois,Generalistes (APL),1.76,2.36,-25.5
77081,Champdeuil,77,CC Brie des Rivières et Châteaux,Generalistes (APL),2.02,2.36,-14.6
77082,Champeaux,77,CC Brie des Rivières et Châteaux,Generalistes (APL),1.27,2.36,-46.1
77083,Champs-sur-Marne,77,CA Paris - Vallée de la Marne,Generalistes (APL),2.81,2.36,19.0
77084,Changis-sur-Marne,77,CA Coulommiers Pays de Brie,Generalistes (APL),2.14,2.36,-9.4
77085,Chanteloup-en-Brie,77,CA Marne et Gondoire,Generalistes (APL),2.6,2.36,10.0
77086,La Chapelle-Gauthier,77,CC Brie Nangissienne,Generalistes (APL),1.83,2.36,-22.3
77087,La Chapelle-Iger,77,CC Val Briard,Generalistes (APL),1.57,2.36,-33.7
77088,La Chapelle-la-Reine,77,CA du Pays de Fontainebleau,Generalistes (APL),2.18,2.36,-7.7
77089,La Chapelle-Rablais,77,CC Brie Nangissienne,Generalistes (APL),1.66,2.36,-29.7
77090,La Chapelle-Saint-Sulpice,77,CC du Provinois,Generalistes (APL),2.4,2.36,1.8
77091,Les Chapelles-Bourbon,77,CC Val Briard,Generalistes (APL),1.86,2.36,-21.2
77093,La Chapelle-Moutils,77,CC des Deux Morin,Generalistes (APL),0.54,2.36,-77.0
77094,Charmentray,77,CC Plaines et Monts de France,Generalistes (APL),3.07,2.36,30.1
77095,Charny,77,CC Plaines et Monts de France,Generalistes (APL),2.44,2.36,3.4
77096,Chartrettes,77,CA du Pays de Fontainebleau,Generalistes (APL),2.19,2.36,-7.4
77097,Chartronges,77,CC des Deux Morin,Generalistes (APL),1.7,2.36,-27.8
77098,Châteaubleau,77,CC Brie Nangissienne,Generalistes (APL),2.03,2.36,-13.9
77099,Château-Landon,77,CC Gâtinais Val de Loing,Generalistes (APL),1.46,2.36,-38.3
77100,Le Châtelet-en-Brie,77,CC Brie des Rivières et Châteaux,Generalistes (APL),1.64,2.36,-30.6
77101,Châtenay-sur-Seine,77,CC Bassée-Montois,Generalistes (APL),1.49,2.36,-36.9
77102,Châtenoy,77,CC Pays de Nemours,Generalistes (APL),2.92,2.36,23.6
77103,Châtillon-la-Borde,77,CC Brie des Rivières et Châteaux,Generalistes (APL),1.87,2.36,-20.8
77104,Châtres,77,CC Val Briard,Generalistes (APL),2.0,2.36,-15.2
77106,Chauffry,77,CA Coulommiers Pays de Brie,Generalistes (APL),2.15,2.36,-9.2
77107,Chaumes-en-Brie,77,CC Brie des Rivières et Châteaux,Generalistes (APL),1.9,2.36,-19.4
77108,Chelles,77,CA Paris - Vallée de la Marne,Generalistes (APL),2.04,2.36,-13.5
77109,Chenoise-Cucharmoy,77,CC du Provinois,Generalistes (APL),2.09,2.36,-11.3
77110,Chenou,77,CC Gâtinais Val de Loing,Generalistes (APL),2.0,2.36,-15.3
77111,Chessy,77,CA Val d'Europe Agglomération,Generalistes (APL),2.3,2.36,-2.6
77112,Chevrainvilliers,77,CC Pays de Nemours,Generalistes (APL),2.92,2.36,23.6
77113,Chevru,77,CA Coulommiers Pays de Brie,Generalistes (APL),2.46,2.36,4.0
77114,Chevry-Cossigny,77,CC l'Orée de la Brie,Generalistes (APL),1.93,2.36,-18.4
77115,Chevry-en-Sereine,77,CC Pays de Montereau,Generalistes (APL),1.13,2.36,-52.2
77116,Choisy-en-Brie,77,CC des Deux Morin,Generalistes (APL),2.14,2.36,-9.5
77117,Citry,77,CA Coulommiers Pays de Brie,Generalistes (APL),1.48,2.36,-37.4
77118,Claye-Souilly,77,CA Roissy Pays de France,Generalistes (APL),3.05,2.36,29.3
77119,Clos-Fontaine,77,CC Brie Nangissienne,Generalistes (APL),1.58,2.36,-33.2
77120,Cocherel,77,CC du Pays de l'Ourcq,Generalistes (APL),1.94,2.36,-17.7
77121,Collégien,77,CA Marne et Gondoire,Generalistes (APL),4.07,2.36,72.5
77122,Combs-la-Ville,77,CA Grand Paris Sud Seine Essonne Sénart,Generalistes (APL),2.69,2.36,14.0
77123,Compans,77,CA Roissy Pays de France,Generalistes (APL),2.81,2.36,19.0
77124,Conches-sur-Gondoire,77,CA Marne et Gondoire,Generalistes (APL),2.53,2.36,7.0
77125,Condé-Sainte-Libiaire,77,CA Coulommiers Pays de Brie,Generalistes (APL),1.1,2.36,-53.3
77126,Congis-sur-Thérouanne,77,CC du Pays de l'Ourcq,Generalistes (APL),1.68,2.36,-28.9
77127,Coubert,77,CC Brie des Rivières et Châteaux,Generalistes (APL),1.45,2.36,-38.6
77128,Couilly-Pont-aux-Dames,77,CA Coulommiers Pays de Brie,Generalistes (APL),2.65,2.36,12.2
77129,Coulombs-en-Valois,77,CC du Pays de l'Ourcq,Generalistes (APL),1.12,2.36,-52.4
77130,Coulommes,77,CA Coulommiers Pays de Brie,Generalistes (APL),2.21,2.36,-6.4
77131,Coulommiers,77,CA Coulommiers Pays de Brie,Generalistes (APL),2.52,2.36,6.6
77132,Coupvray,77,CA Val d'Europe Agglomération,Generalistes (APL),1.84,2.36,-21.9
77133,Courcelles-en-Bassée,77,CC Pays de Montereau,Generalistes (APL),1.44,2.36,-38.9
77134,Courchamp,77,CC du Provinois,Generalistes (APL),1.82,2.36,-22.9
77135,Courpalay,77,CC Val Briard,Generalistes (APL),2.23,2.36,-5.7
77136,Courquetaine,77,CC Brie des Rivières et Châteaux,Generalistes (APL),1.47,2.36,-37.7
77137,Courtacon,77,CC du Provinois,Generalistes (APL),1.28,2.36,-45.9
77138,Courtomer,77,CC Val Briard,Generalistes (APL),1.79,2.36,-24.0
77139,Courtry,77,CA Paris - Vallée de la Marne,Generalistes (APL),3.37,2.36,42.7
77140,Coutençon,77,CC Bassée-Montois,Generalistes (APL),1.84,2.36,-21.9
77141,Coutevroult,77,CA Coulommiers Pays de Brie,Generalistes (APL),2.45,2.36,3.6
77142,Crécy-la-Chapelle,77,CA Coulommiers Pays de Brie,Generalistes (APL),2.45,2.36,3.7
77143,Crégy-lès-Meaux,77,CA du Pays de Meaux,Generalistes (APL),2.82,2.36,19.4
77144,Crèvecœur-en-Brie,77,CC Val Briard,Generalistes (APL),1.41,2.36,-40.4
77145,Crisenoy,77,CC Brie des Rivières et Châteaux,Generalistes (APL),2.16,2.36,-8.4
77146,Croissy-Beaubourg,77,CA Paris - Vallée de la Marne,Generalistes (APL),3.88,2.36,64.2
77147,La Croix-en-Brie,77,CC Brie Nangissienne,Generalistes (APL),1.68,2.36,-28.8
77148,Crouy-sur-Ourcq,77,CC du Pays de l'Ourcq,Generalistes (APL),1.53,2.36,-35.1
77150,Cuisy,77,CC Plaines et Monts de France,Generalistes (APL),2.33,2.36,-1.2
77151,Dagny,77,CA Coulommiers Pays de Brie,Generalistes (APL),2.38,2.36,0.6
77152,Dammarie-les-Lys,77,CA Melun Val de Seine,Generalistes (APL),1.68,2.36,-28.8
77153,Dammartin-en-Goële,77,CA Roissy Pays de France,Generalistes (APL),2.83,2.36,19.7
77154,Dammartin-sur-Tigeaux,77,CA Coulommiers Pays de Brie,Generalistes (APL),1.61,2.36,-31.7
77155,Dampmart,77,CA Marne et Gondoire,Generalistes (APL),0.85,2.36,-63.8
77156,Darvault,77,CC Pays de Nemours,Generalistes (APL),2.94,2.36,24.7
77157,Dhuisy,77,CC du Pays de l'Ourcq,Generalistes (APL),1.64,2.36,-30.7
77158,Diant,77,CC Pays de Montereau,Generalistes (APL),1.15,2.36,-51.4
77159,Donnemarie-Dontilly,77,CC Bassée-Montois,Generalistes (APL),1.35,2.36,-42.7
77161,Dormelles,77,CC Moret Seine et Loing,Generalistes (APL),2.3,2.36,-2.8
77162,Doue,77,CC des Deux Morin,Generalistes (APL),2.02,2.36,-14.4
77163,Douy-la-Ramée,77,CC du Pays de l'Ourcq,Generalistes (APL),2.09,2.36,-11.4
77164,Échouboulains,77,CC Brie des Rivières et Châteaux,Generalistes (APL),2.21,2.36,-6.4
77165,Les Écrennes,77,CC Brie des Rivières et Châteaux,Generalistes (APL),1.94,2.36,-17.7
77167,Égligny,77,CC Bassée-Montois,Generalistes (APL),1.26,2.36,-46.8
77168,Égreville,77,CC Gâtinais Val de Loing,Generalistes (APL),0.67,2.36,-71.5
77169,Émerainville,77,CA Paris - Vallée de la Marne,Generalistes (APL),3.54,2.36,50.0
77171,Esbly,77,CA Val d'Europe Agglomération,Generalistes (APL),1.87,2.36,-20.7
77172,Esmans,77,CC Pays de Montereau,Generalistes (APL),2.79,2.36,18.1
77173,Étrépilly,77,CC du Pays de l'Ourcq,Generalistes (APL),2.53,2.36,7.2
77174,Everly,77,CC Bassée-Montois,Generalistes (APL),2.05,2.36,-13.3
77175,Évry-Grégy-sur-Yerre,77,CC Brie des Rivières et Châteaux,Generalistes (APL),3.97,2.36,68.1
77176,Faremoutiers,77,CA Coulommiers Pays de Brie,Generalistes (APL),2.44,2.36,3.3
77177,Favières,77,CC Val Briard,Generalistes (APL),2.04,2.36,-13.7
77178,Faÿ-lès-Nemours,77,CC Pays de Nemours,Generalistes (APL),2.71,2.36,14.8
77179,Féricy,77,CC Brie des Rivières et Châteaux,Generalistes (APL),2.02,2.36,-14.3
77180,Férolles-Attilly,77,CC Les Portes Briardes Entre Villes et Forêts,Generalistes (APL),2.65,2.36,12.4
77181,Ferrières-en-Brie,77,CA Marne et Gondoire,Generalistes (APL),4.16,2.36,76.1
77182,La Ferté-Gaucher,77,CC des Deux Morin,Generalistes (APL),1.38,2.36,-41.7
77183,La Ferté-sous-Jouarre,77,CA Coulommiers Pays de Brie,Generalistes (APL),2.16,2.36,-8.5
77184,Flagy,77,CC Moret Seine et Loing,Generalistes (APL),2.02,2.36,-14.3
77185,Fleury-en-Bière,77,CA du Pays de Fontainebleau,Generalistes (APL),1.91,2.36,-19.0
77186,Fontainebleau,77,CA du Pays de Fontainebleau,Generalistes (APL),3.06,2.36,29.4
77187,Fontaine-Fourches,77,CC Bassée-Montois,Generalistes (APL),2.22,2.36,-5.9
77188,Fontaine-le-Port,77,CC Brie des Rivières et Châteaux,Generalistes (APL),2.2,2.36,-7.0
77190,Fontains,77,CC Brie Nangissienne,Generalistes (APL),1.52,2.36,-35.7
77191,Fontenailles,77,CC Brie Nangissienne,Generalistes (APL),1.55,2.36,-34.2
77192,Fontenay-Trésigny,77,CC Val Briard,Generalistes (APL),2.23,2.36,-5.5
77193,Forfry,77,CA du Pays de Meaux,Generalistes (APL),2.23,2.36,-5.4
77194,Forges,77,CC Pays de Montereau,Generalistes (APL),2.77,2.36,17.5
77195,Fouju,77,CC Brie des Rivières et Châteaux,Generalistes (APL),1.58,2.36,-33.1
77196,Fresnes-sur-Marne,77,CC Plaines et Monts de France,Generalistes (APL),2.57,2.36,8.8
77197,Frétoy,77,CC du Provinois,Generalistes (APL),1.79,2.36,-24.2
77198,Fromont,77,CC Pays de Nemours,Generalistes (APL),2.16,2.36,-8.5
77199,Fublaines,77,CA du Pays de Meaux,Generalistes (APL),1.44,2.36,-39.0
77200,Garentreville,77,CC Pays de Nemours,Generalistes (APL),2.33,2.36,-1.2
77201,Gastins,77,CC Brie Nangissienne,Generalistes (APL),1.76,2.36,-25.5
77202,La Genevraye,77,CC Moret Seine et Loing,Generalistes (APL),3.13,2.36,32.7
77203,Germigny-l'Évêque,77,CA du Pays de Meaux,Generalistes (APL),2.58,2.36,9.3
77204,Germigny-sous-Coulombs,77,CC du Pays de l'Ourcq,Generalistes (APL),1.41,2.36,-40.1
77205,Gesvres-le-Chapitre,77,CA du Pays de Meaux,Generalistes (APL),2.38,2.36,0.9
77206,Giremoutiers,77,CA Coulommiers Pays de Brie,Generalistes (APL),2.49,2.36,5.5
77207,Gironville,77,CC Gâtinais Val de Loing,Generalistes (APL),2.12,2.36,-10.4
77208,Gouaix,77,CC Bassée-Montois,Generalistes (APL),2.65,2.36,12.2
77209,Gouvernes,77,CA Marne et Gondoire,Generalistes (APL),3.12,2.36,32.2
77210,La Grande-Paroisse,77,CC Pays de Montereau,Generalistes (APL),2.27,2.36,-3.8
77211,Grandpuits-Bailly-Carrois,77,CC Brie Nangissienne,Generalistes (APL),1.67,2.36,-29.5
77212,Gravon,77,CC Bassée-Montois,Generalistes (APL),1.68,2.36,-28.9
77214,Gressy,77,CA Roissy Pays de France,Generalistes (APL),2.69,2.36,14.0
77215,Gretz-Armainvilliers,77,CC Les Portes Briardes Entre Villes et Forêts,Generalistes (APL),1.68,2.36,-28.9
77216,Grez-sur-Loing,77,CC Pays de Nemours,Generalistes (APL),3.83,2.36,62.0
77217,Grisy-Suisnes,77,CC Brie des Rivières et Châteaux,Generalistes (APL),1.31,2.36,-44.7
77218,Grisy-sur-Seine,77,CC Bassée-Montois,Generalistes (APL),1.52,2.36,-35.6
77219,Guérard,77,CA Coulommiers Pays de Brie,Generalistes (APL),1.89,2.36,-19.8
77220,Guercheville,77,CC Pays de Nemours,Generalistes (APL),2.05,2.36,-13.2
77221,Guermantes,77,CA Marne et Gondoire,Generalistes (APL),3.12,2.36,31.9
77222,Guignes,77,CC Brie des Rivières et Châteaux,Generalistes (APL),1.6,2.36,-32.2
77223,Gurcy-le-Châtel,77,CC Bassée-Montois,Generalistes (APL),1.04,2.36,-55.8
77224,Hautefeuille,77,CA Coulommiers Pays de Brie,Generalistes (APL),1.59,2.36,-32.6
77225,La Haute-Maison,77,CA Coulommiers Pays de Brie,Generalistes (APL),2.2,2.36,-6.9
77226,Héricy,77,CA du Pays de Fontainebleau,Generalistes (APL),2.26,2.36,-4.3
77227,Hermé,77,CC Bassée-Montois,Generalistes (APL),3.08,2.36,30.6
77228,Hondevilliers,77,CC des Deux Morin,Generalistes (APL),0.84,2.36,-64.3
77229,La Houssaye-en-Brie,77,CC Val Briard,Generalistes (APL),1.46,2.36,-38.1
77230,Ichy,77,CC Gâtinais Val de Loing,Generalistes (APL),2.0,2.36,-15.3
77231,Isles-les-Meldeuses,77,CC du Pays de l'Ourcq,Generalistes (APL),1.45,2.36,-38.6
77232,Isles-lès-Villenoy,77,CA du Pays de Meaux,Generalistes (APL),2.54,2.36,7.8
77233,Iverny,77,CC Plaines et Monts de France,Generalistes (APL),2.68,2.36,13.5
77234,Jablines,77,CA Marne et Gondoire,Generalistes (APL),1.79,2.36,-24.2
77235,Jaignes,77,CC du Pays de l'Ourcq,Generalistes (APL),2.0,2.36,-15.4
77236,Jaulnes,77,CC Bassée-Montois,Generalistes (APL),1.43,2.36,-39.3
77237,Jossigny,77,CA Marne et Gondoire,Generalistes (APL),2.97,2.36,25.9
77238,Jouarre,77,CA Coulommiers Pays de Brie,Generalistes (APL),2.48,2.36,5.1
77239,Jouy-le-Châtel,77,CC du Provinois,Generalistes (APL),1.55,2.36,-34.4
77240,Jouy-sur-Morin,77,CC des Deux Morin,Generalistes (APL),1.4,2.36,-40.6
77241,Juilly,77,CA Roissy Pays de France,Generalistes (APL),2.25,2.36,-4.6
77242,Jutigny,77,CC Bassée-Montois,Generalistes (APL),2.43,2.36,2.8
77243,Lagny-sur-Marne,77,CA Marne et Gondoire,Generalistes (APL),2.74,2.36,15.8
77244,Larchant,77,CC Pays de Nemours,Generalistes (APL),2.05,2.36,-13.3
77245,Laval-en-Brie,77,CC Pays de Montereau,Generalistes (APL),2.23,2.36,-5.4
77246,Léchelle,77,CC du Provinois,Generalistes (APL),2.29,2.36,-3.2
77247,Lescherolles,77,CC des Deux Morin,Generalistes (APL),1.06,2.36,-55.3
77248,Lesches,77,CA Marne et Gondoire,Generalistes (APL),2.5,2.36,5.9
77249,Lésigny,77,CC Les Portes Briardes Entre Villes et Forêts,Generalistes (APL),2.8,2.36,18.5
77250,Leudon-en-Brie,77,CC des Deux Morin,Generalistes (APL),1.7,2.36,-27.8
77251,Lieusaint,77,CA Grand Paris Sud Seine Essonne Sénart,Generalistes (APL),2.58,2.36,9.4
77252,Limoges-Fourches,77,CA Melun Val de Seine,Generalistes (APL),2.87,2.36,21.4
77253,Lissy,77,CA Melun Val de Seine,Generalistes (APL),2.16,2.36,-8.5
77254,Liverdy-en-Brie,77,CC Val Briard,Generalistes (APL),1.57,2.36,-33.6
77255,Livry-sur-Seine,77,CA Melun Val de Seine,Generalistes (APL),1.4,2.36,-40.9
77256,Lizines,77,CC Bassée-Montois,Generalistes (APL),2.0,2.36,-15.2
77257,Lizy-sur-Ourcq,77,CC du Pays de l'Ourcq,Generalistes (APL),1.9,2.36,-19.5
77258,Lognes,77,CA Paris - Vallée de la Marne,Generalistes (APL),3.57,2.36,51.2
77259,Longperrier,77,CA Roissy Pays de France,Generalistes (APL),1.79,2.36,-24.0
77260,Longueville,77,CC du Provinois,Generalistes (APL),2.15,2.36,-8.9
77261,Lorrez-le-Bocage-Préaux,77,CC Gâtinais Val de Loing,Generalistes (APL),0.91,2.36,-61.5
77262,Louan-Villegruis-Fontaine,77,CC du Provinois,Generalistes (APL),0.57,2.36,-75.7
77263,Luisetaines,77,CC Bassée-Montois,Generalistes (APL),1.2,2.36,-49.1
77264,Lumigny-Nesles-Ormeaux,77,CC Val Briard,Generalistes (APL),2.28,2.36,-3.4
77265,Luzancy,77,CA Coulommiers Pays de Brie,Generalistes (APL),1.94,2.36,-18.0
77266,Machault,77,CC Brie des Rivières et Châteaux,Generalistes (APL),1.76,2.36,-25.3
77267,La Madeleine-sur-Loing,77,CC Gâtinais Val de Loing,Generalistes (APL),2.31,2.36,-2.3
77268,Magny-le-Hongre,77,CA Val d'Europe Agglomération,Generalistes (APL),1.82,2.36,-23.0
77269,Maincy,77,CA Melun Val de Seine,Generalistes (APL),1.51,2.36,-36.1
77270,Maisoncelles-en-Brie,77,CA Coulommiers Pays de Brie,Generalistes (APL),1.94,2.36,-17.7
77271,Maisoncelles-en-Gâtinais,77,CC Gâtinais Val de Loing,Generalistes (APL),1.81,2.36,-23.2
77272,Maison-Rouge,77,CC du Provinois,Generalistes (APL),2.72,2.36,15.1
77273,Marchémoret,77,CC Plaines et Monts de France,Generalistes (APL),2.8,2.36,18.6
77274,Marcilly,77,CC du Pays de l'Ourcq,Generalistes (APL),2.72,2.36,15.0
77275,Les Marêts,77,CC du Provinois,Generalistes (APL),1.19,2.36,-49.5
77276,Mareuil-lès-Meaux,77,CA du Pays de Meaux,Generalistes (APL),2.63,2.36,11.4
77277,Marles-en-Brie,77,CC Val Briard,Generalistes (APL),2.04,2.36,-13.7
77278,Marolles-en-Brie,77,CA Coulommiers Pays de Brie,Generalistes (APL),2.59,2.36,9.8
77279,Marolles-sur-Seine,77,CC Pays de Montereau,Generalistes (APL),2.33,2.36,-1.3
77280,Mary-sur-Marne,77,CC du Pays de l'Ourcq,Generalistes (APL),1.84,2.36,-22.1
77281,Mauperthuis,77,CA Coulommiers Pays de Brie,Generalistes (APL),2.69,2.36,14.0
77282,Mauregard,77,CA Roissy Pays de France,Generalistes (APL),2.7,2.36,14.2
77283,May-en-Multien,77,CC du Pays de l'Ourcq,Generalistes (APL),1.54,2.36,-34.6
77284,Meaux,77,CA du Pays de Meaux,Generalistes (APL),2.74,2.36,16.1
77285,Le Mée-sur-Seine,77,CA Melun Val de Seine,Generalistes (APL),1.53,2.36,-35.4
77286,Meigneux,77,CC Bassée-Montois,Generalistes (APL),1.22,2.36,-48.6
77287,Meilleray,77,CC des Deux Morin,Generalistes (APL),1.75,2.36,-26.0
77288,Melun,77,CA Melun Val de Seine,Generalistes (APL),2.18,2.36,-7.6
77289,Melz-sur-Seine,77,CC du Provinois,Generalistes (APL),3.19,2.36,35.0
77290,Méry-sur-Marne,77,CA Coulommiers Pays de Brie,Generalistes (APL),1.85,2.36,-21.5
77291,Le Mesnil-Amelot,77,CA Roissy Pays de France,Generalistes (APL),2.64,2.36,11.8
77292,Messy,77,CC Plaines et Monts de France,Generalistes (APL),2.14,2.36,-9.3
77293,Misy-sur-Yonne,77,CC Pays de Montereau,Generalistes (APL),1.92,2.36,-18.9
77294,Mitry-Mory,77,CA Roissy Pays de France,Generalistes (APL),2.8,2.36,18.6
77295,Moisenay,77,CC Brie des Rivières et Châteaux,Generalistes (APL),1.97,2.36,-16.6
77296,Moissy-Cramayel,77,CA Grand Paris Sud Seine Essonne Sénart,Generalistes (APL),2.23,2.36,-5.7
77297,Mondreville,77,CC Gâtinais Val de Loing,Generalistes (APL),1.64,2.36,-30.6
77298,Mons-en-Montois,77,CC Bassée-Montois,Generalistes (APL),1.14,2.36,-51.9
77300,Montceaux-lès-Meaux,77,CA du Pays de Meaux,Generalistes (APL),2.05,2.36,-13.1
77301,Montceaux-lès-Provins,77,CC du Provinois,Generalistes (APL),0.15,2.36,-93.8
77302,Moncourt-Fromonville,77,CC Pays de Nemours,Generalistes (APL),3.66,2.36,55.1
77303,Montdauphin,77,CC des Deux Morin,Generalistes (APL),3.0,2.36,26.9
77304,Montenils,77,CC des Deux Morin,Generalistes (APL),4.12,2.36,74.3
77305,Montereau-Fault-Yonne,77,CC Pays de Montereau,Generalistes (APL),2.83,2.36,20.0
77306,Montereau-sur-le-Jard,77,CA Melun Val de Seine,Generalistes (APL),2.26,2.36,-4.1
77307,Montévrain,77,CA Marne et Gondoire,Generalistes (APL),2.2,2.36,-6.8
77308,Montgé-en-Goële,77,CC Plaines et Monts de France,Generalistes (APL),2.61,2.36,10.4
77309,Monthyon,77,CA du Pays de Meaux,Generalistes (APL),2.8,2.36,18.4
77310,Montigny-le-Guesdier,77,CC Bassée-Montois,Generalistes (APL),1.15,2.36,-51.3
77311,Montigny-Lencoup,77,CC Bassée-Montois,Generalistes (APL),1.61,2.36,-31.8
77312,Montigny-sur-Loing,77,CC Moret Seine et Loing,Generalistes (APL),2.73,2.36,15.6
77313,Montmachoux,77,CC Pays de Montereau,Generalistes (APL),1.91,2.36,-19.0
77314,Montolivet,77,CC des Deux Morin,Generalistes (APL),3.0,2.36,26.9
77315,Montry,77,CA Val d'Europe Agglomération,Generalistes (APL),1.53,2.36,-35.3
77316,Moret-Loing-et-Orvanne,77,CC Moret Seine et Loing,Generalistes (APL),3.06,2.36,29.7
77317,Mormant,77,CC Brie Nangissienne,Generalistes (APL),1.75,2.36,-25.7
77318,Mortcerf,77,CC Val Briard,Generalistes (APL),1.69,2.36,-28.3
77319,Mortery,77,CC du Provinois,Generalistes (APL),2.0,2.36,-15.5
77320,Mouroux,77,CA Coulommiers Pays de Brie,Generalistes (APL),2.57,2.36,8.7
77321,Mousseaux-lès-Bray,77,CC Bassée-Montois,Generalistes (APL),1.33,2.36,-43.5
77322,Moussy-le-Neuf,77,CA Roissy Pays de France,Generalistes (APL),1.43,2.36,-39.5
77323,Moussy-le-Vieux,77,CA Roissy Pays de France,Generalistes (APL),1.47,2.36,-37.7
77325,Mouy-sur-Seine,77,CC Bassée-Montois,Generalistes (APL),1.37,2.36,-42.1
77326,Nandy,77,CA Grand Paris Sud Seine Essonne Sénart,Generalistes (APL),2.02,2.36,-14.6
77327,Nangis,77,CC Brie Nangissienne,Generalistes (APL),1.51,2.36,-36.2
77328,Nanteau-sur-Essonne,77,CC Pays de Nemours,Generalistes (APL),2.06,2.36,-12.6
77329,Nanteau-sur-Lunain,77,CC Moret Seine et Loing,Generalistes (APL),1.49,2.36,-37.0
77330,Nanteuil-lès-Meaux,77,CA du Pays de Meaux,Generalistes (APL),2.45,2.36,3.7
77331,Nanteuil-sur-Marne,77,CA Coulommiers Pays de Brie,Generalistes (APL),1.92,2.36,-18.9
77332,Nantouillet,77,CC Plaines et Monts de France,Generalistes (APL),2.33,2.36,-1.3
77333,Nemours,77,CC Pays de Nemours,Generalistes (APL),2.65,2.36,12.1
77335,Chauconin-Neufmontiers,77,CA du Pays de Meaux,Generalistes (APL),3.14,2.36,32.8
77336,Neufmoutiers-en-Brie,77,CC Val Briard,Generalistes (APL),1.58,2.36,-33.1
77337,Noisiel,77,CA Paris - Vallée de la Marne,Generalistes (APL),2.93,2.36,24.2
77338,Noisy-Rudignon,77,CC Pays de Montereau,Generalistes (APL),2.63,2.36,11.5
77339,Noisy-sur-École,77,CA du Pays de Fontainebleau,Generalistes (APL),1.74,2.36,-26.3
77340,Nonville,77,CC Moret Seine et Loing,Generalistes (APL),2.35,2.36,-0.6
77341,Noyen-sur-Seine,77,CC Bassée-Montois,Generalistes (APL),2.59,2.36,9.8
77342,Obsonville,77,CC Gâtinais Val de Loing,Generalistes (APL),1.94,2.36,-17.7
77343,Ocquerre,77,CC du Pays de l'Ourcq,Generalistes (APL),1.84,2.36,-22.1
77344,Oissery,77,CC Plaines et Monts de France,Generalistes (APL),2.04,2.36,-13.8
77345,Orly-sur-Morin,77,CC des Deux Morin,Generalistes (APL),1.32,2.36,-44.2
77347,Les Ormes-sur-Voulzie,77,CC Bassée-Montois,Generalistes (APL),1.52,2.36,-35.6
77348,Ormesson,77,CC Pays de Nemours,Generalistes (APL),2.84,2.36,20.2
77349,Othis,77,CA Roissy Pays de France,Generalistes (APL),1.83,2.36,-22.7
77350,Ozoir-la-Ferrière,77,CC Les Portes Briardes Entre Villes et Forêts,Generalistes (APL),2.6,2.36,10.0
77352,Ozouer-le-Voulgis,77,CC Brie des Rivières et Châteaux,Generalistes (APL),1.45,2.36,-38.5
77353,Paley,77,CC Moret Seine et Loing,Generalistes (APL),1.46,2.36,-38.3
77354,Pamfou,77,CC Brie des Rivières et Châteaux,Generalistes (APL),2.23,2.36,-5.5
77355,Paroy,77,CC Bassée-Montois,Generalistes (APL),1.99,2.36,-15.8
77356,Passy-sur-Seine,77,CC Bassée-Montois,Generalistes (APL),1.87,2.36,-21.0
77357,Pécy,77,CC Val Briard,Generalistes (APL),1.72,2.36,-27.3
77358,Penchard,77,CA du Pays de Meaux,Generalistes (APL),3.06,2.36,29.8
77359,Perthes,77,CA du Pays de Fontainebleau,Generalistes (APL),2.34,2.36,-1.0
77360,Pézarches,77,CA Coulommiers Pays de Brie,Generalistes (APL),2.54,2.36,7.5
77361,Pierre-Levée,77,CA Coulommiers Pays de Brie,Generalistes (APL),2.21,2.36,-6.3
77363,Le Pin,77,CC Plaines et Monts de France,Generalistes (APL),4.25,2.36,79.9
77364,Le Plessis-aux-Bois,77,CC Plaines et Monts de France,Generalistes (APL),2.32,2.36,-1.7
77365,Le Plessis-Feu-Aussoux,77,CC Val Briard,Generalistes (APL),1.68,2.36,-29.0
77366,Le Plessis-l'Évêque,77,CC Plaines et Monts de France,Generalistes (APL),2.88,2.36,21.7
77367,Le Plessis-Placy,77,CC du Pays de l'Ourcq,Generalistes (APL),1.69,2.36,-28.4
77368,Poigny,77,CC du Provinois,Generalistes (APL),2.48,2.36,5.1
77369,Poincy,77,CA du Pays de Meaux,Generalistes (APL),2.89,2.36,22.2
77370,Poligny,77,CC Gâtinais Val de Loing,Generalistes (APL),2.16,2.36,-8.5
77371,Pommeuse,77,CA Coulommiers Pays de Brie,Generalistes (APL),2.33,2.36,-1.1
77372,Pomponne,77,CA Marne et Gondoire,Generalistes (APL),3.31,2.36,40.1
77373,Pontault-Combault,77,CA Paris - Vallée de la Marne,Generalistes (APL),2.82,2.36,19.5
77374,Pontcarré,77,CA Marne et Gondoire,Generalistes (APL),3.24,2.36,37.4
77376,Précy-sur-Marne,77,CC Plaines et Monts de France,Generalistes (APL),1.83,2.36,-22.4
77377,Presles-en-Brie,77,CC Val Briard,Generalistes (APL),2.02,2.36,-14.3
77378,Pringy,77,CA Melun Val de Seine,Generalistes (APL),1.99,2.36,-15.7
77379,Provins,77,CC du Provinois,Generalistes (APL),2.42,2.36,2.5
77380,Puisieux,77,CC du Pays de l'Ourcq,Generalistes (APL),1.76,2.36,-25.3
77381,Quiers,77,CC Brie Nangissienne,Generalistes (APL),2.03,2.36,-14.0
77382,Quincy-Voisins,77,CA du Pays de Meaux,Generalistes (APL),3.04,2.36,28.7
77383,Rampillon,77,CC Brie Nangissienne,Generalistes (APL),1.46,2.36,-38.3
77384,Réau,77,CA Grand Paris Sud Seine Essonne Sénart,Generalistes (APL),4.26,2.36,80.5
77385,Rebais,77,CC des Deux Morin,Generalistes (APL),1.53,2.36,-35.1
77386,Recloses,77,CA du Pays de Fontainebleau,Generalistes (APL),2.87,2.36,21.4
77387,Remauville,77,CC Moret Seine et Loing,Generalistes (APL),1.55,2.36,-34.3
77388,Reuil-en-Brie,77,CA Coulommiers Pays de Brie,Generalistes (APL),2.16,2.36,-8.7
77389,La Rochette,77,CA Melun Val de Seine,Generalistes (APL),1.86,2.36,-21.2
77390,Roissy-en-Brie,77,CA Paris - Vallée de la Marne,Generalistes (APL),2.23,2.36,-5.7
77391,Rouilly,77,CC du Provinois,Generalistes (APL),2.27,2.36,-4.1
77392,Rouvres,77,CA Roissy Pays de France,Generalistes (APL),2.8,2.36,18.7
77393,Rozay-en-Brie,77,CC Val Briard,Generalistes (APL),2.69,2.36,13.9
77394,Rubelles,77,CA Melun Val de Seine,Generalistes (APL),2.2,2.36,-6.9
77395,Rumont,77,CC Pays de Nemours,Generalistes (APL),2.07,2.36,-12.2
77396,Rupéreux,77,CC du Provinois,Generalistes (APL),1.48,2.36,-37.4
77397,Saâcy-sur-Marne,77,CA Coulommiers Pays de Brie,Generalistes (APL),1.85,2.36,-21.5
77398,Sablonnières,77,CC des Deux Morin,Generalistes (APL),0.98,2.36,-58.3
77400,Saint-Augustin,77,CA Coulommiers Pays de Brie,Generalistes (APL),2.92,2.36,23.7
77401,Sainte-Aulde,77,CA Coulommiers Pays de Brie,Generalistes (APL),2.16,2.36,-8.6
77402,Saint-Barthélemy,77,CC des Deux Morin,Generalistes (APL),2.23,2.36,-5.4
77403,Saint-Brice,77,CC du Provinois,Generalistes (APL),2.13,2.36,-9.8
77404,Sainte-Colombe,77,CC du Provinois,Generalistes (APL),2.57,2.36,8.7
77405,Saint-Cyr-sur-Morin,77,CC des Deux Morin,Generalistes (APL),1.58,2.36,-33.1
77406,Saint-Denis-lès-Rebais,77,CC des Deux Morin,Generalistes (APL),1.53,2.36,-35.1
77407,Saint-Fargeau-Ponthierry,77,CA Melun Val de Seine,Generalistes (APL),2.25,2.36,-4.5
77408,Saint-Fiacre,77,CA du Pays de Meaux,Generalistes (APL),2.42,2.36,2.4
77409,Saint-Germain-Laval,77,CC Pays de Montereau,Generalistes (APL),2.17,2.36,-8.2
77410,Saint-Germain-Laxis,77,CA Melun Val de Seine,Generalistes (APL),2.52,2.36,6.9
77411,Saint-Germain-sous-Doue,77,CC des Deux Morin,Generalistes (APL),1.84,2.36,-22.0
77412,Saint-Germain-sur-École,77,CA du Pays de Fontainebleau,Generalistes (APL),2.34,2.36,-1.0
77413,Saint-Germain-sur-Morin,77,CA Val d'Europe Agglomération,Generalistes (APL),2.44,2.36,3.1
77414,Saint-Hilliers,77,CC du Provinois,Generalistes (APL),2.16,2.36,-8.5
77415,Saint-Jean-les-Deux-Jumeaux,77,CA Coulommiers Pays de Brie,Generalistes (APL),2.29,2.36,-3.0
77416,Saint-Just-en-Brie,77,CC Brie Nangissienne,Generalistes (APL),1.36,2.36,-42.5
77417,Saint-Léger,77,CC des Deux Morin,Generalistes (APL),1.0,2.36,-57.7
77418,Saint-Loup-de-Naud,77,CC du Provinois,Generalistes (APL),2.5,2.36,5.7
77419,Saint-Mammès,77,CC Moret Seine et Loing,Generalistes (APL),2.36,2.36,-0.2
77420,Saint-Mard,77,CA Roissy Pays de France,Generalistes (APL),2.82,2.36,19.2
77421,Saint-Mars-Vieux-Maisons,77,CC des Deux Morin,Generalistes (APL),1.14,2.36,-51.9
77423,Saint-Martin-des-Champs,77,CC des Deux Morin,Generalistes (APL),1.11,2.36,-52.8
77424,Saint-Martin-du-Boschet,77,CC du Provinois,Generalistes (APL),0.39,2.36,-83.5
77425,Saint-Martin-en-Bière,77,CA du Pays de Fontainebleau,Generalistes (APL),1.87,2.36,-20.7
77426,Saint-Méry,77,CC Brie des Rivières et Châteaux,Generalistes (APL),1.16,2.36,-51.1
77427,Saint-Mesmes,77,CC Plaines et Monts de France,Generalistes (APL),2.11,2.36,-10.7
77428,Saint-Ouen-en-Brie,77,CC Brie Nangissienne,Generalistes (APL),1.46,2.36,-38.1
77429,Saint-Ouen-sur-Morin,77,CC des Deux Morin,Generalistes (APL),1.49,2.36,-37.0
77430,Saint-Pathus,77,CC Plaines et Monts de France,Generalistes (APL),1.94,2.36,-17.9
77431,Saint-Pierre-lès-Nemours,77,CC Pays de Nemours,Generalistes (APL),2.47,2.36,4.8
77432,Saint-Rémy-de-la-Vanne,77,CC des Deux Morin,Generalistes (APL),2.08,2.36,-11.8
77433,Beautheil-Saints,77,CA Coulommiers Pays de Brie,Generalistes (APL),2.35,2.36,-0.7
77434,Saint-Sauveur-lès-Bray,77,CC Bassée-Montois,Generalistes (APL),1.37,2.36,-42.1
77435,Saint-Sauveur-sur-École,77,CA du Pays de Fontainebleau,Generalistes (APL),1.88,2.36,-20.4
77436,Saint-Siméon,77,CC des Deux Morin,Generalistes (APL),2.44,2.36,3.3
77437,Saint-Soupplets,77,CA du Pays de Meaux,Generalistes (APL),2.14,2.36,-9.3
77438,Saint-Thibault-des-Vignes,77,CA Marne et Gondoire,Generalistes (APL),4.08,2.36,72.6
77439,Salins,77,CC Pays de Montereau,Generalistes (APL),2.14,2.36,-9.3
77440,Sammeron,77,CA Coulommiers Pays de Brie,Generalistes (APL),2.5,2.36,5.6
77441,Samois-sur-Seine,77,CA du Pays de Fontainebleau,Generalistes (APL),2.99,2.36,26.6
77442,Samoreau,77,CA du Pays de Fontainebleau,Generalistes (APL),3.18,2.36,34.7
77443,Sancy,77,CA Coulommiers Pays de Brie,Generalistes (APL),2.18,2.36,-7.6
77444,Sancy-lès-Provins,77,CC du Provinois,Generalistes (APL),0.46,2.36,-80.7
77445,Savigny-le-Temple,77,CA Grand Paris Sud Seine Essonne Sénart,Generalistes (APL),1.95,2.36,-17.3
77446,Savins,77,CC Bassée-Montois,Generalistes (APL),1.89,2.36,-20.1
77447,Seine-Port,77,CA Melun Val de Seine,Generalistes (APL),2.25,2.36,-4.9
77448,Sept-Sorts,77,CA Coulommiers Pays de Brie,Generalistes (APL),2.65,2.36,12.0
77449,Serris,77,CA Val d'Europe Agglomération,Generalistes (APL),2.85,2.36,20.5
77450,Servon,77,CC l'Orée de la Brie,Generalistes (APL),3.92,2.36,66.1
77451,Signy-Signets,77,CA Coulommiers Pays de Brie,Generalistes (APL),2.85,2.36,20.5
77452,Sigy,77,CC Bassée-Montois,Generalistes (APL),1.2,2.36,-49.1
77453,Sivry-Courtry,77,CC Brie des Rivières et Châteaux,Generalistes (APL),1.91,2.36,-19.1
77454,Sognolles-en-Montois,77,CC Bassée-Montois,Generalistes (APL),1.84,2.36,-22.2
77455,Soignolles-en-Brie,77,CC Brie des Rivières et Châteaux,Generalistes (APL),1.59,2.36,-32.8
77456,Soisy-Bouy,77,CC du Provinois,Generalistes (APL),2.19,2.36,-7.2
77457,Solers,77,CC Brie des Rivières et Châteaux,Generalistes (APL),1.27,2.36,-46.1
77458,Souppes-sur-Loing,77,CC Gâtinais Val de Loing,Generalistes (APL),1.85,2.36,-21.8
77459,Sourdun,77,CC du Provinois,Generalistes (APL),3.19,2.36,35.1
77460,Tancrou,77,CC du Pays de l'Ourcq,Generalistes (APL),1.91,2.36,-19.3
77461,Thénisy,77,CC Bassée-Montois,Generalistes (APL),1.47,2.36,-37.8
77462,Thieux,77,CA Roissy Pays de France,Generalistes (APL),2.42,2.36,2.3
77463,Thomery,77,CC Moret Seine et Loing,Generalistes (APL),3.6,2.36,52.5
77464,Thorigny-sur-Marne,77,CA Marne et Gondoire,Generalistes (APL),1.7,2.36,-27.8
77465,Thoury-Férottes,77,CC Pays de Montereau,Generalistes (APL),1.93,2.36,-18.4
77466,Tigeaux,77,CA Coulommiers Pays de Brie,Generalistes (APL),1.7,2.36,-28.2
77467,La Tombe,77,CC Bassée-Montois,Generalistes (APL),1.76,2.36,-25.3
77468,Torcy,77,CA Paris - Vallée de la Marne,Generalistes (APL),2.48,2.36,5.1
77469,Touquin,77,CA Coulommiers Pays de Brie,Generalistes (APL),2.09,2.36,-11.4
77470,Tournan-en-Brie,77,CC Les Portes Briardes Entre Villes et Forêts,Generalistes (APL),2.38,2.36,0.9
77471,Tousson,77,CA du Pays de Fontainebleau,Generalistes (APL),2.21,2.36,-6.6
77472,La Trétoire,77,CC des Deux Morin,Generalistes (APL),0.87,2.36,-63.0
77473,Treuzy-Levelay,77,CC Moret Seine et Loing,Generalistes (APL),2.35,2.36,-0.3
77474,Trilbardou,77,CA du Pays de Meaux,Generalistes (APL),3.25,2.36,37.4
77475,Trilport,77,CA du Pays de Meaux,Generalistes (APL),2.68,2.36,13.6
77476,Trocy-en-Multien,77,CC du Pays de l'Ourcq,Generalistes (APL),2.31,2.36,-2.3
77477,Ury,77,CA du Pays de Fontainebleau,Generalistes (APL),2.91,2.36,23.2
77478,Ussy-sur-Marne,77,CA Coulommiers Pays de Brie,Generalistes (APL),2.57,2.36,9.0
77479,Vaires-sur-Marne,77,CA Paris - Vallée de la Marne,Generalistes (APL),2.56,2.36,8.4
77480,Valence-en-Brie,77,CC Brie des Rivières et Châteaux,Generalistes (APL),2.31,2.36,-2.2
77481,Vanvillé,77,CC Brie Nangissienne,Generalistes (APL),1.89,2.36,-20.1
77482,Varennes-sur-Seine,77,CC Pays de Montereau,Generalistes (APL),3.32,2.36,40.7
77483,Varreddes,77,CA du Pays de Meaux,Generalistes (APL),2.68,2.36,13.6
77484,Vaucourtois,77,CA Coulommiers Pays de Brie,Generalistes (APL),1.93,2.36,-18.1
77485,Le Vaudoué,77,CA du Pays de Fontainebleau,Generalistes (APL),1.93,2.36,-18.5
77486,Vaudoy-en-Brie,77,CC Val Briard,Generalistes (APL),1.9,2.36,-19.8
77487,Vaux-le-Pénil,77,CA Melun Val de Seine,Generalistes (APL),1.67,2.36,-29.3
77489,Vaux-sur-Lunain,77,CC Gâtinais Val de Loing,Generalistes (APL),0.95,2.36,-59.7
77490,Vendrest,77,CC du Pays de l'Ourcq,Generalistes (APL),1.14,2.36,-51.8
77492,Verdelot,77,CC des Deux Morin,Generalistes (APL),1.88,2.36,-20.4
77493,Verneuil-l'Étang,77,CC Brie Nangissienne,Generalistes (APL),1.51,2.36,-36.1
77494,Vernou-la-Celle-sur-Seine,77,CC Moret Seine et Loing,Generalistes (APL),2.59,2.36,9.5
77495,Vert-Saint-Denis,77,CA Grand Paris Sud Seine Essonne Sénart,Generalistes (APL),2.96,2.36,25.4
77496,Vieux-Champagne,77,CC Brie Nangissienne,Generalistes (APL),1.49,2.36,-36.9
77498,Vignely,77,CA du Pays de Meaux,Generalistes (APL),2.76,2.36,16.8
77500,Villebéon,77,CC Gâtinais Val de Loing,Generalistes (APL),0.92,2.36,-61.0
77501,Villecerf,77,CC Moret Seine et Loing,Generalistes (APL),2.86,2.36,20.9
77504,Villemaréchal,77,CC Moret Seine et Loing,Generalistes (APL),1.6,2.36,-32.2
77505,Villemareuil,77,CA du Pays de Meaux,Generalistes (APL),2.33,2.36,-1.4
77506,Villemer,77,CC Moret Seine et Loing,Generalistes (APL),1.96,2.36,-17.2
77507,Villenauxe-la-Petite,77,CC Bassée-Montois,Generalistes (APL),1.48,2.36,-37.5
77508,Villeneuve-le-Comte,77,CA Val d'Europe Agglomération,Generalistes (APL),2.62,2.36,11.1
77509,Villeneuve-les-Bordes,77,CC Bassée-Montois,Generalistes (APL),1.38,2.36,-41.7
77510,Villeneuve-Saint-Denis,77,CA Val d'Europe Agglomération,Generalistes (APL),3.2,2.36,35.4
77511,Villeneuve-sous-Dammartin,77,CA Roissy Pays de France,Generalistes (APL),1.8,2.36,-23.7
77512,Villeneuve-sur-Bellot,77,CC des Deux Morin,Generalistes (APL),0.79,2.36,-66.5
77513,Villenoy,77,CA du Pays de Meaux,Generalistes (APL),3.15,2.36,33.4
77514,Villeparisis,77,CA Roissy Pays de France,Generalistes (APL),1.54,2.36,-34.8
77515,Villeroy,77,CC Plaines et Monts de France,Generalistes (APL),2.26,2.36,-4.3
77516,Ville-Saint-Jacques,77,CC Moret Seine et Loing,Generalistes (APL),2.9,2.36,23.0
77517,Villevaudé,77,CC Plaines et Monts de France,Generalistes (APL),3.95,2.36,67.4
77518,Villiers-en-Bière,77,CA Melun Val de Seine,Generalistes (APL),2.29,2.36,-2.9
77519,Villiers-Saint-Georges,77,CC du Provinois,Generalistes (APL),1.03,2.36,-56.6
77520,Villiers-sous-Grez,77,CC Pays de Nemours,Generalistes (APL),2.94,2.36,24.3
77521,Villiers-sur-Morin,77,CA Coulommiers Pays de Brie,Generalistes (APL),2.44,2.36,3.3
77522,Villiers-sur-Seine,77,CC Bassée-Montois,Generalistes (APL),2.28,2.36,-3.4
77523,Villuis,77,CC Bassée-Montois,Generalistes (APL),1.64,2.36,-30.7
77524,Vimpelles,77,CC Bassée-Montois,Generalistes (APL),1.18,2.36,-50.0
77525,Vinantes,77,CC Plaines et Monts de France,Generalistes (APL),2.15,2.36,-9.2
77526,Vincy-Manœuvre,77,CC du Pays de l'Ourcq,Generalistes (APL),1.45,2.36,-38.5
77527,Voinsles,77,CC Val Briard,Generalistes (APL),2.29,2.36,-3.2
77528,Voisenon,77,CA Melun Val de Seine,Generalistes (APL),2.62,2.36,10.9
77529,Voulangis,77,CA Coulommiers Pays de Brie,Generalistes (APL),1.17,2.36,-50.5
77530,Voulton,77,CC du Provinois,Generalistes (APL),1.52,2.36,-35.8
77531,Voulx,77,CC Pays de Montereau,Generalistes (APL),1.21,2.36,-48.9
77532,Vulaines-lès-Provins,77,CC du Provinois,Generalistes (APL),2.91,2.36,23.2
77533,Vulaines-sur-Seine,77,CA du Pays de Fontainebleau,Generalistes (APL),2.67,2.36,13.1
77534,Yèbles,77,CC Brie des Rivières et Châteaux,Generalistes (APL),1.44,2.36,-39.2
78003,Ablis,78,CA Rambouillet Territoires,Generalistes (APL),3.17,2.36,34.1
78005,Achères,78,CU Grand Paris Seine et Oise,Generalistes (APL),2.0,2.36,-15.5
78006,Adainville,78,CC du Pays Houdanais (CCPH),Generalistes (APL),1.53,2.36,-35.2
78007,Aigremont,78,CA Saint Germain Boucles de Seine,Generalistes (APL),3.04,2.36,28.8
78009,Allainville,78,CA Rambouillet Territoires,Generalistes (APL),2.5,2.36,5.8
78010,Les Alluets-le-Roi,78,CU Grand Paris Seine et Oise,Generalistes (APL),1.59,2.36,-32.5
78013,Andelu,78,CC Gally Mauldre,Generalistes (APL),2.21,2.36,-6.6
78015,Andrésy,78,CU Grand Paris Seine et Oise,Generalistes (APL),2.63,2.36,11.2
78020,Arnouville-lès-Mantes,78,CU Grand Paris Seine et Oise,Generalistes (APL),2.11,2.36,-10.6
78029,Aubergenville,78,CU Grand Paris Seine et Oise,Generalistes (APL),3.23,2.36,36.8
78030,Auffargis,78,CA Rambouillet Territoires,Generalistes (APL),2.25,2.36,-4.9
78031,Auffreville-Brasseuil,78,CU Grand Paris Seine et Oise,Generalistes (APL),2.89,2.36,22.5
78033,Aulnay-sur-Mauldre,78,CU Grand Paris Seine et Oise,Generalistes (APL),1.99,2.36,-15.8
78034,Auteuil,78,CC Coeur d'Yvelines,Generalistes (APL),2.28,2.36,-3.4
78036,Autouillet,78,CC Coeur d'Yvelines,Generalistes (APL),2.35,2.36,-0.5
78043,Bailly,78,CA Versailles Grand Parc (CAVGP),Generalistes (APL),3.09,2.36,30.8
78048,Bazainville,78,CC du Pays Houdanais (CCPH),Generalistes (APL),2.09,2.36,-11.5
78049,Bazemont,78,CC Gally Mauldre,Generalistes (APL),1.92,2.36,-18.8
78050,Bazoches-sur-Guyonne,78,CC Coeur d'Yvelines,Generalistes (APL),2.59,2.36,9.8
78053,Béhoust,78,CC Coeur d'Yvelines,Generalistes (APL),1.46,2.36,-38.2
78057,Bennecourt,78,CC Les Portes de l'Ile de France,Generalistes (APL),1.87,2.36,-20.9
78062,Beynes,78,CC Coeur d'Yvelines,Generalistes (APL),2.09,2.36,-11.5
78068,Blaru,78,CC Les Portes de l'Ile de France,Generalistes (APL),2.34,2.36,-0.8
78070,Boinville-en-Mantois,78,CU Grand Paris Seine et Oise,Generalistes (APL),2.3,2.36,-2.6
78071,Boinville-le-Gaillard,78,CA Rambouillet Territoires,Generalistes (APL),2.14,2.36,-9.5
78072,Boinvilliers,78,CC du Pays Houdanais (CCPH),Generalistes (APL),1.47,2.36,-37.8
78073,Bois-d'Arcy,78,CA Versailles Grand Parc (CAVGP),Generalistes (APL),5.42,2.36,129.5
78076,Boissets,78,CC du Pays Houdanais (CCPH),Generalistes (APL),1.48,2.36,-37.5
78077,La Boissière-École,78,CA Rambouillet Territoires,Generalistes (APL),2.14,2.36,-9.2
78082,Boissy-Mauvoisin,78,CC Les Portes de l'Ile de France,Generalistes (APL),1.06,2.36,-55.0
78084,Boissy-sans-Avoir,78,CC Coeur d'Yvelines,Generalistes (APL),2.75,2.36,16.5
78087,Bonnelles,78,CA Rambouillet Territoires,Generalistes (APL),2.55,2.36,8.0
78089,Bonnières-sur-Seine,78,CC Les Portes de l'Ile de France,Generalistes (APL),2.71,2.36,14.9
78090,Bouafle,78,CU Grand Paris Seine et Oise,Generalistes (APL),3.73,2.36,58.1
78092,Bougival,78,CA Versailles Grand Parc (CAVGP),Generalistes (APL),3.06,2.36,29.7
78096,Bourdonné,78,CC du Pays Houdanais (CCPH),Generalistes (APL),1.48,2.36,-37.2
78104,Breuil-Bois-Robert,78,CU Grand Paris Seine et Oise,Generalistes (APL),2.68,2.36,13.6
78107,Bréval,78,CC Les Portes de l'Ile de France,Generalistes (APL),1.33,2.36,-43.8
78108,Les Bréviaires,78,CA Rambouillet Territoires,Generalistes (APL),1.99,2.36,-15.7
78113,Brueil-en-Vexin,78,CU Grand Paris Seine et Oise,Generalistes (APL),2.98,2.36,26.3
78117,Buc,78,CA Versailles Grand Parc (CAVGP),Generalistes (APL),2.77,2.36,17.5
78118,Buchelay,78,CU Grand Paris Seine et Oise,Generalistes (APL),2.95,2.36,24.8
78120,Bullion,78,CA Rambouillet Territoires,Generalistes (APL),2.29,2.36,-2.9
78123,Carrières-sous-Poissy,78,CU Grand Paris Seine et Oise,Generalistes (APL),2.79,2.36,18.1
78124,Carrières-sur-Seine,78,CA Saint Germain Boucles de Seine,Generalistes (APL),1.33,2.36,-43.5
78125,La Celle-les-Bordes,78,CA Rambouillet Territoires,Generalistes (APL),3.13,2.36,32.5
78126,La Celle-Saint-Cloud,78,CA Versailles Grand Parc (CAVGP),Generalistes (APL),2.47,2.36,4.5
78128,Cernay-la-Ville,78,CA Rambouillet Territoires,Generalistes (APL),3.44,2.36,45.6
78133,Chambourcy,78,CA Saint Germain Boucles de Seine,Generalistes (APL),3.43,2.36,45.1
78138,Chanteloup-les-Vignes,78,CU Grand Paris Seine et Oise,Generalistes (APL),3.04,2.36,28.7
78140,Chapet,78,CU Grand Paris Seine et Oise,Generalistes (APL),3.3,2.36,39.7
78143,Châteaufort,78,CA Versailles Grand Parc (CAVGP),Generalistes (APL),3.41,2.36,44.5
78146,Chatou,78,CA Saint Germain Boucles de Seine,Generalistes (APL),2.56,2.36,8.4
78147,Chaufour-lès-Bonnières,78,CC Les Portes de l'Ile de France,Generalistes (APL),2.31,2.36,-2.3
78152,Chavenay,78,CC Gally Mauldre,Generalistes (APL),2.37,2.36,0.4
78158,Le Chesnay-Rocquencourt,78,CA Versailles Grand Parc (CAVGP),Generalistes (APL),2.83,2.36,19.7
78160,Chevreuse,78,CC de la Haute Vallée de Chevreuse,Generalistes (APL),2.33,2.36,-1.1
78162,Choisel,78,CC de la Haute Vallée de Chevreuse,Generalistes (APL),2.49,2.36,5.5
78163,Civry-la-Forêt,78,CC du Pays Houdanais (CCPH),Generalistes (APL),1.4,2.36,-40.7
78164,Clairefontaine-en-Yvelines,78,CA Rambouillet Territoires,Generalistes (APL),3.76,2.36,59.3
78165,Les Clayes-sous-Bois,78,CA de Saint Quentin en Yvelines,Generalistes (APL),1.34,2.36,-43.2
78168,Coignières,78,CA de Saint Quentin en Yvelines,Generalistes (APL),3.11,2.36,31.6
78171,Condé-sur-Vesgre,78,CC du Pays Houdanais (CCPH),Generalistes (APL),1.26,2.36,-46.5
78172,Conflans-Sainte-Honorine,78,CU Grand Paris Seine et Oise,Generalistes (APL),2.53,2.36,7.3
78185,Courgent,78,CC du Pays Houdanais (CCPH),Generalistes (APL),1.14,2.36,-51.8
78188,Cravent,78,CC Les Portes de l'Ile de France,Generalistes (APL),1.71,2.36,-27.5
78189,Crespières,78,CC Gally Mauldre,Generalistes (APL),1.79,2.36,-24.1
78190,Croissy-sur-Seine,78,CA Saint Germain Boucles de Seine,Generalistes (APL),2.11,2.36,-10.7
78192,Dammartin-en-Serve,78,CC du Pays Houdanais (CCPH),Generalistes (APL),1.2,2.36,-49.4
78193,Dampierre-en-Yvelines,78,CC de la Haute Vallée de Chevreuse,Generalistes (APL),2.54,2.36,7.4
78194,Dannemarie,78,CC du Pays Houdanais (CCPH),Generalistes (APL),1.76,2.36,-25.3
78196,Davron,78,CC Gally Mauldre,Generalistes (APL),2.57,2.36,9.0
78202,Drocourt,78,CU Grand Paris Seine et Oise,Generalistes (APL),2.12,2.36,-10.4
78206,Ecquevilly,78,CU Grand Paris Seine et Oise,Generalistes (APL),2.92,2.36,23.8
78208,Élancourt,78,CA de Saint Quentin en Yvelines,Generalistes (APL),2.37,2.36,0.3
78209,Émancé,78,CA Rambouillet Territoires,Generalistes (APL),2.92,2.36,23.6
78217,Épône,78,CU Grand Paris Seine et Oise,Generalistes (APL),3.09,2.36,30.7
78220,Les Essarts-le-Roi,78,CA Rambouillet Territoires,Generalistes (APL),2.86,2.36,20.9
78224,L'Étang-la-Ville,78,CA Saint Germain Boucles de Seine,Generalistes (APL),2.33,2.36,-1.2
78227,Évecquemont,78,CU Grand Paris Seine et Oise,Generalistes (APL),2.04,2.36,-13.8
78230,La Falaise,78,CU Grand Paris Seine et Oise,Generalistes (APL),2.77,2.36,17.3
78231,Favrieux,78,CU Grand Paris Seine et Oise,Generalistes (APL),1.78,2.36,-24.5
78233,Feucherolles,78,CC Gally Mauldre,Generalistes (APL),2.34,2.36,-1.0
78234,Flacourt,78,CU Grand Paris Seine et Oise,Generalistes (APL),1.47,2.36,-37.8
78236,Flexanville,78,CC Coeur d'Yvelines,Generalistes (APL),1.99,2.36,-15.8
78237,Flins-Neuve-Église,78,CC du Pays Houdanais (CCPH),Generalistes (APL),1.4,2.36,-40.6
78238,Flins-sur-Seine,78,CU Grand Paris Seine et Oise,Generalistes (APL),4.51,2.36,90.9
78239,Follainville-Dennemont,78,CU Grand Paris Seine et Oise,Generalistes (APL),1.8,2.36,-23.7
78242,Fontenay-le-Fleury,78,CA Versailles Grand Parc (CAVGP),Generalistes (APL),2.21,2.36,-6.3
78245,Fontenay-Mauvoisin,78,CU Grand Paris Seine et Oise,Generalistes (APL),2.02,2.36,-14.5
78246,Fontenay-Saint-Père,78,CU Grand Paris Seine et Oise,Generalistes (APL),1.79,2.36,-24.3
78255,Freneuse,78,CC Les Portes de l'Ile de France,Generalistes (APL),0.98,2.36,-58.6
78261,Gaillon-sur-Montcient,78,CU Grand Paris Seine et Oise,Generalistes (APL),1.88,2.36,-20.2
78262,Galluis,78,CC Coeur d'Yvelines,Generalistes (APL),2.39,2.36,1.3
78263,Gambais,78,CC Coeur d'Yvelines,Generalistes (APL),1.85,2.36,-21.8
78264,Gambaiseuil,78,CA Rambouillet Territoires,Generalistes (APL),1.31,2.36,-44.7
78265,Garancières,78,CC Coeur d'Yvelines,Generalistes (APL),1.9,2.36,-19.6
78267,Gargenville,78,CU Grand Paris Seine et Oise,Generalistes (APL),3.32,2.36,40.7
78269,Gazeran,78,CA Rambouillet Territoires,Generalistes (APL),3.98,2.36,68.5
78276,Gommecourt,78,CC Les Portes de l'Ile de France,Generalistes (APL),1.97,2.36,-16.7
78278,Goupillières,78,CC Coeur d'Yvelines,Generalistes (APL),2.02,2.36,-14.6
78281,Goussonville,78,CU Grand Paris Seine et Oise,Generalistes (APL),2.17,2.36,-8.0
78283,Grandchamp,78,CC du Pays Houdanais (CCPH),Generalistes (APL),2.1,2.36,-11.3
78285,Gressey,78,CC du Pays Houdanais (CCPH),Generalistes (APL),1.69,2.36,-28.5
78289,Grosrouvre,78,CC Coeur d'Yvelines,Generalistes (APL),1.85,2.36,-21.5
78290,Guernes,78,CU Grand Paris Seine et Oise,Generalistes (APL),0.84,2.36,-64.4
78291,Guerville,78,CU Grand Paris Seine et Oise,Generalistes (APL),2.12,2.36,-10.1
78296,Guitrancourt,78,CU Grand Paris Seine et Oise,Generalistes (APL),2.86,2.36,21.3
78297,Guyancourt,78,CA de Saint Quentin en Yvelines,Generalistes (APL),3.31,2.36,40.0
78299,Hardricourt,78,CU Grand Paris Seine et Oise,Generalistes (APL),2.31,2.36,-2.0
78300,Hargeville,78,CU Grand Paris Seine et Oise,Generalistes (APL),1.72,2.36,-27.1
78302,La Hauteville,78,CC du Pays Houdanais (CCPH),Generalistes (APL),1.72,2.36,-27.1
78305,Herbeville,78,CC Gally Mauldre,Generalistes (APL),1.86,2.36,-21.4
78307,Hermeray,78,CA Rambouillet Territoires,Generalistes (APL),2.72,2.36,15.0
78310,Houdan,78,CC du Pays Houdanais (CCPH),Generalistes (APL),1.89,2.36,-19.8
78311,Houilles,78,CA Saint Germain Boucles de Seine,Generalistes (APL),1.23,2.36,-48.0
78314,Issou,78,CU Grand Paris Seine et Oise,Generalistes (APL),3.29,2.36,39.3
78317,Jambville,78,CU Grand Paris Seine et Oise,Generalistes (APL),2.13,2.36,-9.6
78320,Notre-Dame-de-la-Mer,78,CC Les Portes de l'Ile de France,Generalistes (APL),2.6,2.36,10.1
78321,Jouars-Pontchartrain,78,CC Coeur d'Yvelines,Generalistes (APL),3.37,2.36,42.6
78322,Jouy-en-Josas,78,CA Versailles Grand Parc (CAVGP),Generalistes (APL),2.77,2.36,17.2
78324,Jouy-Mauvoisin,78,CU Grand Paris Seine et Oise,Generalistes (APL),2.59,2.36,9.8
78325,Jumeauville,78,CU Grand Paris Seine et Oise,Generalistes (APL),2.11,2.36,-10.7
78327,Juziers,78,CU Grand Paris Seine et Oise,Generalistes (APL),2.23,2.36,-5.5
78329,Lainville-en-Vexin,78,CU Grand Paris Seine et Oise,Generalistes (APL),1.63,2.36,-31.0
78334,Lévis-Saint-Nom,78,CC de la Haute Vallée de Chevreuse,Generalistes (APL),2.46,2.36,4.3
78335,Limay,78,CU Grand Paris Seine et Oise,Generalistes (APL),2.65,2.36,12.2
78337,Limetz-Villez,78,CC Les Portes de l'Ile de France,Generalistes (APL),2.46,2.36,4.3
78343,Les Loges-en-Josas,78,CA Versailles Grand Parc (CAVGP),Generalistes (APL),3.09,2.36,30.9
78344,Lommoye,78,CC Les Portes de l'Ile de France,Generalistes (APL),1.58,2.36,-33.1
78346,Longnes,78,CC du Pays Houdanais (CCPH),Generalistes (APL),1.24,2.36,-47.4
78349,Longvilliers,78,CA Rambouillet Territoires,Generalistes (APL),3.29,2.36,39.1
78350,Louveciennes,78,CA Saint Germain Boucles de Seine,Generalistes (APL),4.06,2.36,71.9
78354,Magnanville,78,CU Grand Paris Seine et Oise,Generalistes (APL),2.88,2.36,22.1
78356,Magny-les-Hameaux,78,CA de Saint Quentin en Yvelines,Generalistes (APL),2.45,2.36,3.8
78358,Maisons-Laffitte,78,CA Saint Germain Boucles de Seine,Generalistes (APL),1.76,2.36,-25.4
78361,Mantes-la-Jolie,78,CU Grand Paris Seine et Oise,Generalistes (APL),2.81,2.36,18.9
78362,Mantes-la-Ville,78,CU Grand Paris Seine et Oise,Generalistes (APL),3.88,2.36,64.3
78364,Marcq,78,CC Coeur d'Yvelines,Generalistes (APL),2.18,2.36,-7.8
78366,Mareil-le-Guyon,78,CC Coeur d'Yvelines,Generalistes (APL),2.53,2.36,7.2
78367,Mareil-Marly,78,CA Saint Germain Boucles de Seine,Generalistes (APL),2.11,2.36,-10.6
78368,Mareil-sur-Mauldre,78,CC Gally Mauldre,Generalistes (APL),1.99,2.36,-15.8
78372,Marly-le-Roi,78,CA Saint Germain Boucles de Seine,Generalistes (APL),3.54,2.36,50.1
78380,Maule,78,CC Gally Mauldre,Generalistes (APL),2.2,2.36,-7.0
78381,Maulette,78,CC du Pays Houdanais (CCPH),Generalistes (APL),2.12,2.36,-10.0
78382,Maurecourt,78,CA de Cergy-Pontoise,Generalistes (APL),2.92,2.36,23.7
78383,Maurepas,78,CA de Saint Quentin en Yvelines,Generalistes (APL),2.55,2.36,8.0
78384,Médan,78,CU Grand Paris Seine et Oise,Generalistes (APL),2.65,2.36,12.1
78385,Ménerville,78,CC Les Portes de l'Ile de France,Generalistes (APL),1.56,2.36,-34.0
78389,Méré,78,CC Coeur d'Yvelines,Generalistes (APL),2.35,2.36,-0.5
78391,Méricourt,78,CU Grand Paris Seine et Oise,Generalistes (APL),0.77,2.36,-67.4
78396,Le Mesnil-le-Roi,78,CA Saint Germain Boucles de Seine,Generalistes (APL),1.56,2.36,-33.8
78397,Le Mesnil-Saint-Denis,78,CC de la Haute Vallée de Chevreuse,Generalistes (APL),3.2,2.36,35.7
78398,Les Mesnuls,78,CC Coeur d'Yvelines,Generalistes (APL),2.13,2.36,-9.9
78401,Meulan-en-Yvelines,78,CU Grand Paris Seine et Oise,Generalistes (APL),2.56,2.36,8.5
78402,Mézières-sur-Seine,78,CU Grand Paris Seine et Oise,Generalistes (APL),3.76,2.36,59.2
78403,Mézy-sur-Seine,78,CU Grand Paris Seine et Oise,Generalistes (APL),1.89,2.36,-19.9
78404,Millemont,78,CC Coeur d'Yvelines,Generalistes (APL),2.14,2.36,-9.5
78406,Milon-la-Chapelle,78,CC de la Haute Vallée de Chevreuse,Generalistes (APL),2.78,2.36,17.7
78407,Mittainville,78,CA Rambouillet Territoires,Generalistes (APL),2.7,2.36,14.5
78410,Moisson,78,CC Les Portes de l'Ile de France,Generalistes (APL),0.5,2.36,-78.7
78413,Mondreville,78,CC du Pays Houdanais (CCPH),Generalistes (APL),1.79,2.36,-24.0
78415,Montainville,78,CC Gally Mauldre,Generalistes (APL),1.92,2.36,-18.7
78416,Montalet-le-Bois,78,CU Grand Paris Seine et Oise,Generalistes (APL),1.99,2.36,-15.6
78417,Montchauvet,78,CC du Pays Houdanais (CCPH),Generalistes (APL),1.05,2.36,-55.6
78418,Montesson,78,CA Saint Germain Boucles de Seine,Generalistes (APL),1.31,2.36,-44.6
78420,Montfort-l'Amaury,78,CC Coeur d'Yvelines,Generalistes (APL),2.24,2.36,-5.0
78423,Montigny-le-Bretonneux,78,CA de Saint Quentin en Yvelines,Generalistes (APL),2.94,2.36,24.4
78431,Morainvilliers,78,CU Grand Paris Seine et Oise,Generalistes (APL),2.73,2.36,15.7
78437,Mousseaux-sur-Seine,78,CU Grand Paris Seine et Oise,Generalistes (APL),0.64,2.36,-73.0
78439,Mulcent,78,CC du Pays Houdanais (CCPH),Generalistes (APL),1.08,2.36,-54.3
78440,Les Mureaux,78,CU Grand Paris Seine et Oise,Generalistes (APL),2.33,2.36,-1.2
78442,Neauphle-le-Château,78,CC Coeur d'Yvelines,Generalistes (APL),2.54,2.36,7.8
78443,Neauphle-le-Vieux,78,CC Coeur d'Yvelines,Generalistes (APL),2.39,2.36,1.4
78444,Neauphlette,78,CC Les Portes de l'Ile de France,Generalistes (APL),1.4,2.36,-40.9
78451,Nézel,78,CU Grand Paris Seine et Oise,Generalistes (APL),2.73,2.36,15.4
78455,Noisy-le-Roi,78,CA Versailles Grand Parc (CAVGP),Generalistes (APL),2.77,2.36,17.4
78460,Oinville-sur-Montcient,78,CU Grand Paris Seine et Oise,Generalistes (APL),1.98,2.36,-16.1
78464,Orcemont,78,CA Rambouillet Territoires,Generalistes (APL),3.53,2.36,49.6
78465,Orgerus,78,CC du Pays Houdanais (CCPH),Generalistes (APL),1.68,2.36,-29.0
78466,Orgeval,78,CU Grand Paris Seine et Oise,Generalistes (APL),3.48,2.36,47.4
78470,Orphin,78,CA Rambouillet Territoires,Generalistes (APL),4.08,2.36,72.8
78472,Orsonville,78,CA Rambouillet Territoires,Generalistes (APL),2.6,2.36,10.1
78474,Orvilliers,78,CC du Pays Houdanais (CCPH),Generalistes (APL),1.32,2.36,-44.2
78475,Osmoy,78,CC du Pays Houdanais (CCPH),Generalistes (APL),1.7,2.36,-28.1
78478,Paray-Douaville,78,CA Rambouillet Territoires,Generalistes (APL),2.33,2.36,-1.1
78481,Le Pecq,78,CA Saint Germain Boucles de Seine,Generalistes (APL),2.6,2.36,10.1
78484,Perdreauville,78,CU Grand Paris Seine et Oise,Generalistes (APL),1.72,2.36,-27.3
78486,Le Perray-en-Yvelines,78,CA Rambouillet Territoires,Generalistes (APL),2.92,2.36,23.6
78490,Plaisir,78,CA de Saint Quentin en Yvelines,Generalistes (APL),3.12,2.36,31.9
78497,Poigny-la-Forêt,78,CA Rambouillet Territoires,Generalistes (APL),3.22,2.36,36.3
78498,Poissy,78,CU Grand Paris Seine et Oise,Generalistes (APL),2.64,2.36,11.8
78499,Ponthévrard,78,CA Rambouillet Territoires,Generalistes (APL),2.98,2.36,26.3
78501,Porcheville,78,CU Grand Paris Seine et Oise,Generalistes (APL),3.73,2.36,58.1
78502,Le Port-Marly,78,CA Saint Germain Boucles de Seine,Generalistes (APL),3.13,2.36,32.4
78505,Prunay-le-Temple,78,CC du Pays Houdanais (CCPH),Generalistes (APL),1.18,2.36,-50.2
78506,Prunay-en-Yvelines,78,CA Rambouillet Territoires,Generalistes (APL),3.41,2.36,44.6
78513,La Queue-les-Yvelines,78,CC Coeur d'Yvelines,Generalistes (APL),2.4,2.36,1.6
78516,Raizeux,78,CA Rambouillet Territoires,Generalistes (APL),3.14,2.36,33.0
78517,Rambouillet,78,CA Rambouillet Territoires,Generalistes (APL),2.97,2.36,25.6
78518,Rennemoulin,78,CA Versailles Grand Parc (CAVGP),Generalistes (APL),2.7,2.36,14.3
78520,Richebourg,78,CC du Pays Houdanais (CCPH),Generalistes (APL),1.61,2.36,-31.7
78522,Rochefort-en-Yvelines,78,CA Rambouillet Territoires,Generalistes (APL),3.37,2.36,42.5
78528,Rolleboise,78,CU Grand Paris Seine et Oise,Generalistes (APL),1.02,2.36,-57.0
78530,Rosay,78,CC du Pays Houdanais (CCPH),Generalistes (APL),1.66,2.36,-29.5
78531,Rosny-sur-Seine,78,CU Grand Paris Seine et Oise,Generalistes (APL),1.52,2.36,-35.7
78536,Sailly,78,CU Grand Paris Seine et Oise,Generalistes (APL),1.97,2.36,-16.8
78537,Saint-Arnoult-en-Yvelines,78,CA Rambouillet Territoires,Generalistes (APL),1.95,2.36,-17.5
78545,Saint-Cyr-l'École,78,CA Versailles Grand Parc (CAVGP),Generalistes (APL),3.28,2.36,38.8
78548,Saint-Forget,78,CC de la Haute Vallée de Chevreuse,Generalistes (APL),2.44,2.36,3.4
78550,Saint-Germain-de-la-Grange,78,CC Coeur d'Yvelines,Generalistes (APL),1.89,2.36,-20.0
78551,Saint-Germain-en-Laye,78,CA Saint Germain Boucles de Seine,Generalistes (APL),2.51,2.36,6.2
78557,Saint-Hilarion,78,CA Rambouillet Territoires,Generalistes (APL),3.47,2.36,46.9
78558,Saint-Illiers-la-Ville,78,CC Les Portes de l'Ile de France,Generalistes (APL),1.03,2.36,-56.5
78559,Saint-Illiers-le-Bois,78,CC Les Portes de l'Ile de France,Generalistes (APL),1.18,2.36,-50.1
78561,Saint-Lambert,78,CC de la Haute Vallée de Chevreuse,Generalistes (APL),3.16,2.36,33.8
78562,Saint-Léger-en-Yvelines,78,CA Rambouillet Territoires,Generalistes (APL),1.13,2.36,-52.0
78564,Saint-Martin-de-Bréthencourt,78,CA Rambouillet Territoires,Generalistes (APL),2.06,2.36,-13.0
78565,Saint-Martin-des-Champs,78,CC du Pays Houdanais (CCPH),Generalistes (APL),1.55,2.36,-34.5
78567,Saint-Martin-la-Garenne,78,CU Grand Paris Seine et Oise,Generalistes (APL),1.81,2.36,-23.2
78569,Sainte-Mesme,78,CA Rambouillet Territoires,Generalistes (APL),2.78,2.36,17.9
78571,Saint-Nom-la-Bretèche,78,CC Gally Mauldre,Generalistes (APL),2.75,2.36,16.4
78575,Saint-Rémy-lès-Chevreuse,78,CC de la Haute Vallée de Chevreuse,Generalistes (APL),2.71,2.36,14.7
78576,Saint-Rémy-l'Honoré,78,CC Coeur d'Yvelines,Generalistes (APL),2.32,2.36,-1.9
78586,Sartrouville,78,CA Saint Germain Boucles de Seine,Generalistes (APL),2.0,2.36,-15.4
78588,Saulx-Marchais,78,CC Coeur d'Yvelines,Generalistes (APL),2.19,2.36,-7.1
78590,Senlisse,78,CC de la Haute Vallée de Chevreuse,Generalistes (APL),2.27,2.36,-3.9
78591,Septeuil,78,CC du Pays Houdanais (CCPH),Generalistes (APL),1.59,2.36,-32.6
78597,Soindres,78,CU Grand Paris Seine et Oise,Generalistes (APL),2.78,2.36,17.9
78601,Sonchamp,78,CA Rambouillet Territoires,Generalistes (APL),3.29,2.36,39.3
78605,Tacoignières,78,CC du Pays Houdanais (CCPH),Generalistes (APL),1.3,2.36,-44.9
78606,Le Tartre-Gaudran,78,CC du Pays Houdanais (CCPH),Generalistes (APL),2.09,2.36,-11.3
78608,Le Tertre-Saint-Denis,78,CU Grand Paris Seine et Oise,Generalistes (APL),0.99,2.36,-58.2
78609,Tessancourt-sur-Aubette,78,CU Grand Paris Seine et Oise,Generalistes (APL),2.02,2.36,-14.6
78615,Thiverval-Grignon,78,CC Coeur d'Yvelines,Generalistes (APL),1.68,2.36,-28.9
78616,Thoiry,78,CC Coeur d'Yvelines,Generalistes (APL),2.25,2.36,-4.6
78618,Tilly,78,CC du Pays Houdanais (CCPH),Generalistes (APL),2.01,2.36,-14.9
78620,Toussus-le-Noble,78,CA Versailles Grand Parc (CAVGP),Generalistes (APL),3.53,2.36,49.6
78621,Trappes,78,CA de Saint Quentin en Yvelines,Generalistes (APL),3.74,2.36,58.5
78623,Le Tremblay-sur-Mauldre,78,CC Coeur d'Yvelines,Generalistes (APL),2.41,2.36,2.1
78624,Triel-sur-Seine,78,CU Grand Paris Seine et Oise,Generalistes (APL),2.96,2.36,25.4
78638,Vaux-sur-Seine,78,CU Grand Paris Seine et Oise,Generalistes (APL),1.76,2.36,-25.6
78640,Vélizy-Villacoublay,78,CA Versailles Grand Parc (CAVGP),Generalistes (APL),1.53,2.36,-35.0
78642,Verneuil-sur-Seine,78,CU Grand Paris Seine et Oise,Generalistes (APL),1.57,2.36,-33.4
78643,Vernouillet,78,CU Grand Paris Seine et Oise,Generalistes (APL),2.18,2.36,-7.8
78644,La Verrière,78,CA de Saint Quentin en Yvelines,Generalistes (APL),3.31,2.36,40.3
78646,Versailles,78,CA Versailles Grand Parc (CAVGP),Generalistes (APL),2.63,2.36,11.2
78647,Vert,78,CU Grand Paris Seine et Oise,Generalistes (APL),2.62,2.36,11.1
78650,Le Vésinet,78,CA Saint Germain Boucles de Seine,Generalistes (APL),2.45,2.36,3.8
78653,Vicq,78,CC Coeur d'Yvelines,Generalistes (APL),2.6,2.36,10.0
78655,Vieille-Église-en-Yvelines,78,CA Rambouillet Territoires,Generalistes (APL),2.92,2.36,23.6
78668,La Villeneuve-en-Chevrie,78,CC Les Portes de l'Ile de France,Generalistes (APL),2.33,2.36,-1.2
78672,Villennes-sur-Seine,78,CU Grand Paris Seine et Oise,Generalistes (APL),3.93,2.36,66.4
78674,Villepreux,78,CA de Saint Quentin en Yvelines,Generalistes (APL),2.33,2.36,-1.2
78677,Villette,78,CC du Pays Houdanais (CCPH),Generalistes (APL),2.23,2.36,-5.7
78681,Villiers-le-Mahieu,78,CC Coeur d'Yvelines,Generalistes (APL),1.97,2.36,-16.5
78683,Villiers-Saint-Frédéric,78,CC Coeur d'Yvelines,Generalistes (APL),2.02,2.36,-14.3
78686,Viroflay,78,CA Versailles Grand Parc (CAVGP),Generalistes (APL),1.7,2.36,-28.2
78688,Voisins-le-Bretonneux,78,CA de Saint Quentin en Yvelines,Generalistes (APL),3.81,2.36,61.4
91001,Abbéville-la-Rivière,91,CA Étampois Sud Essonne,Generalistes (APL),1.98,2.36,-16.2
91016,Angerville,91,CA Étampois Sud Essonne,Generalistes (APL),2.24,2.36,-5.3
91017,Angervilliers,91,CC du Pays de Limours (CCPL),Generalistes (APL),2.59,2.36,9.8
91021,Arpajon,91,CA Coeur d'Essonne Agglomération,Generalistes (APL),2.17,2.36,-8.0
91022,Arrancourt,91,CA Étampois Sud Essonne,Generalistes (APL),1.9,2.36,-19.8
91027,Athis-Mons,91,Métropole du Grand Paris,Generalistes (APL),2.25,2.36,-4.9
91035,Authon-la-Plaine,91,CA Étampois Sud Essonne,Generalistes (APL),2.19,2.36,-7.1
91037,Auvernaux,91,CC du Val d'Essonne (CCVE),Generalistes (APL),2.55,2.36,7.9
91038,Auvers-Saint-Georges,91,CC Entre Juine et Renarde (CCEJR),Generalistes (APL),2.29,2.36,-3.2
91041,Avrainville,91,CA Coeur d'Essonne Agglomération,Generalistes (APL),2.53,2.36,7.0
91044,Ballainvilliers,91,CA Communauté Paris-Saclay,Generalistes (APL),2.37,2.36,0.3
91045,Ballancourt-sur-Essonne,91,CC du Val d'Essonne (CCVE),Generalistes (APL),1.83,2.36,-22.4
91047,Baulne,91,CC du Val d'Essonne (CCVE),Generalistes (APL),2.27,2.36,-4.0
91064,Bièvres,91,CA Versailles Grand Parc (CAVGP),Generalistes (APL),3.13,2.36,32.5
91067,Blandy,91,CA Étampois Sud Essonne,Generalistes (APL),1.57,2.36,-33.5
91069,Boigneville,91,CC des 2 Vallées,Generalistes (APL),2.2,2.36,-6.9
91075,Bois-Herpin,91,CA Étampois Sud Essonne,Generalistes (APL),2.12,2.36,-10.2
91079,Boissy-la-Rivière,91,CA Étampois Sud Essonne,Generalistes (APL),2.85,2.36,20.7
91080,Boissy-le-Cutté,91,CC Entre Juine et Renarde (CCEJR),Generalistes (APL),2.65,2.36,12.4
91081,Boissy-le-Sec,91,CA Étampois Sud Essonne,Generalistes (APL),2.18,2.36,-7.7
91085,Boissy-sous-Saint-Yon,91,CC Entre Juine et Renarde (CCEJR),Generalistes (APL),2.53,2.36,7.0
91086,Bondoufle,91,CA Grand Paris Sud Seine Essonne Sénart,Generalistes (APL),2.33,2.36,-1.4
91093,Boullay-les-Troux,91,CC du Pays de Limours (CCPL),Generalistes (APL),2.81,2.36,19.1
91095,Bouray-sur-Juine,91,CC Entre Juine et Renarde (CCEJR),Generalistes (APL),1.51,2.36,-35.9
91097,Boussy-Saint-Antoine,91,CA Val d'Yerres Val de Seine,Generalistes (APL),2.61,2.36,10.4
91098,Boutervilliers,91,CA Étampois Sud Essonne,Generalistes (APL),1.91,2.36,-19.3
91099,Boutigny-sur-Essonne,91,CC des 2 Vallées,Generalistes (APL),2.34,2.36,-1.0
91100,Bouville,91,CA Étampois Sud Essonne,Generalistes (APL),2.59,2.36,9.8
91103,Brétigny-sur-Orge,91,CA Coeur d'Essonne Agglomération,Generalistes (APL),1.52,2.36,-35.6
91105,Breuillet,91,CA Coeur d'Essonne Agglomération,Generalistes (APL),1.92,2.36,-18.6
91106,Breux-Jouy,91,CC le Dourdannais en Hurepoix (CCDH),Generalistes (APL),1.95,2.36,-17.3
91109,Brières-les-Scellés,91,CA Étampois Sud Essonne,Generalistes (APL),2.66,2.36,12.5
91111,Briis-sous-Forges,91,CC du Pays de Limours (CCPL),Generalistes (APL),2.57,2.36,8.8
91112,Brouy,91,CA Étampois Sud Essonne,Generalistes (APL),1.73,2.36,-26.6
91114,Brunoy,91,CA Val d'Yerres Val de Seine,Generalistes (APL),2.73,2.36,15.6
91115,Bruyères-le-Châtel,91,CA Coeur d'Essonne Agglomération,Generalistes (APL),1.97,2.36,-16.5
91121,Buno-Bonnevaux,91,CC des 2 Vallées,Generalistes (APL),2.34,2.36,-1.0
91122,Bures-sur-Yvette,91,CA Communauté Paris-Saclay,Generalistes (APL),2.62,2.36,10.8
91129,Cerny,91,CC du Val d'Essonne (CCVE),Generalistes (APL),2.07,2.36,-12.5
91130,Chalo-Saint-Mars,91,CA Étampois Sud Essonne,Generalistes (APL),2.13,2.36,-9.8
91131,Chalou-Moulineux,91,CA Étampois Sud Essonne,Generalistes (APL),2.35,2.36,-0.3
91132,Chamarande,91,CC Entre Juine et Renarde (CCEJR),Generalistes (APL),2.38,2.36,0.7
91135,Champcueil,91,CC du Val d'Essonne (CCVE),Generalistes (APL),1.46,2.36,-38.2
91136,Champlan,91,CA Communauté Paris-Saclay,Generalistes (APL),3.17,2.36,34.1
91137,Champmotteux,91,CA Étampois Sud Essonne,Generalistes (APL),1.91,2.36,-19.1
91145,Chatignonville,91,CA Étampois Sud Essonne,Generalistes (APL),2.21,2.36,-6.5
91148,Chauffour-lès-Étréchy,91,CC Entre Juine et Renarde (CCEJR),Generalistes (APL),2.37,2.36,0.3
91156,Cheptainville,91,CA Coeur d'Essonne Agglomération,Generalistes (APL),1.36,2.36,-42.4
91159,Chevannes,91,CC du Val d'Essonne (CCVE),Generalistes (APL),1.72,2.36,-27.1
91161,Chilly-Mazarin,91,CA Communauté Paris-Saclay,Generalistes (APL),3.51,2.36,48.6
91174,Corbeil-Essonnes,91,CA Grand Paris Sud Seine Essonne Sénart,Generalistes (APL),1.98,2.36,-16.0
91175,Corbreuse,91,CC le Dourdannais en Hurepoix (CCDH),Generalistes (APL),1.89,2.36,-19.8
91179,Le Coudray-Montceaux,91,CA Grand Paris Sud Seine Essonne Sénart,Generalistes (APL),3.31,2.36,40.2
91180,Courances,91,CC des 2 Vallées,Generalistes (APL),2.49,2.36,5.3
91184,Courdimanche-sur-Essonne,91,CC des 2 Vallées,Generalistes (APL),2.17,2.36,-8.2
91186,Courson-Monteloup,91,CC du Pays de Limours (CCPL),Generalistes (APL),2.29,2.36,-3.0
91191,Crosne,91,CA Val d'Yerres Val de Seine,Generalistes (APL),2.43,2.36,3.0
91195,Dannemois,91,CC des 2 Vallées,Generalistes (APL),2.33,2.36,-1.4
91198,D'Huison-Longueville,91,CC du Val d'Essonne (CCVE),Generalistes (APL),2.73,2.36,15.6
91200,Dourdan,91,CC le Dourdannais en Hurepoix (CCDH),Generalistes (APL),2.01,2.36,-14.7
91201,Draveil,91,CA Val d'Yerres Val de Seine,Generalistes (APL),2.33,2.36,-1.3
91204,Écharcon,91,CC du Val d'Essonne (CCVE),Generalistes (APL),2.68,2.36,13.4
91207,Égly,91,CA Coeur d'Essonne Agglomération,Generalistes (APL),2.45,2.36,3.9
91215,Épinay-sous-Sénart,91,CA Val d'Yerres Val de Seine,Generalistes (APL),2.71,2.36,14.5
91216,Épinay-sur-Orge,91,CA Communauté Paris-Saclay,Generalistes (APL),2.22,2.36,-6.1
91223,Étampes,91,CA Étampois Sud Essonne,Generalistes (APL),2.36,2.36,0.1
91225,Étiolles,91,CA Grand Paris Sud Seine Essonne Sénart,Generalistes (APL),4.34,2.36,83.6
91226,Étréchy,91,CC Entre Juine et Renarde (CCEJR),Generalistes (APL),2.33,2.36,-1.3
91228,Évry-Courcouronnes,91,CA Grand Paris Sud Seine Essonne Sénart,Generalistes (APL),2.98,2.36,26.4
91232,La Ferté-Alais,91,CC du Val d'Essonne (CCVE),Generalistes (APL),2.51,2.36,6.2
91235,Fleury-Mérogis,91,CA Coeur d'Essonne Agglomération,Generalistes (APL),2.96,2.36,25.3
91240,Fontaine-la-Rivière,91,CA Étampois Sud Essonne,Generalistes (APL),2.72,2.36,15.2
91243,Fontenay-lès-Briis,91,CC du Pays de Limours (CCPL),Generalistes (APL),2.5,2.36,5.9
91244,Fontenay-le-Vicomte,91,CC du Val d'Essonne (CCVE),Generalistes (APL),2.05,2.36,-13.1
91247,La Forêt-le-Roi,91,CC le Dourdannais en Hurepoix (CCDH),Generalistes (APL),2.44,2.36,3.3
91248,La Forêt-Sainte-Croix,91,CA Étampois Sud Essonne,Generalistes (APL),2.41,2.36,1.9
91249,Forges-les-Bains,91,CC du Pays de Limours (CCPL),Generalistes (APL),2.34,2.36,-0.8
91272,Gif-sur-Yvette,91,CA Communauté Paris-Saclay,Generalistes (APL),2.71,2.36,14.6
91273,Gironville-sur-Essonne,91,CC des 2 Vallées,Generalistes (APL),2.05,2.36,-13.3
91274,Gometz-la-Ville,91,CC du Pays de Limours (CCPL),Generalistes (APL),3.82,2.36,61.8
91275,Gometz-le-Châtel,91,CA Communauté Paris-Saclay,Generalistes (APL),3.83,2.36,62.1
91284,Les Granges-le-Roi,91,CC le Dourdannais en Hurepoix (CCDH),Generalistes (APL),2.4,2.36,1.5
91286,Grigny,91,CA Grand Paris Sud Seine Essonne Sénart,Generalistes (APL),2.42,2.36,2.4
91292,Guibeville,91,CA Coeur d'Essonne Agglomération,Generalistes (APL),2.04,2.36,-13.4
91293,Guigneville-sur-Essonne,91,CC du Val d'Essonne (CCVE),Generalistes (APL),2.48,2.36,5.0
91294,Guillerval,91,CA Étampois Sud Essonne,Generalistes (APL),3.01,2.36,27.5
91312,Igny,91,CA Communauté Paris-Saclay,Generalistes (APL),3.14,2.36,32.9
91315,Itteville,91,CC du Val d'Essonne (CCVE),Generalistes (APL),1.61,2.36,-31.7
91318,Janville-sur-Juine,91,CC Entre Juine et Renarde (CCEJR),Generalistes (APL),1.84,2.36,-21.9
91319,Janvry,91,CC du Pays de Limours (CCPL),Generalistes (APL),3.35,2.36,41.6
91326,Juvisy-sur-Orge,91,Métropole du Grand Paris,Generalistes (APL),2.26,2.36,-4.4
91330,Lardy,91,CC Entre Juine et Renarde (CCEJR),Generalistes (APL),2.09,2.36,-11.5
91332,Leudeville,91,CC du Val d'Essonne (CCVE),Generalistes (APL),2.04,2.36,-13.4
91333,Leuville-sur-Orge,91,CA Coeur d'Essonne Agglomération,Generalistes (APL),2.4,2.36,1.5
91338,Limours,91,CC du Pays de Limours (CCPL),Generalistes (APL),2.64,2.36,11.9
91339,Linas,91,CA Communauté Paris-Saclay,Generalistes (APL),3.45,2.36,45.9
91340,Lisses,91,CA Grand Paris Sud Seine Essonne Sénart,Generalistes (APL),3.31,2.36,40.2
91345,Longjumeau,91,CA Communauté Paris-Saclay,Generalistes (APL),2.21,2.36,-6.6
91347,Longpont-sur-Orge,91,CA Coeur d'Essonne Agglomération,Generalistes (APL),2.26,2.36,-4.5
91359,Maisse,91,CC des 2 Vallées,Generalistes (APL),2.22,2.36,-5.9
91363,Marcoussis,91,CA Communauté Paris-Saclay,Generalistes (APL),1.69,2.36,-28.3
91374,Marolles-en-Beauce,91,CA Étampois Sud Essonne,Generalistes (APL),2.54,2.36,7.5
91376,Marolles-en-Hurepoix,91,CA Coeur d'Essonne Agglomération,Generalistes (APL),2.05,2.36,-13.0
91377,Massy,91,CA Communauté Paris-Saclay,Generalistes (APL),3.53,2.36,49.6
91378,Mauchamps,91,CC Entre Juine et Renarde (CCEJR),Generalistes (APL),2.49,2.36,5.5
91386,Mennecy,91,CC du Val d'Essonne (CCVE),Generalistes (APL),2.58,2.36,9.5
91390,Le Mérévillois,91,CA Étampois Sud Essonne,Generalistes (APL),2.34,2.36,-0.7
91393,Mérobert,91,CA Étampois Sud Essonne,Generalistes (APL),1.79,2.36,-24.2
91399,Mespuits,91,CA Étampois Sud Essonne,Generalistes (APL),2.04,2.36,-13.5
91405,Milly-la-Forêt,91,CC des 2 Vallées,Generalistes (APL),2.11,2.36,-10.5
91408,Moigny-sur-École,91,CC des 2 Vallées,Generalistes (APL),1.92,2.36,-18.6
91411,Les Molières,91,CC du Pays de Limours (CCPL),Generalistes (APL),2.68,2.36,13.6
91412,Mondeville,91,CC des 2 Vallées,Generalistes (APL),1.94,2.36,-17.9
91414,Monnerville,91,CA Étampois Sud Essonne,Generalistes (APL),3.81,2.36,61.2
91421,Montgeron,91,CA Val d'Yerres Val de Seine,Generalistes (APL),2.67,2.36,13.1
91425,Montlhéry,91,CA Communauté Paris-Saclay,Generalistes (APL),3.34,2.36,41.3
91432,Morangis,91,Métropole du Grand Paris,Generalistes (APL),2.57,2.36,9.0
91433,Morigny-Champigny,91,CA Étampois Sud Essonne,Generalistes (APL),2.33,2.36,-1.4
91434,Morsang-sur-Orge,91,CA Coeur d'Essonne Agglomération,Generalistes (APL),2.15,2.36,-9.0
91435,Morsang-sur-Seine,91,CA Grand Paris Sud Seine Essonne Sénart,Generalistes (APL),1.45,2.36,-38.5
91441,Nainville-les-Roches,91,CC du Val d'Essonne (CCVE),Generalistes (APL),2.09,2.36,-11.7
91457,La Norville,91,CA Coeur d'Essonne Agglomération,Generalistes (APL),1.63,2.36,-30.9
91458,Nozay,91,CA Communauté Paris-Saclay,Generalistes (APL),2.64,2.36,11.7
91461,Ollainville,91,CA Coeur d'Essonne Agglomération,Generalistes (APL),2.05,2.36,-13.2
91463,Oncy-sur-École,91,CC des 2 Vallées,Generalistes (APL),1.62,2.36,-31.4
91468,Ormoy,91,CC du Val d'Essonne (CCVE),Generalistes (APL),3.58,2.36,51.6
91469,Ormoy-la-Rivière,91,CA Étampois Sud Essonne,Generalistes (APL),3.14,2.36,32.9
91471,Orsay,91,CA Communauté Paris-Saclay,Generalistes (APL),2.58,2.36,9.1
91473,Orveau,91,CC du Val d'Essonne (CCVE),Generalistes (APL),2.44,2.36,3.4
91477,Palaiseau,91,CA Communauté Paris-Saclay,Generalistes (APL),2.34,2.36,-1.0
91479,Paray-Vieille-Poste,91,Métropole du Grand Paris,Generalistes (APL),2.06,2.36,-12.9
91482,Pecqueuse,91,CC du Pays de Limours (CCPL),Generalistes (APL),2.49,2.36,5.4
91494,Le Plessis-Pâté,91,CA Coeur d'Essonne Agglomération,Generalistes (APL),2.73,2.36,15.7
91495,Plessis-Saint-Benoist,91,CA Étampois Sud Essonne,Generalistes (APL),1.67,2.36,-29.2
91507,Prunay-sur-Essonne,91,CC des 2 Vallées,Generalistes (APL),2.29,2.36,-2.8
91508,Puiselet-le-Marais,91,CA Étampois Sud Essonne,Generalistes (APL),2.46,2.36,4.2
91511,Pussay,91,CA Étampois Sud Essonne,Generalistes (APL),2.54,2.36,7.4
91514,Quincy-sous-Sénart,91,CA Val d'Yerres Val de Seine,Generalistes (APL),3.57,2.36,51.0
91519,Richarville,91,CC le Dourdannais en Hurepoix (CCDH),Generalistes (APL),1.94,2.36,-18.0
91521,Ris-Orangis,91,CA Grand Paris Sud Seine Essonne Sénart,Generalistes (APL),1.81,2.36,-23.5
91525,Roinville,91,CC le Dourdannais en Hurepoix (CCDH),Generalistes (APL),2.17,2.36,-8.0
91526,Roinvilliers,91,CA Étampois Sud Essonne,Generalistes (APL),2.54,2.36,7.5
91533,Saclas,91,CA Étampois Sud Essonne,Generalistes (APL),2.67,2.36,12.9
91534,Saclay,91,CA Communauté Paris-Saclay,Generalistes (APL),3.54,2.36,50.0
91538,Saint-Aubin,91,CA Communauté Paris-Saclay,Generalistes (APL),3.63,2.36,53.7
91540,Saint-Chéron,91,CC le Dourdannais en Hurepoix (CCDH),Generalistes (APL),2.38,2.36,1.0
91544,Saint-Cyr-la-Rivière,91,CA Étampois Sud Essonne,Generalistes (APL),2.63,2.36,11.4
91546,Saint-Cyr-sous-Dourdan,91,CC le Dourdannais en Hurepoix (CCDH),Generalistes (APL),3.04,2.36,28.6
91547,Saint-Escobille,91,CA Étampois Sud Essonne,Generalistes (APL),1.36,2.36,-42.5
91549,Sainte-Geneviève-des-Bois,91,CA Coeur d'Essonne Agglomération,Generalistes (APL),2.53,2.36,7.2
91552,Saint-Germain-lès-Arpajon,91,CA Coeur d'Essonne Agglomération,Generalistes (APL),2.32,2.36,-1.8
91553,Saint-Germain-lès-Corbeil,91,CA Grand Paris Sud Seine Essonne Sénart,Generalistes (APL),4.08,2.36,72.8
91556,Saint-Hilaire,91,CA Étampois Sud Essonne,Generalistes (APL),1.66,2.36,-29.6
91560,Saint-Jean-de-Beauregard,91,CC du Pays de Limours (CCPL),Generalistes (APL),4.69,2.36,98.5
91568,Saint-Maurice-Montcouronne,91,CC du Pays de Limours (CCPL),Generalistes (APL),2.33,2.36,-1.5
91570,Saint-Michel-sur-Orge,91,CA Coeur d'Essonne Agglomération,Generalistes (APL),3.06,2.36,29.6
91573,Saint-Pierre-du-Perray,91,CA Grand Paris Sud Seine Essonne Sénart,Generalistes (APL),2.12,2.36,-10.1
91577,Saintry-sur-Seine,91,CA Grand Paris Sud Seine Essonne Sénart,Generalistes (APL),1.38,2.36,-41.4
91578,Saint-Sulpice-de-Favières,91,CC Entre Juine et Renarde (CCEJR),Generalistes (APL),2.1,2.36,-11.3
91579,Saint-Vrain,91,CC du Val d'Essonne (CCVE),Generalistes (APL),1.77,2.36,-25.1
91581,Saint-Yon,91,CC Entre Juine et Renarde (CCEJR),Generalistes (APL),2.23,2.36,-5.6
91587,Saulx-les-Chartreux,91,CA Communauté Paris-Saclay,Generalistes (APL),2.98,2.36,26.1
91589,Savigny-sur-Orge,91,Métropole du Grand Paris,Generalistes (APL),1.69,2.36,-28.6
91593,Sermaise,91,CC le Dourdannais en Hurepoix (CCDH),Generalistes (APL),2.2,2.36,-6.7
91599,Soisy-sur-École,91,CC des 2 Vallées,Generalistes (APL),2.3,2.36,-2.7
91600,Soisy-sur-Seine,91,CA Grand Paris Sud Seine Essonne Sénart,Generalistes (APL),2.87,2.36,21.4
91602,Souzy-la-Briche,91,CC Entre Juine et Renarde (CCEJR),Generalistes (APL),2.23,2.36,-5.4
91613,Congerville-Thionville,91,CA Étampois Sud Essonne,Generalistes (APL),2.01,2.36,-15.1
91617,Tigery,91,CA Grand Paris Sud Seine Essonne Sénart,Generalistes (APL),4.21,2.36,78.2
91619,Torfou,91,CC Entre Juine et Renarde (CCEJR),Generalistes (APL),2.24,2.36,-5.2
91629,Valpuiseaux,91,CA Étampois Sud Essonne,Generalistes (APL),1.94,2.36,-17.7
91630,Le Val-Saint-Germain,91,CC le Dourdannais en Hurepoix (CCDH),Generalistes (APL),2.55,2.36,8.0
91631,Varennes-Jarcy,91,CC l'Orée de la Brie,Generalistes (APL),2.16,2.36,-8.5
91634,Vaugrigneuse,91,CC du Pays de Limours (CCPL),Generalistes (APL),2.23,2.36,-5.7
91635,Vauhallan,91,CA Communauté Paris-Saclay,Generalistes (APL),2.47,2.36,4.6
91639,Vayres-sur-Essonne,91,CC du Val d'Essonne (CCVE),Generalistes (APL),2.87,2.36,21.4
91645,Verrières-le-Buisson,91,CA Communauté Paris-Saclay,Generalistes (APL),2.75,2.36,16.5
91648,Vert-le-Grand,91,CC du Val d'Essonne (CCVE),Generalistes (APL),2.16,2.36,-8.5
91649,Vert-le-Petit,91,CC du Val d'Essonne (CCVE),Generalistes (APL),1.84,2.36,-22.0
91654,Videlles,91,CC des 2 Vallées,Generalistes (APL),2.28,2.36,-3.5
91657,Vigneux-sur-Seine,91,CA Val d'Yerres Val de Seine,Generalistes (APL),1.68,2.36,-29.1
91659,Villabé,91,CA Grand Paris Sud Seine Essonne Sénart,Generalistes (APL),3.55,2.36,50.3
91661,Villebon-sur-Yvette,91,CA Communauté Paris-Saclay,Generalistes (APL),3.16,2.36,33.8
91662,Villeconin,91,CC Entre Juine et Renarde (CCEJR),Generalistes (APL),2.39,2.36,1.1
91665,La Ville-du-Bois,91,CA Communauté Paris-Saclay,Generalistes (APL),2.69,2.36,13.8
91666,Villejust,91,CA Communauté Paris-Saclay,Generalistes (APL),3.63,2.36,53.6
91667,Villemoisson-sur-Orge,91,CA Coeur d'Essonne Agglomération,Generalistes (APL),2.44,2.36,3.1
91671,Villeneuve-sur-Auvers,91,CC Entre Juine et Renarde (CCEJR),Generalistes (APL),2.6,2.36,10.1
91679,Villiers-le-Bâcle,91,CA Communauté Paris-Saclay,Generalistes (APL),3.34,2.36,41.3
91685,Villiers-sur-Orge,91,CA Coeur d'Essonne Agglomération,Generalistes (APL),2.52,2.36,6.6
91687,Viry-Châtillon,91,Métropole du Grand Paris,Generalistes (APL),3.34,2.36,41.6
91689,Wissous,91,CA Communauté Paris-Saclay,Generalistes (APL),3.45,2.36,46.0
91691,Yerres,91,CA Val d'Yerres Val de Seine,Generalistes (APL),2.56,2.36,8.5
91692,Les Ulis,91,CA Communauté Paris-Saclay,Generalistes (APL),2.69,2.36,13.9
92002,Antony,92,Métropole du Grand Paris,Generalistes (APL),2.45,2.36,3.9
92004,Asnières-sur-Seine,92,Métropole du Grand Paris,Generalistes (APL),3.63,2.36,53.7
92007,Bagneux,92,Métropole du Grand Paris,Generalistes (APL),3.94,2.36,66.9
92009,Bois-Colombes,92,Métropole du Grand Paris,Generalistes (APL),3.78,2.36,60.1
92012,Boulogne-Billancourt,92,Métropole du Grand Paris,Generalistes (APL),3.03,2.36,28.3
92014,Bourg-la-Reine,92,Métropole du Grand Paris,Generalistes (APL),2.87,2.36,21.5
92019,Châtenay-Malabry,92,Métropole du Grand Paris,Generalistes (APL),1.98,2.36,-16.0
92020,Châtillon,92,Métropole du Grand Paris,Generalistes (APL),3.92,2.36,66.0
92022,Chaville,92,Métropole du Grand Paris,Generalistes (APL),3.5,2.36,48.2
92023,Clamart,92,Métropole du Grand Paris,Generalistes (APL),2.43,2.36,2.8
92024,Clichy,92,Métropole du Grand Paris,Generalistes (APL),4.11,2.36,74.2
92025,Colombes,92,Métropole du Grand Paris,Generalistes (APL),2.62,2.36,10.8
92026,Courbevoie,92,Métropole du Grand Paris,Generalistes (APL),3.84,2.36,62.7
92032,Fontenay-aux-Roses,92,Métropole du Grand Paris,Generalistes (APL),3.07,2.36,30.1
92033,Garches,92,Métropole du Grand Paris,Generalistes (APL),2.6,2.36,10.0
92035,La Garenne-Colombes,92,Métropole du Grand Paris,Generalistes (APL),3.91,2.36,65.4
92036,Gennevilliers,92,Métropole du Grand Paris,Generalistes (APL),3.8,2.36,60.8
92040,Issy-les-Moulineaux,92,Métropole du Grand Paris,Generalistes (APL),2.99,2.36,26.6
92044,Levallois-Perret,92,Métropole du Grand Paris,Generalistes (APL),4.36,2.36,84.7
92046,Malakoff,92,Métropole du Grand Paris,Generalistes (APL),3.47,2.36,46.9
92047,Marnes-la-Coquette,92,Métropole du Grand Paris,Generalistes (APL),3.09,2.36,31.0
92048,Meudon,92,Métropole du Grand Paris,Generalistes (APL),2.38,2.36,0.6
92049,Montrouge,92,Métropole du Grand Paris,Generalistes (APL),3.63,2.36,53.7
92050,Nanterre,92,Métropole du Grand Paris,Generalistes (APL),2.75,2.36,16.6
92051,Neuilly-sur-Seine,92,Métropole du Grand Paris,Generalistes (APL),3.74,2.36,58.2
92060,Le Plessis-Robinson,92,Métropole du Grand Paris,Generalistes (APL),2.46,2.36,4.3
92062,Puteaux,92,Métropole du Grand Paris,Generalistes (APL),3.11,2.36,31.6
92063,Rueil-Malmaison,92,Métropole du Grand Paris,Generalistes (APL),2.7,2.36,14.4
92064,Saint-Cloud,92,Métropole du Grand Paris,Generalistes (APL),2.24,2.36,-5.2
92071,Sceaux,92,Métropole du Grand Paris,Generalistes (APL),2.52,2.36,6.7
92072,Sèvres,92,Métropole du Grand Paris,Generalistes (APL),1.8,2.36,-23.8
92073,Suresnes,92,Métropole du Grand Paris,Generalistes (APL),2.59,2.36,9.5
92075,Vanves,92,Métropole du Grand Paris,Generalistes (APL),3.2,2.36,35.4
92076,Vaucresson,92,Métropole du Grand Paris,Generalistes (APL),2.94,2.36,24.6
92077,Ville-d'Avray,92,Métropole du Grand Paris,Generalistes (APL),3.09,2.36,30.7
92078,Villeneuve-la-Garenne,92,Métropole du Grand Paris,Generalistes (APL),2.59,2.36,9.8
93001,Aubervilliers,93,Métropole du Grand Paris,Generalistes (APL),4.14,2.36,75.5
93005,Aulnay-sous-Bois,93,Métropole du Grand Paris,Generalistes (APL),2.72,2.36,15.3
93006,Bagnolet,93,Métropole du Grand Paris,Generalistes (APL),3.23,2.36,36.6
93007,Le Blanc-Mesnil,93,Métropole du Grand Paris,Generalistes (APL),2.5,2.36,6.1
93008,Bobigny,93,Métropole du Grand Paris,Generalistes (APL),2.43,2.36,3.0
93010,Bondy,93,Métropole du Grand Paris,Generalistes (APL),3.14,2.36,32.8
93013,Le Bourget,93,Métropole du Grand Paris,Generalistes (APL),2.24,2.36,-5.1
93014,Clichy-sous-Bois,93,Métropole du Grand Paris,Generalistes (APL),2.98,2.36,26.3
93015,Coubron,93,Métropole du Grand Paris,Generalistes (APL),2.34,2.36,-0.9
93027,La Courneuve,93,Métropole du Grand Paris,Generalistes (APL),3.05,2.36,29.2
93029,Drancy,93,Métropole du Grand Paris,Generalistes (APL),2.88,2.36,22.1
93030,Dugny,93,Métropole du Grand Paris,Generalistes (APL),3.04,2.36,28.8
93031,Épinay-sur-Seine,93,Métropole du Grand Paris,Generalistes (APL),3.7,2.36,56.6
93032,Gagny,93,Métropole du Grand Paris,Generalistes (APL),3.21,2.36,35.9
93033,Gournay-sur-Marne,93,Métropole du Grand Paris,Generalistes (APL),2.84,2.36,20.2
93039,L'Île-Saint-Denis,93,Métropole du Grand Paris,Generalistes (APL),3.62,2.36,53.4
93045,Les Lilas,93,Métropole du Grand Paris,Generalistes (APL),3.46,2.36,46.4
93046,Livry-Gargan,93,Métropole du Grand Paris,Generalistes (APL),3.17,2.36,34.0
93047,Montfermeil,93,Métropole du Grand Paris,Generalistes (APL),3.05,2.36,29.0
93048,Montreuil,93,Métropole du Grand Paris,Generalistes (APL),3.7,2.36,56.7
93049,Neuilly-Plaisance,93,Métropole du Grand Paris,Generalistes (APL),3.91,2.36,65.6
93050,Neuilly-sur-Marne,93,Métropole du Grand Paris,Generalistes (APL),3.07,2.36,30.1
93051,Noisy-le-Grand,93,Métropole du Grand Paris,Generalistes (APL),3.13,2.36,32.7
93053,Noisy-le-Sec,93,Métropole du Grand Paris,Generalistes (APL),3.48,2.36,47.2
93055,Pantin,93,Métropole du Grand Paris,Generalistes (APL),3.88,2.36,64.2
93057,Les Pavillons-sous-Bois,93,Métropole du Grand Paris,Generalistes (APL),3.2,2.36,35.7
93061,Le Pré-Saint-Gervais,93,Métropole du Grand Paris,Generalistes (APL),4.09,2.36,73.3
93062,Le Raincy,93,Métropole du Grand Paris,Generalistes (APL),3.08,2.36,30.5
93063,Romainville,93,Métropole du Grand Paris,Generalistes (APL),3.65,2.36,54.8
93064,Rosny-sous-Bois,93,Métropole du Grand Paris,Generalistes (APL),2.6,2.36,10.0
93066,Saint-Denis,93,Métropole du Grand Paris,Generalistes (APL),3.75,2.36,58.8
93070,Saint-Ouen-sur-Seine,93,Métropole du Grand Paris,Generalistes (APL),4.75,2.36,100.9
93071,Sevran,93,Métropole du Grand Paris,Generalistes (APL),2.38,2.36,0.6
93072,Stains,93,Métropole du Grand Paris,Generalistes (APL),3.54,2.36,49.9
93073,Tremblay-en-France,93,Métropole du Grand Paris,Generalistes (APL),2.06,2.36,-12.7
93074,Vaujours,93,Métropole du Grand Paris,Generalistes (APL),2.41,2.36,1.9
93077,Villemomble,93,Métropole du Grand Paris,Generalistes (APL),3.57,2.36,51.3
93078,Villepinte,93,Métropole du Grand Paris,Generalistes (APL),2.12,2.36,-10.2
93079,Villetaneuse,93,Métropole du Grand Paris,Generalistes (APL),4.0,2.36,69.2
94001,Ablon-sur-Seine,94,Métropole du Grand Paris,Generalistes (APL),3.86,2.36,63.5
94002,Alfortville,94,Métropole du Grand Paris,Generalistes (APL),4.88,2.36,106.7
94003,Arcueil,94,Métropole du Grand Paris,Generalistes (APL),3.15,2.36,33.3
94004,Boissy-Saint-Léger,94,Métropole du Grand Paris,Generalistes (APL),3.68,2.36,56.0
94011,Bonneuil-sur-Marne,94,Métropole du Grand Paris,Generalistes (APL),5.07,2.36,114.8
94015,Bry-sur-Marne,94,Métropole du Grand Paris,Generalistes (APL),4.53,2.36,91.9
94016,Cachan,94,Métropole du Grand Paris,Generalistes (APL),2.01,2.36,-15.0
94017,Champigny-sur-Marne,94,Métropole du Grand Paris,Generalistes (APL),4.9,2.36,107.4
94018,Charenton-le-Pont,94,Métropole du Grand Paris,Generalistes (APL),3.47,2.36,47.0
94019,Chennevières-sur-Marne,94,Métropole du Grand Paris,Generalistes (APL),5.37,2.36,127.3
94021,Chevilly-Larue,94,Métropole du Grand Paris,Generalistes (APL),2.3,2.36,-2.6
94022,Choisy-le-Roi,94,Métropole du Grand Paris,Generalistes (APL),4.05,2.36,71.7
94028,Créteil,94,Métropole du Grand Paris,Generalistes (APL),5.12,2.36,117.0
94033,Fontenay-sous-Bois,94,Métropole du Grand Paris,Generalistes (APL),3.52,2.36,48.8
94034,Fresnes,94,Métropole du Grand Paris,Generalistes (APL),3.42,2.36,45.0
94037,Gentilly,94,Métropole du Grand Paris,Generalistes (APL),3.44,2.36,45.8
94038,L'Haÿ-les-Roses,94,Métropole du Grand Paris,Generalistes (APL),1.91,2.36,-19.1
94041,Ivry-sur-Seine,94,Métropole du Grand Paris,Generalistes (APL),4.45,2.36,88.4
94042,Joinville-le-Pont,94,Métropole du Grand Paris,Generalistes (APL),4.91,2.36,108.0
94043,Le Kremlin-Bicêtre,94,Métropole du Grand Paris,Generalistes (APL),3.08,2.36,30.5
94044,Limeil-Brévannes,94,Métropole du Grand Paris,Generalistes (APL),4.05,2.36,71.4
94046,Maisons-Alfort,94,Métropole du Grand Paris,Generalistes (APL),4.49,2.36,89.9
94047,Mandres-les-Roses,94,Métropole du Grand Paris,Generalistes (APL),3.34,2.36,41.6
94048,Marolles-en-Brie,94,Métropole du Grand Paris,Generalistes (APL),2.2,2.36,-7.0
94052,Nogent-sur-Marne,94,Métropole du Grand Paris,Generalistes (APL),3.89,2.36,64.6
94053,Noiseau,94,Métropole du Grand Paris,Generalistes (APL),3.86,2.36,63.4
94054,Orly,94,Métropole du Grand Paris,Generalistes (APL),1.97,2.36,-16.8
94055,Ormesson-sur-Marne,94,Métropole du Grand Paris,Generalistes (APL),4.82,2.36,104.0
94056,Périgny,94,Métropole du Grand Paris,Generalistes (APL),3.28,2.36,39.0
94058,Le Perreux-sur-Marne,94,Métropole du Grand Paris,Generalistes (APL),4.14,2.36,75.4
94059,Le Plessis-Trévise,94,Métropole du Grand Paris,Generalistes (APL),2.99,2.36,26.6
94060,La Queue-en-Brie,94,Métropole du Grand Paris,Generalistes (APL),2.71,2.36,14.9
94065,Rungis,94,Métropole du Grand Paris,Generalistes (APL),2.56,2.36,8.4
94067,Saint-Mandé,94,Métropole du Grand Paris,Generalistes (APL),3.5,2.36,48.0
94068,Saint-Maur-des-Fossés,94,Métropole du Grand Paris,Generalistes (APL),6.23,2.36,163.6
94069,Saint-Maurice,94,Métropole du Grand Paris,Generalistes (APL),4.34,2.36,83.8
94070,Santeny,94,Métropole du Grand Paris,Generalistes (APL),2.24,2.36,-5.0
94071,Sucy-en-Brie,94,Métropole du Grand Paris,Generalistes (APL),5.23,2.36,121.3
94073,Thiais,94,Métropole du Grand Paris,Generalistes (APL),3.13,2.36,32.4
94074,Valenton,94,Métropole du Grand Paris,Generalistes (APL),3.36,2.36,42.3
94075,Villecresnes,94,Métropole du Grand Paris,Generalistes (APL),3.18,2.36,34.7
94076,Villejuif,94,Métropole du Grand Paris,Generalistes (APL),2.12,2.36,-10.4
94077,Villeneuve-le-Roi,94,Métropole du Grand Paris,Generalistes (APL),3.23,2.36,36.6
94078,Villeneuve-Saint-Georges,94,Métropole du Grand Paris,Generalistes (APL),3.48,2.36,47.5
94079,Villiers-sur-Marne,94,Métropole du Grand Paris,Generalistes (APL),3.92,2.36,66.0
94080,Vincennes,94,Métropole du Grand Paris,Generalistes (APL),3.65,2.36,54.3
94081,Vitry-sur-Seine,94,Métropole du Grand Paris,Generalistes (APL),2.93,2.36,24.0
95002,Ableiges,95,CC Vexin Centre,Generalistes (APL),2.94,2.36,24.7
95008,Aincourt,95,CC du Vexin-Val de Seine,Generalistes (APL),1.77,2.36,-25.0
95011,Ambleville,95,CC du Vexin-Val de Seine,Generalistes (APL),1.87,2.36,-20.9
95012,Amenucourt,95,CC du Vexin-Val de Seine,Generalistes (APL),2.17,2.36,-8.3
95014,Andilly,95,CA Plaine Vallée,Generalistes (APL),2.58,2.36,9.4
95018,Argenteuil,95,Métropole du Grand Paris,Generalistes (APL),1.74,2.36,-26.5
95019,Arnouville,95,CA Roissy Pays de France,Generalistes (APL),1.91,2.36,-19.3
95023,Arronville,95,CC Sausseron Impressionnistes,Generalistes (APL),1.34,2.36,-43.4
95024,Arthies,95,CC du Vexin-Val de Seine,Generalistes (APL),1.65,2.36,-30.3
95026,Asnières-sur-Oise,95,CC Carnelle Pays-de-France,Generalistes (APL),2.54,2.36,7.7
95028,Attainville,95,CA Plaine Vallée,Generalistes (APL),4.22,2.36,78.8
95039,Auvers-sur-Oise,95,CC Sausseron Impressionnistes,Generalistes (APL),2.04,2.36,-13.5
95040,Avernes,95,CC Vexin Centre,Generalistes (APL),1.85,2.36,-21.8
95042,Baillet-en-France,95,CC Carnelle Pays-de-France,Generalistes (APL),3.74,2.36,58.4
95046,Banthelu,95,CC du Vexin-Val de Seine,Generalistes (APL),1.29,2.36,-45.5
95051,Beauchamp,95,CA Val Parisis,Generalistes (APL),3.27,2.36,38.5
95052,Beaumont-sur-Oise,95,CC du Haut Val d'Oise,Generalistes (APL),2.28,2.36,-3.4
95054,Le Bellay-en-Vexin,95,CC Vexin Centre,Generalistes (APL),1.61,2.36,-31.9
95055,Bellefontaine,95,CC Carnelle Pays-de-France,Generalistes (APL),2.29,2.36,-3.0
95056,Belloy-en-France,95,CC Carnelle Pays-de-France,Generalistes (APL),3.1,2.36,31.1
95058,Bernes-sur-Oise,95,CC du Haut Val d'Oise,Generalistes (APL),2.44,2.36,3.5
95059,Berville,95,CC Vexin Centre,Generalistes (APL),1.13,2.36,-52.2
95060,Bessancourt,95,CA Val Parisis,Generalistes (APL),3.57,2.36,51.3
95061,Béthemont-la-Forêt,95,CC de la Vallée de l'Oise et des Trois Forêts,Generalistes (APL),3.66,2.36,55.1
95063,Bezons,95,CA Saint Germain Boucles de Seine,Generalistes (APL),2.07,2.36,-12.3
95074,Boisemont,95,CA de Cergy-Pontoise,Generalistes (APL),2.23,2.36,-5.5
95078,Boissy-l'Aillerie,95,CC Vexin Centre,Generalistes (APL),2.19,2.36,-7.3
95088,Bonneuil-en-France,95,CA Roissy Pays de France,Generalistes (APL),2.75,2.36,16.3
95091,Bouffémont,95,CA Plaine Vallée,Generalistes (APL),2.99,2.36,26.7
95094,Bouqueval,95,CA Roissy Pays de France,Generalistes (APL),2.77,2.36,17.4
95101,Bray-et-Lû,95,CC du Vexin-Val de Seine,Generalistes (APL),1.84,2.36,-21.9
95102,Bréançon,95,CC Vexin Centre,Generalistes (APL),1.13,2.36,-52.2
95110,Brignancourt,95,CC Vexin Centre,Generalistes (APL),1.36,2.36,-42.4
95116,Bruyères-sur-Oise,95,CC du Haut Val d'Oise,Generalistes (APL),2.46,2.36,4.3
95119,Buhy,95,CC du Vexin-Val de Seine,Generalistes (APL),2.12,2.36,-10.3
95120,Butry-sur-Oise,95,CC Sausseron Impressionnistes,Generalistes (APL),2.11,2.36,-10.6
95127,Cergy,95,CA de Cergy-Pontoise,Generalistes (APL),3.06,2.36,29.4
95134,Champagne-sur-Oise,95,CC du Haut Val d'Oise,Generalistes (APL),2.34,2.36,-0.8
95139,La Chapelle-en-Vexin,95,CC du Vexin-Val de Seine,Generalistes (APL),1.94,2.36,-17.9
95141,Charmont,95,CC du Vexin-Val de Seine,Generalistes (APL),1.67,2.36,-29.4
95142,Chars,95,CC Vexin Centre,Generalistes (APL),1.32,2.36,-43.9
95144,Châtenay-en-France,95,CC Carnelle Pays-de-France,Generalistes (APL),2.42,2.36,2.5
95149,Chaumontel,95,CC Carnelle Pays-de-France,Generalistes (APL),2.69,2.36,13.9
95150,Chaussy,95,CC du Vexin-Val de Seine,Generalistes (APL),1.5,2.36,-36.6
95151,Chauvry,95,CC de la Vallée de l'Oise et des Trois Forêts,Generalistes (APL),3.6,2.36,52.5
95154,Chennevières-lès-Louvres,95,CA Roissy Pays de France,Generalistes (APL),2.32,2.36,-1.9
95157,Chérence,95,CC du Vexin-Val de Seine,Generalistes (APL),1.61,2.36,-31.9
95166,Cléry-en-Vexin,95,CC Vexin Centre,Generalistes (APL),2.1,2.36,-10.9
95169,Commeny,95,CC Vexin Centre,Generalistes (APL),1.99,2.36,-15.8
95170,Condécourt,95,CC Vexin Centre,Generalistes (APL),2.42,2.36,2.3
95176,Cormeilles-en-Parisis,95,CA Val Parisis,Generalistes (APL),2.74,2.36,15.9
95177,Cormeilles-en-Vexin,95,CC Vexin Centre,Generalistes (APL),1.39,2.36,-41.0
95181,Courcelles-sur-Viosne,95,CC Vexin Centre,Generalistes (APL),2.72,2.36,15.2
95183,Courdimanche,95,CA de Cergy-Pontoise,Generalistes (APL),2.08,2.36,-12.0
95197,Deuil-la-Barre,95,CA Plaine Vallée,Generalistes (APL),2.16,2.36,-8.7
95199,Domont,95,CA Plaine Vallée,Generalistes (APL),1.87,2.36,-20.8
95203,Eaubonne,95,CA Val Parisis,Generalistes (APL),2.27,2.36,-4.1
95205,Écouen,95,CA Roissy Pays de France,Generalistes (APL),1.84,2.36,-21.9
95210,Enghien-les-Bains,95,CA Plaine Vallée,Generalistes (APL),1.9,2.36,-19.7
95211,Ennery,95,CC Sausseron Impressionnistes,Generalistes (APL),2.01,2.36,-14.9
95212,Épiais-lès-Louvres,95,CA Roissy Pays de France,Generalistes (APL),2.76,2.36,16.9
95213,Épiais-Rhus,95,CC Sausseron Impressionnistes,Generalistes (APL),1.34,2.36,-43.2
95214,Épinay-Champlâtreux,95,CC Carnelle Pays-de-France,Generalistes (APL),4.07,2.36,72.4
95218,Éragny-sur-Oise,95,CA de Cergy-Pontoise,Generalistes (APL),3.35,2.36,41.9
95219,Ermont,95,CA Val Parisis,Generalistes (APL),2.76,2.36,16.9
95229,Ézanville,95,CA Plaine Vallée,Generalistes (APL),1.52,2.36,-35.6
95241,Fontenay-en-Parisis,95,CA Roissy Pays de France,Generalistes (APL),3.74,2.36,58.2
95250,Fosses,95,CA Roissy Pays de France,Generalistes (APL),1.87,2.36,-20.8
95252,Franconville,95,CA Val Parisis,Generalistes (APL),2.5,2.36,5.8
95253,Frémainville,95,CC Vexin Centre,Generalistes (APL),2.54,2.36,7.4
95254,Frémécourt,95,CC Vexin Centre,Generalistes (APL),1.55,2.36,-34.3
95256,Frépillon,95,CA Val Parisis,Generalistes (APL),4.2,2.36,77.8
95257,La Frette-sur-Seine,95,CA Val Parisis,Generalistes (APL),2.63,2.36,11.5
95258,Frouville,95,CC Sausseron Impressionnistes,Generalistes (APL),1.3,2.36,-44.8
95268,Garges-lès-Gonesse,95,CA Roissy Pays de France,Generalistes (APL),2.15,2.36,-9.0
95270,Genainville,95,CC du Vexin-Val de Seine,Generalistes (APL),1.53,2.36,-35.3
95271,Génicourt,95,CC Sausseron Impressionnistes,Generalistes (APL),1.97,2.36,-16.5
95277,Gonesse,95,CA Roissy Pays de France,Generalistes (APL),3.03,2.36,28.2
95280,Goussainville,95,CA Roissy Pays de France,Generalistes (APL),1.74,2.36,-26.5
95287,Grisy-les-Plâtres,95,CC Vexin Centre,Generalistes (APL),1.4,2.36,-40.6
95288,Groslay,95,CA Plaine Vallée,Generalistes (APL),2.69,2.36,13.8
95295,Guiry-en-Vexin,95,CC Vexin Centre,Generalistes (APL),1.38,2.36,-41.6
95298,Haravilliers,95,CC Vexin Centre,Generalistes (APL),1.11,2.36,-53.2
95301,Haute-Isle,95,CC du Vexin-Val de Seine,Generalistes (APL),1.11,2.36,-53.1
95303,Le Heaulme,95,CC Vexin Centre,Generalistes (APL),1.03,2.36,-56.3
95304,Hédouville,95,CC Sausseron Impressionnistes,Generalistes (APL),1.54,2.36,-34.8
95306,Herblay-sur-Seine,95,CA Val Parisis,Generalistes (APL),2.27,2.36,-4.0
95308,Hérouville-en-Vexin,95,CC Sausseron Impressionnistes,Generalistes (APL),1.96,2.36,-17.1
95309,Hodent,95,CC du Vexin-Val de Seine,Generalistes (APL),1.81,2.36,-23.3
95313,L'Isle-Adam,95,CC de la Vallée de l'Oise et des Trois Forêts,Generalistes (APL),2.37,2.36,0.3
95316,Jagny-sous-Bois,95,CC Carnelle Pays-de-France,Generalistes (APL),2.43,2.36,3.1
95323,Jouy-le-Moutier,95,CA de Cergy-Pontoise,Generalistes (APL),2.17,2.36,-8.1
95328,Labbeville,95,CC Sausseron Impressionnistes,Generalistes (APL),1.74,2.36,-26.2
95331,Lassy,95,CC Carnelle Pays-de-France,Generalistes (APL),2.81,2.36,19.0
95341,Livilliers,95,CC Sausseron Impressionnistes,Generalistes (APL),2.07,2.36,-12.4
95348,Longuesse,95,CC Vexin Centre,Generalistes (APL),2.31,2.36,-2.3
95351,Louvres,95,CA Roissy Pays de France,Generalistes (APL),2.05,2.36,-13.2
95352,Luzarches,95,CC Carnelle Pays-de-France,Generalistes (APL),2.83,2.36,19.9
95353,Maffliers,95,CC Carnelle Pays-de-France,Generalistes (APL),2.43,2.36,2.8
95355,Magny-en-Vexin,95,CC du Vexin-Val de Seine,Generalistes (APL),1.78,2.36,-24.6
95365,Mareil-en-France,95,CC Carnelle Pays-de-France,Generalistes (APL),3.09,2.36,30.7
95369,Margency,95,CA Plaine Vallée,Generalistes (APL),2.72,2.36,15.2
95370,Marines,95,CC Vexin Centre,Generalistes (APL),1.15,2.36,-51.4
95371,Marly-la-Ville,95,CA Roissy Pays de France,Generalistes (APL),2.32,2.36,-1.9
95379,Maudétour-en-Vexin,95,CC du Vexin-Val de Seine,Generalistes (APL),1.25,2.36,-47.2
95387,Menouville,95,CC Sausseron Impressionnistes,Generalistes (APL),1.22,2.36,-48.6
95388,Menucourt,95,CA de Cergy-Pontoise,Generalistes (APL),2.58,2.36,9.2
95392,Mériel,95,CC de la Vallée de l'Oise et des Trois Forêts,Generalistes (APL),2.72,2.36,15.3
95394,Méry-sur-Oise,95,CC de la Vallée de l'Oise et des Trois Forêts,Generalistes (APL),3.53,2.36,49.5
95395,Le Mesnil-Aubry,95,CA Roissy Pays de France,Generalistes (APL),3.71,2.36,56.9
95409,Moisselles,95,CA Plaine Vallée,Generalistes (APL),3.92,2.36,65.9
95422,Montgeroult,95,CC Vexin Centre,Generalistes (APL),2.67,2.36,13.3
95424,Montigny-lès-Cormeilles,95,CA Val Parisis,Generalistes (APL),4.26,2.36,80.2
95426,Montlignon,95,CA Plaine Vallée,Generalistes (APL),2.3,2.36,-2.7
95427,Montmagny,95,CA Plaine Vallée,Generalistes (APL),2.3,2.36,-2.5
95428,Montmorency,95,CA Plaine Vallée,Generalistes (APL),2.41,2.36,1.9
95429,Montreuil-sur-Epte,95,CC du Vexin-Val de Seine,Generalistes (APL),1.6,2.36,-32.3
95430,Montsoult,95,CC Carnelle Pays-de-France,Generalistes (APL),2.36,2.36,-0.2
95436,Mours,95,CC du Haut Val d'Oise,Generalistes (APL),2.91,2.36,23.1
95438,Moussy,95,CC Vexin Centre,Generalistes (APL),1.79,2.36,-24.2
95445,Nerville-la-Forêt,95,CC de la Vallée de l'Oise et des Trois Forêts,Generalistes (APL),2.92,2.36,23.6
95446,Nesles-la-Vallée,95,CC Sausseron Impressionnistes,Generalistes (APL),1.95,2.36,-17.3
95447,Neuilly-en-Vexin,95,CC Vexin Centre,Generalistes (APL),1.04,2.36,-55.8
95450,Neuville-sur-Oise,95,CA de Cergy-Pontoise,Generalistes (APL),3.02,2.36,28.0
95452,Nointel,95,CC du Haut Val d'Oise,Generalistes (APL),2.11,2.36,-10.7
95456,Noisy-sur-Oise,95,CC du Haut Val d'Oise,Generalistes (APL),2.47,2.36,4.5
95459,Nucourt,95,CC Vexin Centre,Generalistes (APL),2.16,2.36,-8.5
95462,Omerville,95,CC du Vexin-Val de Seine,Generalistes (APL),1.6,2.36,-32.3
95476,Osny,95,CA de Cergy-Pontoise,Generalistes (APL),2.89,2.36,22.3
95480,Parmain,95,CC de la Vallée de l'Oise et des Trois Forêts,Generalistes (APL),2.26,2.36,-4.4
95483,Le Perchay,95,CC Vexin Centre,Generalistes (APL),2.35,2.36,-0.5
95487,Persan,95,CC du Haut Val d'Oise,Generalistes (APL),2.55,2.36,8.1
95488,Pierrelaye,95,CA Val Parisis,Generalistes (APL),4.21,2.36,78.2
95489,Piscop,95,CA Plaine Vallée,Generalistes (APL),2.97,2.36,25.9
95491,Le Plessis-Bouchard,95,CA Val Parisis,Generalistes (APL),2.77,2.36,17.3
95492,Le Plessis-Gassot,95,CA Roissy Pays de France,Generalistes (APL),3.38,2.36,43.2
95493,Le Plessis-Luzarches,95,CC Carnelle Pays-de-France,Generalistes (APL),2.83,2.36,19.8
95500,Pontoise,95,CA de Cergy-Pontoise,Generalistes (APL),1.67,2.36,-29.2
95504,Presles,95,CC de la Vallée de l'Oise et des Trois Forêts,Generalistes (APL),2.38,2.36,0.9
95509,Puiseux-en-France,95,CA Roissy Pays de France,Generalistes (APL),1.86,2.36,-21.4
95510,Puiseux-Pontoise,95,CA de Cergy-Pontoise,Generalistes (APL),3.22,2.36,36.2
95523,La Roche-Guyon,95,CC du Vexin-Val de Seine,Generalistes (APL),1.87,2.36,-20.7
95527,Roissy-en-France,95,CA Roissy Pays de France,Generalistes (APL),3.04,2.36,28.6
95529,Ronquerolles,95,CC du Haut Val d'Oise,Generalistes (APL),2.24,2.36,-5.3
95535,Sagy,95,CC Vexin Centre,Generalistes (APL),2.76,2.36,16.7
95539,Saint-Brice-sous-Forêt,95,CA Plaine Vallée,Generalistes (APL),2.67,2.36,12.9
95541,Saint-Clair-sur-Epte,95,CC du Vexin-Val de Seine,Generalistes (APL),2.28,2.36,-3.6
95543,Saint-Cyr-en-Arthies,95,CC du Vexin-Val de Seine,Generalistes (APL),1.72,2.36,-27.0
95554,Saint-Gervais,95,CC du Vexin-Val de Seine,Generalistes (APL),1.86,2.36,-21.1
95555,Saint-Gratien,95,CA Plaine Vallée,Generalistes (APL),2.52,2.36,6.6
95563,Saint-Leu-la-Forêt,95,CA Val Parisis,Generalistes (APL),2.17,2.36,-8.3
95566,Saint-Martin-du-Tertre,95,CC Carnelle Pays-de-France,Generalistes (APL),1.49,2.36,-37.1
95572,Saint-Ouen-l'Aumône,95,CA de Cergy-Pontoise,Generalistes (APL),3.4,2.36,43.9
95574,Saint-Prix,95,CA Plaine Vallée,Generalistes (APL),3.19,2.36,34.9
95580,Saint-Witz,95,CA Roissy Pays de France,Generalistes (APL),1.93,2.36,-18.4
95582,Sannois,95,CA Val Parisis,Generalistes (APL),2.41,2.36,2.2
95584,Santeuil,95,CC Vexin Centre,Generalistes (APL),1.85,2.36,-21.5
95585,Sarcelles,95,CA Roissy Pays de France,Generalistes (APL),2.3,2.36,-2.6
95592,Seraincourt,95,CC Vexin Centre,Generalistes (APL),2.48,2.36,5.1
95594,Seugy,95,CC Carnelle Pays-de-France,Generalistes (APL),2.45,2.36,3.6
95598,Soisy-sous-Montmorency,95,CA Plaine Vallée,Generalistes (APL),2.48,2.36,4.9
95604,Survilliers,95,CA Roissy Pays de France,Generalistes (APL),2.44,2.36,3.3
95607,Taverny,95,CA Val Parisis,Generalistes (APL),2.31,2.36,-2.0
95610,Théméricourt,95,CC Vexin Centre,Generalistes (APL),2.43,2.36,2.8
95611,Theuville,95,CC Vexin Centre,Generalistes (APL),1.09,2.36,-53.9
95612,Le Thillay,95,CA Roissy Pays de France,Generalistes (APL),2.71,2.36,14.7
95625,Us,95,CC Vexin Centre,Generalistes (APL),2.01,2.36,-14.8
95627,Vallangoujard,95,CC Sausseron Impressionnistes,Generalistes (APL),1.64,2.36,-30.6
95628,Valmondois,95,CC Sausseron Impressionnistes,Generalistes (APL),1.49,2.36,-37.1
95633,Vaudherland,95,CA Roissy Pays de France,Generalistes (APL),3.23,2.36,37.0
95637,Vauréal,95,CA de Cergy-Pontoise,Generalistes (APL),1.69,2.36,-28.7
95641,Vémars,95,CA Roissy Pays de France,Generalistes (APL),2.42,2.36,2.3
95651,Vétheuil,95,CC du Vexin-Val de Seine,Generalistes (APL),1.72,2.36,-27.3
95652,Viarmes,95,CC Carnelle Pays-de-France,Generalistes (APL),2.71,2.36,14.9
95656,Vienne-en-Arthies,95,CC du Vexin-Val de Seine,Generalistes (APL),1.22,2.36,-48.4
95658,Vigny,95,CC Vexin Centre,Generalistes (APL),2.02,2.36,-14.3
95660,Villaines-sous-Bois,95,CC Carnelle Pays-de-France,Generalistes (APL),3.8,2.36,60.9
95675,Villeron,95,CA Roissy Pays de France,Generalistes (APL),1.87,2.36,-20.9
95676,Villers-en-Arthies,95,CC du Vexin-Val de Seine,Generalistes (APL),1.52,2.36,-35.5
95678,Villiers-Adam,95,CC de la Vallée de l'Oise et des Trois Forêts,Generalistes (APL),3.79,2.36,60.4
95680,Villiers-le-Bel,95,CA Roissy Pays de France,Generalistes (APL),2.05,2.36,-13.2
95682,Villiers-le-Sec,95,CC Carnelle Pays-de-France,Generalistes (APL),4.59,2.36,94.4
95690,Wy-dit-Joli-Village,95,CC du Vexin-Val de Seine,Generalistes (APL),1.4,2.36,-40.7
